id,x,y,z,width,depth,height,floor_count,density,type,roof,is_tower,macro_x,macro_y,micro_x,micro_y,footprint_cells_x,footprint_cells_y,source_cell_count
1,0.9167,19.9167,0.371,0.1533,0.1533,0.42,3,low,house,gable,False,0,19,5,5,1,1,1
2,0.5,21.0833,0.327,0.3067,0.1533,0.42,3,low,house,gable,False,0,21,2,0,2,1,2
3,0.5833,21.25,0.34,0.1533,0.1533,0.28,2,low,house,gable,False,0,21,3,1,1,1,1
4,0.75,21.75,0.367,0.1533,0.46,0.28,2,low,house,hip,False,0,21,4,3,1,3,3
5,0.5,21.75,0.335,0.3067,0.1533,0.28,2,low,house,gable,False,0,21,2,4,2,1,2
6,0.9167,21.75,0.388,0.1533,0.1533,0.42,3,low,house,gable,False,0,21,5,4,1,1,1
7,0.4167,21.9167,0.327,0.1533,0.1533,0.14,1,low,house,gable,False,0,21,2,5,1,1,1
8,0.25,23.0833,0.32,0.46,0.1533,0.28,2,low,house,gable,False,0,23,0,0,3,1,3
9,0.6667,23.1667,0.368,0.3067,0.3067,0.28,2,low,house,gable,False,0,23,3,0,2,2,4
10,0.0833,23.3333,0.303,0.1533,0.3067,0.42,3,low,house,hip,False,0,23,0,1,1,2,2
11,0.3333,23.4167,0.332,0.3067,0.1533,0.28,2,low,house,gable,False,0,23,1,2,2,1,2
12,0.75,23.4167,0.379,0.1533,0.1533,0.42,3,low,house,gable,False,0,23,4,2,1,1,1
13,0.5833,23.5833,0.361,0.1533,0.1533,0.42,3,low,house,gable,False,0,23,3,3,1,1,1
14,0.8333,24.8333,0.392,0.3067,0.3067,0.28,2,low,house,gable,False,0,24,4,4,2,2,4
15,0.25,26.25,0.331,0.1533,0.46,0.42,3,low,house,hip,False,0,26,1,0,1,3,3
16,0.4167,26.0833,0.348,0.1533,0.1533,0.14,1,low,house,gable,False,0,26,2,0,1,1,1
17,0.0833,26.4167,0.315,0.1533,0.1533,0.14,1,low,house,gable,False,0,26,0,2,1,1,1
18,0.4167,26.75,0.343,0.1533,0.46,0.42,3,low,house,hip,False,0,26,2,3,1,3,3
19,0.25,26.75,0.328,0.1533,0.1533,0.28,2,low,house,gable,False,0,26,1,4,1,1,1
20,0.5833,26.75,0.359,0.1533,0.1533,0.14,1,low,house,gable,False,0,26,3,4,1,1,1
21,0.1667,27.25,0.316,0.3067,0.1533,0.42,3,low,house,gable,False,0,27,0,1,2,1,2
22,0.0833,27.4167,0.307,0.1533,0.1533,0.42,3,low,house,gable,False,0,27,0,2,1,1,1
23,0.4167,27.5,0.335,0.1533,0.3067,0.42,3,low,house,hip,False,0,27,2,2,1,2,2
24,0.25,27.75,0.318,0.1533,0.46,0.42,3,low,house,hip,False,0,27,1,3,1,3,3
25,0.8333,27.75,0.368,0.3067,0.1533,0.14,1,low,house,gable,False,0,27,4,4,2,1,2
26,0.5,27.9167,0.337,0.3067,0.1533,0.42,3,low,house,gable,False,0,27,2,5,2,1,2
27,0.9167,27.9167,0.372,0.1533,0.1533,0.42,3,low,house,gable,False,0,27,5,5,1,1,1
28,1.5833,17.1667,0.452,0.1533,0.3067,0.28,2,low,house,hip,False,1,17,3,0,1,2,2
29,1.75,17.3333,0.48,0.1533,0.3067,0.28,2,low,house,hip,False,1,17,4,1,1,2,2
30,1.4167,18.5,0.433,0.1533,0.3067,0.42,3,low,house,hip,False,1,18,2,2,1,2,2
31,1.25,18.5833,0.408,0.1533,0.1533,0.28,2,low,house,gable,False,1,18,1,3,1,1,1
32,1.5833,18.5833,0.459,0.1533,0.1533,0.42,3,low,house,gable,False,1,18,3,3,1,1,1
33,1.8333,20.8333,0.505,0.3067,0.3067,0.42,3,low,house,gable,False,1,20,4,4,2,2,4
34,1.5833,20.9167,0.471,0.1533,0.1533,0.14,1,low,house,gable,False,1,20,3,5,1,1,1
35,1.25,21.25,0.428,0.1533,0.46,0.42,3,low,house,hip,False,1,21,1,0,1,3,3
36,1.4167,21.25,0.45,0.1533,0.1533,0.28,2,low,house,gable,False,1,21,2,1,1,1,1
37,1.0833,21.5,0.407,0.1533,0.3067,0.42,3,low,house,hip,False,1,21,0,2,1,2,2
38,1.25,22.5833,0.435,0.1533,0.46,0.28,2,low,house,hip,False,1,22,1,2,1,3,3
39,1.0833,22.5833,0.414,0.1533,0.1533,0.14,1,low,house,gable,False,1,22,0,3,1,1,1
40,1.5833,23.3333,0.476,0.46,0.3067,0.42,3,low,house,gable,False,1,23,2,1,3,2,6
41,1.5833,23.5833,0.476,0.1533,0.1533,0.42,3,low,house,gable,False,1,23,3,3,1,1,1
42,1.5833,24.75,0.471,0.1533,0.46,0.28,2,low,house,hip,False,1,24,3,3,1,3,3
43,1.4167,24.75,0.454,0.1533,0.1533,0.42,3,low,house,gable,False,1,24,2,4,1,1,1
44,1.5,25.1667,0.46,0.3067,0.3067,0.42,3,low,house,gable,False,1,25,2,0,2,2,4
45,1.25,25.25,0.434,0.1533,0.1533,0.42,3,low,house,gable,False,1,25,1,1,1,1,1
46,1.5833,25.4167,0.467,0.1533,0.1533,0.14,1,low,house,gable,False,1,25,3,2,1,1,1
47,1.25,25.6667,0.431,0.1533,0.3067,0.42,3,low,house,hip,False,1,25,1,3,1,2,2
48,1.0833,25.8333,0.414,0.1533,0.3067,0.28,2,low,house,hip,False,1,25,0,4,1,2,2
49,1.4167,25.75,0.447,0.1533,0.1533,0.14,1,low,house,gable,False,1,25,2,4,1,1,1
50,1.4167,26.5833,0.438,0.46,0.1533,0.42,3,low,house,gable,False,1,26,1,3,3,1,3
51,1.4167,26.75,0.435,0.1533,0.1533,0.42,3,low,house,gable,False,1,26,2,4,1,1,1
52,2.75,4.5833,0.583,0.1533,0.46,0.42,3,low,house,hip,False,2,4,4,2,1,3,3
53,2.5833,4.75,0.567,0.1533,0.46,0.28,2,low,house,hip,False,2,4,3,3,1,3,3
54,2.9167,4.6667,0.602,0.1533,0.3067,0.42,3,low,house,hip,False,2,4,5,3,1,2,2
55,2.25,4.75,0.531,0.46,0.1533,0.42,3,low,house,gable,False,2,4,0,4,3,1,3
56,2.0833,4.9167,0.514,0.1533,0.1533,0.42,3,low,house,gable,False,2,4,0,5,1,1,1
57,2.4167,4.9167,0.55,0.1533,0.1533,0.14,1,low,house,gable,False,2,4,2,5,1,1,1
58,2.25,6.1667,0.539,0.1533,0.3067,0.42,3,low,house,hip,False,2,6,1,0,1,2,2
59,2.5833,6.1667,0.579,0.1533,0.3067,0.42,3,low,house,hip,False,2,6,3,0,1,2,2
60,2.4167,6.4167,0.56,0.1533,0.46,0.28,2,low,house,hip,False,2,6,2,1,1,3,3
61,2.3333,6.8333,0.552,0.3067,0.3067,0.42,3,low,house,gable,False,2,6,1,4,2,2,4
62,2.5833,6.75,0.583,0.1533,0.1533,0.42,3,low,house,gable,False,2,6,3,4,1,1,1
63,2.4167,7.25,0.564,0.1533,0.46,0.28,2,low,house,hip,False,2,7,2,0,1,3,3
64,2.25,7.25,0.542,0.1533,0.1533,0.28,2,low,house,gable,False,2,7,1,1,1,1,1
65,2.5833,7.75,0.589,0.1533,0.46,0.42,3,low,house,hip,False,2,7,3,3,1,3,3
66,2.4167,7.8333,0.566,0.1533,0.3067,0.28,2,low,house,hip,False,2,7,2,4,1,2,2
67,2.0833,8.5833,0.521,0.1533,0.46,0.42,3,low,house,hip,False,2,8,0,2,1,3,3
68,2.25,8.5833,0.545,0.1533,0.1533,0.28,2,low,house,gable,False,2,8,1,3,1,1,1
69,2.25,9.25,0.546,0.1533,0.46,0.42,3,low,house,hip,False,2,9,1,0,1,3,3
70,2.0833,9.3333,0.521,0.1533,0.3067,0.42,3,low,house,hip,False,2,9,0,1,1,2,2
71,2.75,9.3333,0.621,0.46,0.3067,0.42,3,low,house,gable,False,2,9,3,1,3,2,6
72,2.4167,9.4167,0.571,0.1533,0.1533,0.42,3,low,house,gable,False,2,9,2,2,1,1,1
73,2.5833,9.5833,0.597,0.1533,0.1533,0.28,2,low,house,gable,False,2,9,3,3,1,1,1
74,2.4167,10.1667,0.574,0.46,0.3067,0.28,2,low,house,gable,False,2,10,1,0,3,2,6
75,2.0833,10.25,0.522,0.1533,0.1533,0.14,1,low,house,gable,False,2,10,0,1,1,1,1
76,2.4167,10.5833,0.575,0.1533,0.46,0.42,3,low,house,hip,False,2,10,2,2,1,3,3
77,2.25,10.8333,0.549,0.1533,0.3067,0.42,3,low,house,hip,False,2,10,1,4,1,2,2
78,2.5833,10.8333,0.602,0.1533,0.3067,0.28,2,low,house,hip,False,2,10,3,4,1,2,2
79,2.4167,10.9167,0.576,0.1533,0.1533,0.42,3,low,house,gable,False,2,10,2,5,1,1,1
80,2.0833,11.0833,0.522,0.1533,0.1533,0.56,4,medium,house,gable,False,2,11,0,0,1,1,1
81,2.75,11.25,0.631,0.1533,0.46,0.56,4,medium,house,hip,False,2,11,4,0,1,3,3
82,2.9167,11.0833,0.657,0.1533,0.1533,0.42,3,medium,house,gable,False,2,11,5,0,1,1,1
83,2.5833,11.5833,0.605,0.1533,0.46,0.56,4,medium,house,hip,False,2,11,3,2,1,3,3
84,2.0833,11.75,0.523,0.1533,0.46,0.56,4,medium,house,hip,False,2,11,0,3,1,3,3
85,2.25,11.5833,0.55,0.1533,0.1533,0.56,4,medium,house,gable,False,2,11,1,3,1,1,1
86,2.9167,11.75,0.661,0.1533,0.46,0.56,4,medium,house,hip,False,2,11,5,3,1,3,3
87,2.25,11.9167,0.551,0.1533,0.1533,0.56,4,medium,house,gable,False,2,11,1,5,1,1,1
88,2.6667,11.9167,0.62,0.3067,0.1533,0.42,3,medium,house,gable,False,2,11,3,5,2,1,2
89,2.9167,12.5833,0.665,0.1533,0.46,0.42,3,low,house,hip,False,2,12,5,2,1,3,3
90,2.4167,12.5833,0.58,0.46,0.1533,0.28,2,low,house,gable,False,2,12,1,3,3,1,3
91,2.75,12.5833,0.637,0.1533,0.1533,0.14,1,low,house,gable,False,2,12,4,3,1,1,1
92,2.1667,12.8333,0.539,0.3067,0.3067,0.42,3,low,house,gable,False,2,12,0,4,2,2,4
93,2.5833,12.75,0.609,0.1533,0.1533,0.14,1,low,house,gable,False,2,12,3,4,1,1,1
94,2.4167,12.9167,0.581,0.1533,0.1533,0.28,2,low,house,gable,False,2,12,2,5,1,1,1
95,2.75,12.9167,0.638,0.1533,0.1533,0.14,1,low,house,gable,False,2,12,4,5,1,1,1
96,2.75,14.0833,0.641,0.46,0.1533,0.42,3,medium,house,gable,False,2,14,3,0,3,1,3
97,2.25,14.25,0.556,0.1533,0.1533,0.28,2,medium,house,gable,False,2,14,1,1,1,1,1
98,2.75,14.4167,0.642,0.1533,0.46,0.42,3,medium,house,hip,False,2,14,4,1,1,3,3
99,2.9167,14.5833,0.671,0.1533,0.46,0.56,4,medium,house,hip,False,2,14,5,2,1,3,3
100,2.4167,14.75,0.585,0.1533,0.46,0.56,4,medium,house,hip,False,2,14,2,3,1,3,3
101,2.5833,14.5833,0.614,0.1533,0.1533,0.56,4,medium,house,gable,False,2,14,3,3,1,1,1
102,2.0833,14.75,0.528,0.1533,0.1533,0.42,3,medium,house,gable,False,2,14,0,4,1,1,1
103,2.75,14.8333,0.643,0.1533,0.3067,0.56,4,medium,house,hip,False,2,14,4,4,1,2,2
104,2.25,14.9167,0.557,0.1533,0.1533,0.42,3,medium,house,gable,False,2,14,1,5,1,1,1
105,2.5833,14.9167,0.614,0.1533,0.1533,0.42,3,medium,house,gable,False,2,14,3,5,1,1,1
106,2.1667,16.25,0.546,0.3067,0.46,0.42,3,low,house,hip,False,2,16,0,0,2,3,6
107,2.1667,17.0833,0.547,0.3067,0.1533,0.42,3,low,house,gable,False,2,17,0,0,2,1,2
108,2.0833,17.25,0.534,0.1533,0.1533,0.14,1,low,house,gable,False,2,17,0,1,1,1,1
109,2.3333,18.1667,0.576,0.3067,0.3067,0.42,3,low,house,gable,False,2,18,1,0,2,2,4
110,2.0833,18.3333,0.537,0.1533,0.3067,0.14,1,low,house,hip,False,2,18,0,1,1,2,2
111,2.5833,18.25,0.616,0.1533,0.1533,0.42,3,low,house,gable,False,2,18,3,1,1,1,1
112,2.25,18.4167,0.563,0.1533,0.1533,0.28,2,low,house,gable,False,2,18,1,2,1,1,1
113,2.5,18.8333,0.602,0.3067,0.3067,0.42,3,low,house,gable,False,2,18,2,4,2,2,4
114,2.8333,19.8333,0.65,0.3067,0.3067,0.42,3,low,house,gable,False,2,19,4,4,2,2,4
115,2.3333,20.5833,0.575,0.3067,0.1533,0.28,2,low,house,gable,False,2,20,1,3,2,1,2
116,2.8333,20.5833,0.646,0.3067,0.1533,0.42,3,low,house,gable,False,2,20,4,3,2,1,2
117,2.5833,20.75,0.61,0.46,0.1533,0.28,2,low,house,gable,False,2,20,2,4,3,1,3
118,2.5833,20.9167,0.61,0.1533,0.1533,0.42,3,low,house,gable,False,2,20,3,5,1,1,1
119,2.9167,21.3333,0.653,0.1533,0.3067,0.42,3,low,house,hip,False,2,21,5,1,1,2,2
120,2.75,21.5,0.629,0.1533,0.3067,0.42,3,low,house,hip,False,2,21,4,2,1,2,2
121,2.25,22.0833,0.56,0.1533,0.1533,0.14,1,low,house,gable,False,2,22,1,0,1,1,1
122,2.5833,22.25,0.602,0.1533,0.46,0.42,3,low,house,hip,False,2,22,3,0,1,3,3
123,2.4167,22.25,0.581,0.1533,0.1533,0.14,1,low,house,gable,False,2,22,2,1,1,1,1
124,2.75,22.25,0.623,0.1533,0.1533,0.28,2,low,house,gable,False,2,22,4,1,1,1,1
125,2.25,22.4167,0.559,0.1533,0.1533,0.42,3,low,house,gable,False,2,22,1,2,1,1,1
126,2.8333,23.5833,0.62,0.3067,0.1533,0.14,1,low,house,gable,False,2,23,4,3,2,1,2
127,2.9167,23.75,0.627,0.1533,0.1533,0.14,1,low,house,gable,False,2,23,5,4,1,1,1
128,2.4167,25.75,0.545,0.46,0.1533,0.42,3,low,house,gable,False,2,25,1,4,3,1,3
129,2.5,25.9167,0.55,0.3067,0.1533,0.42,3,low,house,gable,False,2,25,2,5,2,1,2
130,2.1667,26.1667,0.514,0.3067,0.3067,0.28,2,low,house,gable,False,2,26,0,0,2,2,4
131,2.25,26.5833,0.515,0.1533,0.46,0.42,3,low,house,hip,False,2,26,1,2,1,3,3
132,2.4167,26.5833,0.53,0.1533,0.1533,0.28,2,low,house,gable,False,2,26,2,3,1,1,1
133,2.25,27.25,0.501,0.1533,0.46,0.42,3,low,house,hip,False,2,27,1,0,1,3,3
134,2.4167,27.0833,0.519,0.1533,0.1533,0.14,1,low,house,gable,False,2,27,2,0,1,1,1
135,2.0833,27.5,0.481,0.1533,0.3067,0.28,2,low,house,hip,False,2,27,0,2,1,2,2
136,2.4167,27.4167,0.511,0.1533,0.1533,0.42,3,low,house,gable,False,2,27,2,2,1,1,1
137,2.25,27.6667,0.491,0.1533,0.3067,0.28,2,low,house,hip,False,2,27,1,3,1,2,2
138,2.9167,28.8333,0.509,0.1533,0.3067,0.42,3,low,house,hip,False,2,28,5,4,1,2,2
139,2.5833,28.9167,0.481,0.46,0.1533,0.28,2,low,house,gable,False,2,28,2,5,3,1,3
140,3.75,4.25,0.68,0.1533,0.46,0.42,3,low,house,hip,False,3,4,4,0,1,3,3
141,3.9167,4.0833,0.692,0.1533,0.1533,0.14,1,low,house,gable,False,3,4,5,0,1,1,1
142,3.5833,4.3333,0.665,0.1533,0.3067,0.28,2,low,house,hip,False,3,4,3,1,1,2,2
143,3.9167,4.4167,0.7,0.1533,0.1533,0.42,3,low,house,gable,False,3,4,5,2,1,1,1
144,3.5,6.5833,0.696,0.3067,0.1533,0.28,2,low,house,gable,False,3,6,2,3,2,1,2
145,3.4167,6.75,0.688,0.1533,0.1533,0.42,3,low,house,gable,False,3,6,2,4,1,1,1
146,3.9167,7.25,0.759,0.1533,0.46,0.28,2,low,house,hip,False,3,7,5,0,1,3,3
147,3.75,7.4167,0.74,0.1533,0.46,0.42,3,low,house,hip,False,3,7,4,1,1,3,3
148,3.5833,7.4167,0.719,0.1533,0.1533,0.14,1,low,house,gable,False,3,7,3,2,1,1,1
149,3.25,9.0833,0.693,0.46,0.1533,0.56,4,medium,house,gable,False,3,9,0,0,3,1,3
150,3.6667,9.1667,0.756,0.3067,0.3067,0.42,3,medium,house,gable,False,3,9,3,0,2,2,4
151,3.9167,9.0833,0.791,0.1533,0.1533,0.42,3,medium,house,gable,False,3,9,5,0,1,1,1
152,3.0833,9.3333,0.671,0.1533,0.3067,0.42,3,medium,house,hip,False,3,9,0,1,1,2,2
153,3.3333,9.4167,0.709,0.3067,0.1533,0.42,3,medium,house,gable,False,3,9,1,2,2,1,2
154,3.9167,9.4167,0.796,0.1533,0.1533,0.42,3,medium,house,gable,False,3,9,5,2,1,1,1
155,3.75,9.6667,0.775,0.1533,0.3067,0.56,4,medium,house,hip,False,3,9,4,3,1,2,2
156,3.1667,9.8333,0.688,0.3067,0.3067,0.56,4,medium,house,gable,False,3,9,0,4,2,2,4
157,3.9167,9.8333,0.802,0.1533,0.3067,0.56,4,medium,house,hip,False,3,9,5,4,1,2,2
158,3.25,10.0833,0.703,0.46,0.1533,0.56,4,medium,house,gable,False,3,10,0,0,3,1,3
159,3.6667,10.0833,0.768,0.3067,0.1533,0.56,4,medium,house,gable,False,3,10,3,0,2,1,2
160,3.25,10.25,0.704,0.1533,0.1533,0.42,3,medium,house,gable,False,3,10,1,1,1,1,1
161,3.5833,10.25,0.757,0.1533,0.1533,0.42,3,medium,house,gable,False,3,10,3,1,1,1,1
162,3.0833,10.5,0.68,0.1533,0.3067,0.42,3,medium,house,hip,False,3,10,0,2,1,2,2
163,3.4167,10.4167,0.732,0.1533,0.1533,0.42,3,medium,house,gable,False,3,10,2,2,1,1,1
164,3.4167,10.75,0.735,0.46,0.1533,0.28,2,medium,house,gable,False,3,10,1,4,3,1,3
165,3.8333,10.8333,0.803,0.3067,0.3067,0.56,4,medium,house,gable,False,3,10,4,4,2,2,4
166,3.0833,10.9167,0.683,0.1533,0.1533,0.56,4,medium,house,gable,False,3,10,0,5,1,1,1
167,3.5,10.9167,0.75,0.3067,0.1533,0.56,4,medium,house,gable,False,3,10,2,5,2,1,2
168,3.25,11.25,0.713,0.1533,0.46,0.56,4,medium,house,hip,False,3,11,1,0,1,3,3
169,3.75,11.1667,0.793,0.46,0.3067,0.56,4,medium,house,gable,False,3,11,3,0,3,2,6
170,3.0833,11.3333,0.686,0.1533,0.3067,0.42,3,medium,house,hip,False,3,11,0,1,1,2,2
171,3.5,11.4167,0.755,0.3067,0.1533,0.56,4,medium,house,gable,False,3,11,2,2,2,1,2
172,3.25,11.5833,0.715,0.1533,0.1533,0.56,4,medium,house,gable,False,3,11,1,3,1,1,1
173,3.0833,11.8333,0.689,0.1533,0.3067,0.56,4,medium,house,hip,False,3,11,0,4,1,2,2
174,3.25,11.9167,0.717,0.1533,0.1533,0.56,4,medium,house,gable,False,3,11,1,5,1,1,1
175,3.1667,12.1667,0.705,0.3067,0.3067,0.56,4,medium,house,gable,False,3,12,0,0,2,2,4
176,3.4167,12.4167,0.749,0.1533,0.46,0.56,4,medium,house,hip,False,3,12,2,1,1,3,3
177,3.0833,12.5,0.693,0.1533,0.3067,0.56,4,medium,house,hip,False,3,12,0,2,1,2,2
178,3.5833,12.4167,0.777,0.1533,0.1533,0.28,2,medium,house,gable,False,3,12,3,2,1,1,1
179,3.25,12.6667,0.722,0.1533,0.3067,0.56,4,medium,house,hip,False,3,12,1,3,1,2,2
180,3.75,12.5833,0.806,0.1533,0.1533,0.28,2,medium,house,gable,False,3,12,4,3,1,1,1
181,3.5,12.75,0.765,0.3067,0.1533,0.28,2,medium,house,gable,False,3,12,2,4,2,1,2
182,3.4167,12.9167,0.752,0.1533,0.1533,0.28,2,medium,house,gable,False,3,12,2,5,1,1,1
183,3.25,13.0833,0.724,0.46,0.1533,0.84,6,high,house,gable,False,3,13,0,0,3,1,3
184,3.8333,13.1667,0.825,0.3067,0.3067,0.84,6,high,house,gable,False,3,13,4,0,2,2,4
185,3.0833,13.4167,0.697,0.1533,0.46,0.84,6,high,house,hip,False,3,13,0,1,1,3,3
186,3.4167,13.4167,0.754,0.1533,0.46,0.84,6,high,house,hip,False,3,13,2,1,1,3,3
187,3.5833,13.4167,0.783,0.1533,0.1533,0.56,4,high,house,gable,False,3,13,3,2,1,1,1
188,3.9167,13.5833,0.841,0.1533,0.46,0.84,6,high,house,hip,False,3,13,5,2,1,3,3
189,3.25,13.75,0.727,0.1533,0.46,0.84,6,high,house,hip,False,3,13,1,3,1,3,3
190,3.0833,13.75,0.698,0.1533,0.1533,0.56,4,high,house,gable,False,3,13,0,4,1,1,1
191,3.75,13.75,0.813,0.1533,0.1533,0.7,5,high,house,gable,False,3,13,4,4,1,1,1
192,3.4167,13.9167,0.756,0.1533,0.1533,0.84,6,high,house,gable,False,3,13,2,5,1,1,1
193,3.9167,13.9167,0.843,0.1533,0.1533,0.42,3,high,house,gable,False,3,13,5,5,1,1,1
194,3.1667,14.1667,0.714,0.3067,0.3067,0.42,3,medium,house,gable,False,3,14,0,0,2,2,4
195,3.5,14.3333,0.772,0.3067,0.3067,0.56,4,medium,house,gable,False,3,14,2,1,2,2,4
196,3.75,14.25,0.815,0.1533,0.1533,0.56,4,medium,house,gable,False,3,14,4,1,1,1,1
197,3.25,14.4167,0.729,0.1533,0.1533,0.42,3,medium,house,gable,False,3,14,1,2,1,1,1
198,3.6667,14.5833,0.802,0.3067,0.1533,0.28,2,medium,house,gable,False,3,14,3,3,2,1,2
199,3.4167,14.8333,0.759,0.1533,0.3067,0.56,4,medium,house,hip,False,3,14,2,4,1,2,2
200,3.9167,14.8333,0.845,0.1533,0.3067,0.56,4,medium,house,hip,False,3,14,5,4,1,2,2
201,3.25,14.9167,0.73,0.1533,0.1533,0.42,3,medium,house,gable,False,3,14,1,5,1,1,1
202,3.6667,14.9167,0.802,0.3067,0.1533,0.42,3,medium,house,gable,False,3,14,3,5,2,1,2
203,3.5833,15.5833,0.788,0.1533,0.46,0.42,3,low,house,hip,False,3,15,3,2,1,3,3
204,3.75,15.4167,0.817,0.1533,0.1533,0.14,1,low,house,gable,False,3,15,4,2,1,1,1
205,3.4167,15.6667,0.759,0.1533,0.3067,0.28,2,low,house,hip,False,3,15,2,3,1,2,2
206,3.0833,16.25,0.701,0.1533,0.46,0.28,2,low,house,hip,False,3,16,0,0,1,3,3
207,3.3333,16.25,0.744,0.3067,0.1533,0.42,3,low,house,gable,False,3,16,1,1,2,1,2
208,3.25,16.4167,0.729,0.1533,0.1533,0.28,2,low,house,gable,False,3,16,1,2,1,1,1
209,3.0833,16.5833,0.701,0.1533,0.1533,0.42,3,low,house,gable,False,3,16,0,3,1,1,1
210,3.5833,16.75,0.785,0.1533,0.46,0.42,3,low,house,hip,False,3,16,3,3,1,3,3
211,3.3333,16.75,0.743,0.3067,0.1533,0.14,1,low,house,gable,False,3,16,1,4,2,1,2
212,3.1667,16.9167,0.714,0.3067,0.1533,0.28,2,low,house,gable,False,3,16,0,5,2,1,2
213,3.25,17.1667,0.728,0.1533,0.3067,0.42,3,low,house,hip,False,3,17,1,0,1,2,2
214,3.0833,17.3333,0.699,0.1533,0.3067,0.28,2,low,house,hip,False,3,17,0,1,1,2,2
215,3.4167,17.3333,0.755,0.1533,0.3067,0.42,3,low,house,hip,False,3,17,2,1,1,2,2
216,3.8333,17.75,0.82,0.3067,0.1533,0.28,2,low,house,gable,False,3,17,4,4,2,1,2
217,3.9167,17.9167,0.832,0.1533,0.1533,0.42,3,low,house,gable,False,3,17,5,5,1,1,1
218,3.4167,18.25,0.75,0.1533,0.46,0.42,3,low,house,hip,False,3,18,2,0,1,3,3
219,3.25,18.4167,0.722,0.1533,0.46,0.28,2,low,house,hip,False,3,18,1,1,1,3,3
220,3.0833,18.5,0.695,0.1533,0.3067,0.14,1,low,house,hip,False,3,18,0,2,1,2,2
221,3.25,18.75,0.72,0.1533,0.1533,0.28,2,low,house,gable,False,3,18,1,4,1,1,1
222,3.25,19.5833,0.714,0.1533,0.46,0.42,3,low,house,hip,False,3,19,1,2,1,3,3
223,3.0833,19.5833,0.689,0.1533,0.1533,0.42,3,low,house,gable,False,3,19,0,3,1,1,1
224,3.5,19.5833,0.752,0.3067,0.1533,0.42,3,low,house,gable,False,3,19,2,3,2,1,2
225,3.4167,19.75,0.738,0.1533,0.1533,0.28,2,low,house,gable,False,3,19,2,4,1,1,1
226,3.1667,20.0833,0.698,0.3067,0.1533,0.28,2,low,house,gable,False,3,20,0,0,2,1,2
227,3.25,20.3333,0.708,0.1533,0.3067,0.28,2,low,house,hip,False,3,20,1,1,1,2,2
228,3.5833,20.4167,0.754,0.1533,0.46,0.42,3,low,house,hip,False,3,20,3,1,1,3,3
229,3.4167,20.4167,0.731,0.1533,0.1533,0.42,3,low,house,gable,False,3,20,2,2,1,1,1
230,3.5,20.75,0.738,0.3067,0.1533,0.42,3,low,house,gable,False,3,20,2,4,2,1,2
231,3.3333,20.9167,0.713,0.3067,0.1533,0.28,2,low,house,gable,False,3,20,1,5,2,1,2
232,3.3333,21.4167,0.708,0.3067,0.1533,0.14,1,low,house,gable,False,3,21,1,2,2,1,2
233,3.25,21.5833,0.695,0.1533,0.1533,0.14,1,low,house,gable,False,3,21,1,3,1,1,1
234,3.5833,21.75,0.736,0.1533,0.46,0.28,2,low,house,hip,False,3,21,3,3,1,3,3
235,3.4167,21.8333,0.713,0.1533,0.3067,0.28,2,low,house,hip,False,3,21,2,4,1,2,2
236,3.4167,22.9167,0.697,0.1533,0.1533,0.14,1,low,house,gable,False,3,22,2,5,1,1,1
237,3.6667,24.4167,0.695,0.3067,0.1533,0.28,2,low,house,gable,False,3,24,3,2,2,1,2
238,3.4167,24.5833,0.666,0.46,0.1533,0.28,2,low,house,gable,False,3,24,1,3,3,1,3
239,3.1667,24.75,0.637,0.3067,0.1533,0.42,3,low,house,gable,False,3,24,0,4,2,1,2
240,3.8333,26.3333,0.659,0.3067,0.3067,0.42,3,low,house,gable,False,3,26,4,1,2,2,4
241,3.5833,26.5,0.633,0.1533,0.3067,0.42,3,low,house,hip,False,3,26,3,2,1,2,2
242,3.4167,26.5833,0.617,0.1533,0.1533,0.42,3,low,house,gable,False,3,26,2,3,1,1,1
243,3.5833,29.25,0.539,0.1533,0.46,0.28,2,low,house,hip,False,3,29,3,0,1,3,3
244,3.75,29.5,0.539,0.1533,0.3067,0.14,1,low,house,hip,False,3,29,4,2,1,2,2
245,3.9167,29.5833,0.545,0.1533,0.1533,0.14,1,low,house,gable,False,3,29,5,3,1,1,1
246,4.3333,3.0833,0.701,0.3067,0.1533,0.42,3,low,house,gable,False,4,3,1,0,2,1,2
247,4.0833,3.3333,0.688,0.1533,0.3067,0.42,3,low,house,hip,False,4,3,0,1,1,2,2
248,4.4167,3.4167,0.718,0.1533,0.46,0.28,2,low,house,hip,False,4,3,2,1,1,3,3
249,4.25,3.5833,0.709,0.1533,0.1533,0.14,1,low,house,gable,False,4,3,1,3,1,1,1
250,4.8333,4.0833,0.774,0.3067,0.1533,0.28,2,low,house,gable,False,4,4,4,0,2,1,2
251,4.9167,4.25,0.787,0.1533,0.1533,0.14,1,low,house,gable,False,4,4,5,1,1,1,1
252,4.25,7.4167,0.804,0.1533,0.46,0.42,3,low,house,hip,False,4,7,1,1,1,3,3
253,4.0833,7.4167,0.783,0.1533,0.1533,0.42,3,low,house,gable,False,4,7,0,2,1,1,1
254,4.4167,7.75,0.833,0.1533,0.46,0.42,3,low,house,hip,False,4,7,2,3,1,3,3
255,4.25,7.9167,0.815,0.1533,0.1533,0.42,3,low,house,gable,False,4,7,1,5,1,1,1
256,4.5833,7.9167,0.858,0.1533,0.1533,0.14,1,low,house,gable,False,4,7,3,5,1,1,1
257,4.25,8.0833,0.818,0.46,0.1533,0.56,4,medium,house,gable,False,4,8,0,0,3,1,3
258,4.0833,8.4167,0.803,0.1533,0.46,0.56,4,medium,house,hip,False,4,8,0,1,1,3,3
259,4.4167,8.3333,0.846,0.1533,0.3067,0.28,2,medium,house,hip,False,4,8,2,1,1,2,2
260,4.25,8.4167,0.825,0.1533,0.1533,0.42,3,medium,house,gable,False,4,8,1,2,1,1,1
261,4.8333,8.4167,0.903,0.3067,0.1533,0.56,4,medium,house,gable,False,4,8,4,2,2,1,2
262,4.75,8.5833,0.897,0.1533,0.1533,0.42,3,medium,house,gable,False,4,8,4,3,1,1,1
263,4.1667,8.75,0.82,0.3067,0.1533,0.56,4,medium,house,gable,False,4,8,0,4,2,1,2
264,4.0833,8.9167,0.812,0.1533,0.1533,0.42,3,medium,house,gable,False,4,8,0,5,1,1,1
265,4.4167,9.1667,0.864,0.1533,0.3067,0.42,3,medium,house,hip,False,4,9,2,0,1,2,2
266,4.0833,9.25,0.818,0.1533,0.1533,0.28,2,medium,house,gable,False,4,9,0,1,1,1,1
267,4.5833,9.25,0.889,0.1533,0.1533,0.28,2,medium,house,gable,False,4,9,3,1,1,1,1
268,4.75,9.5833,0.921,0.1533,0.1533,0.42,3,medium,house,gable,False,4,9,4,3,1,1,1
269,4.5833,9.8333,0.902,0.1533,0.3067,0.28,2,medium,house,hip,False,4,9,3,4,1,2,2
270,4.9167,9.8333,0.95,0.1533,0.3067,0.56,4,medium,house,hip,False,4,9,5,4,1,2,2
271,4.4167,9.9167,0.879,0.1533,0.1533,0.28,2,medium,house,gable,False,4,9,2,5,1,1,1
272,4.75,9.9167,0.928,0.1533,0.1533,0.42,3,medium,house,gable,False,4,9,4,5,1,1,1
273,4.0833,10.4167,0.837,0.1533,0.46,0.56,4,medium,house,hip,False,4,10,0,1,1,3,3
274,4.25,10.25,0.86,0.1533,0.1533,0.56,4,medium,house,gable,False,4,10,1,1,1,1,1
275,4.3333,10.5833,0.878,0.3067,0.1533,0.56,4,medium,house,gable,False,4,10,1,3,2,1,2
276,4.25,10.75,0.868,0.1533,0.1533,0.56,4,medium,house,gable,False,4,10,1,4,1,1,1
277,4.5833,10.8333,0.921,0.1533,0.3067,0.56,4,medium,house,hip,False,4,10,3,4,1,2,2
278,4.9167,10.8333,0.972,0.1533,0.3067,0.56,4,medium,house,hip,False,4,10,5,4,1,2,2
279,4.75,10.9167,0.948,0.1533,0.1533,0.56,4,medium,house,gable,False,4,10,4,5,1,1,1
280,4.25,11.0833,0.873,0.1533,0.1533,0.28,2,medium,house,gable,False,4,11,1,0,1,1,1
281,4.75,11.0833,0.951,0.46,0.1533,0.56,4,medium,house,gable,False,4,11,3,0,3,1,3
282,4.0833,11.3333,0.849,0.1533,0.3067,0.56,4,medium,house,hip,False,4,11,0,1,1,2,2
283,4.5,11.25,0.915,0.3067,0.1533,0.56,4,medium,house,gable,False,4,11,2,1,2,1,2
284,4.9167,11.25,0.98,0.1533,0.1533,0.56,4,medium,house,gable,False,4,11,5,1,1,1,1
285,4.25,11.4167,0.877,0.1533,0.1533,0.28,2,medium,house,gable,False,4,11,1,2,1,1,1
286,4.75,11.4167,0.957,0.1533,0.1533,0.28,2,medium,house,gable,False,4,11,4,2,1,1,1
287,4.5833,11.75,0.936,0.1533,0.46,0.42,3,medium,house,hip,False,4,11,3,3,1,3,3
288,4.9167,11.5833,0.986,0.1533,0.1533,0.28,2,medium,house,gable,False,4,11,5,3,1,1,1
289,4.4167,11.8333,0.91,0.1533,0.3067,0.42,3,medium,house,hip,False,4,11,2,4,1,2,2
290,4.75,11.75,0.962,0.1533,0.1533,0.56,4,medium,house,gable,False,4,11,4,4,1,1,1
291,4.1667,11.9167,0.87,0.3067,0.1533,0.56,4,medium,house,gable,False,4,11,0,5,2,1,2
292,4.25,12.1667,0.886,0.46,0.3067,0.84,6,high,house,gable,False,4,12,0,0,3,2,6
293,4.75,12.0833,0.967,0.46,0.1533,0.42,3,high,house,gable,False,4,12,3,0,3,1,3
294,4.9167,12.3333,0.998,0.1533,0.3067,0.84,6,high,house,hip,False,4,12,5,1,1,2,2
295,4.5,12.5,0.931,0.3067,0.3067,0.84,6,high,house,gable,False,4,12,2,2,2,2,4
296,4.1667,12.6667,0.877,0.3067,0.3067,0.84,6,high,house,gable,False,4,12,0,3,2,2,4
297,4.75,12.5833,0.974,0.1533,0.1533,0.84,6,high,house,gable,False,4,12,4,3,1,1,1
298,4.5833,12.8333,0.949,0.1533,0.3067,0.42,3,high,house,hip,False,4,12,3,4,1,2,2
299,4.9167,12.8333,1.004,0.1533,0.3067,0.84,6,high,house,hip,False,4,12,5,4,1,2,2
300,4.3333,12.9167,0.908,0.3067,0.1533,0.56,4,high,house,gable,False,4,12,1,5,2,1,2
301,4.75,12.9167,0.977,0.1533,0.1533,0.84,6,high,house,gable,False,4,12,4,5,1,1,1
302,4.25,13.0833,0.895,0.46,0.1533,0.84,6,high,house,gable,False,4,13,0,0,3,1,3
303,4.5833,13.25,0.952,0.1533,0.46,0.7,5,high,house,hip,False,4,13,3,0,1,3,3
304,4.25,13.25,0.896,0.1533,0.1533,0.42,3,high,house,gable,False,4,13,1,1,1,1,1
305,4.0833,13.5833,0.87,0.1533,0.46,0.7,5,high,house,hip,False,4,13,0,2,1,3,3
306,4.9167,13.5833,1.011,0.1533,0.46,0.84,6,high,house,hip,False,4,13,5,2,1,3,3
307,4.4167,13.75,0.928,0.1533,0.46,0.84,6,high,house,hip,False,4,13,2,3,1,3,3
308,4.75,13.5833,0.983,0.1533,0.1533,0.7,5,high,house,gable,False,4,13,4,3,1,1,1
309,4.1667,13.9167,0.886,0.3067,0.1533,0.56,4,high,house,gable,False,4,13,0,5,2,1,2
310,4.5833,13.9167,0.957,0.1533,0.1533,0.84,6,high,house,gable,False,4,13,3,5,1,1,1
311,4.25,14.0833,0.901,0.46,0.1533,0.7,5,high,house,gable,False,4,14,0,0,3,1,3
312,4.0833,14.4167,0.873,0.1533,0.46,0.7,5,high,house,hip,False,4,14,0,1,1,3,3
313,4.4167,14.4167,0.93,0.1533,0.46,0.84,6,high,house,hip,False,4,14,2,1,1,3,3
314,4.8333,14.4167,1.001,0.3067,0.46,0.84,6,high,house,hip,False,4,14,4,1,2,3,6
315,4.0833,14.8333,0.874,0.1533,0.3067,0.84,6,high,house,hip,False,4,14,0,4,1,2,2
316,4.4167,14.8333,0.931,0.1533,0.3067,0.84,6,high,house,hip,False,4,14,2,4,1,2,2
317,4.75,14.75,0.987,0.1533,0.1533,0.42,3,high,house,gable,False,4,14,4,4,1,1,1
318,4.25,14.9167,0.903,0.1533,0.1533,0.84,6,high,house,gable,False,4,14,1,5,1,1,1
319,4.4167,15.1667,0.931,0.1533,0.3067,0.56,4,medium,house,hip,False,4,15,2,0,1,2,2
320,4.0833,15.3333,0.874,0.1533,0.3067,0.56,4,medium,house,hip,False,4,15,0,1,1,2,2
321,4.5833,15.4167,0.959,0.1533,0.46,0.56,4,medium,house,hip,False,4,15,3,1,1,3,3
322,4.25,15.4167,0.902,0.1533,0.1533,0.28,2,medium,house,gable,False,4,15,1,2,1,1,1
323,4.1667,15.75,0.887,0.3067,0.1533,0.42,3,medium,house,gable,False,4,15,0,4,2,1,2
324,4.5833,15.8333,0.957,0.1533,0.3067,0.56,4,medium,house,hip,False,4,15,3,4,1,2,2
325,4.0833,15.9167,0.873,0.1533,0.1533,0.56,4,medium,house,gable,False,4,15,0,5,1,1,1
326,4.4167,15.9167,0.929,0.1533,0.1533,0.28,2,medium,house,gable,False,4,15,2,5,1,1,1
327,4.1667,16.1667,0.886,0.3067,0.3067,0.42,3,medium,house,gable,False,4,16,0,0,2,2,4
328,4.75,16.25,0.983,0.1533,0.46,0.42,3,medium,house,hip,False,4,16,4,0,1,3,3
329,4.5833,16.25,0.955,0.1533,0.1533,0.28,2,medium,house,gable,False,4,16,3,1,1,1,1
330,4.9167,16.3333,1.009,0.1533,0.3067,0.56,4,medium,house,hip,False,4,16,5,1,1,2,2
331,4.0833,16.5833,0.87,0.1533,0.46,0.42,3,medium,house,hip,False,4,16,0,2,1,3,3
332,4.4167,16.4167,0.926,0.1533,0.1533,0.56,4,medium,house,gable,False,4,16,2,2,1,1,1
333,4.25,16.5833,0.898,0.1533,0.1533,0.56,4,medium,house,gable,False,4,16,1,3,1,1,1
334,4.5833,16.75,0.951,0.1533,0.46,0.42,3,medium,house,hip,False,4,16,3,3,1,3,3
335,4.8333,16.8333,0.991,0.3067,0.3067,0.56,4,medium,house,gable,False,4,16,4,4,2,2,4
336,4.1667,16.9167,0.881,0.3067,0.1533,0.56,4,medium,house,gable,False,4,16,0,5,2,1,2
337,4.1667,17.0833,0.88,0.3067,0.1533,0.42,3,medium,house,gable,False,4,17,0,0,2,1,2
338,4.0833,17.5833,0.862,0.1533,0.46,0.56,4,medium,house,hip,False,4,17,0,2,1,3,3
339,4.75,17.4167,0.971,0.1533,0.1533,0.42,3,medium,house,gable,False,4,17,4,2,1,1,1
340,4.4167,17.5833,0.916,0.46,0.1533,0.56,4,medium,house,gable,False,4,17,1,3,3,1,3
341,4.5833,17.75,0.941,0.1533,0.1533,0.28,2,medium,house,gable,False,4,17,3,4,1,1,1
342,4.25,17.9167,0.886,0.46,0.1533,0.56,4,medium,house,gable,False,4,17,0,5,3,1,3
343,4.75,18.4167,0.957,0.1533,0.46,0.42,3,low,house,hip,False,4,18,4,1,1,3,3
344,4.9167,18.5,0.98,0.1533,0.3067,0.42,3,low,house,hip,False,4,18,5,2,1,2,2
345,4.75,18.75,0.951,0.1533,0.1533,0.28,2,low,house,gable,False,4,18,4,4,1,1,1
346,4.25,24.4167,0.752,0.1533,0.1533,0.14,1,low,house,gable,False,4,24,1,2,1,1,1
347,4.75,24.75,0.787,0.1533,0.46,0.28,2,low,house,hip,False,4,24,4,3,1,3,3
348,4.5833,24.8333,0.77,0.1533,0.3067,0.28,2,low,house,hip,False,4,24,3,4,1,2,2
349,4.9167,24.9167,0.796,0.1533,0.1533,0.28,2,low,house,gable,False,4,24,5,5,1,1,1
350,4.25,25.25,0.727,0.1533,0.46,0.42,3,low,house,hip,False,4,25,1,0,1,3,3
351,4.0833,25.25,0.712,0.1533,0.1533,0.28,2,low,house,gable,False,4,25,0,1,1,1,1
352,4.4167,25.4167,0.736,0.1533,0.1533,0.14,1,low,house,gable,False,4,25,2,2,1,1,1
353,4.4167,25.8333,0.722,0.1533,0.3067,0.28,2,low,house,hip,False,4,25,2,4,1,2,2
354,4.25,25.9167,0.706,0.1533,0.1533,0.42,3,low,house,gable,False,4,25,1,5,1,1,1
355,4.75,27.0833,0.7,0.1533,0.1533,0.42,3,low,house,gable,False,4,27,4,0,1,1,1
356,4.5833,27.25,0.682,0.1533,0.1533,0.28,2,low,house,gable,False,4,27,3,1,1,1,1
357,4.4167,27.4167,0.665,0.1533,0.1533,0.42,3,low,house,gable,False,4,27,2,2,1,1,1
358,4.3333,28.0833,0.633,0.3067,0.1533,0.42,3,low,house,gable,False,4,28,1,0,2,1,2
359,4.25,28.25,0.621,0.1533,0.1533,0.14,1,low,house,gable,False,4,28,1,1,1,1,1
360,4.4167,28.4167,0.624,0.1533,0.1533,0.42,3,low,house,gable,False,4,28,2,2,1,1,1
361,5.3333,2.25,0.743,0.3067,0.46,0.42,3,low,house,hip,False,5,2,1,0,2,3,6
362,5.5833,2.0833,0.75,0.1533,0.1533,0.14,1,low,house,gable,False,5,2,3,0,1,1,1
363,5.9167,2.1667,0.772,0.1533,0.3067,0.42,3,low,house,hip,False,5,2,5,0,1,2,2
364,5.75,2.3333,0.771,0.1533,0.3067,0.42,3,low,house,hip,False,5,2,4,1,1,2,2
365,5.0833,2.4167,0.734,0.1533,0.1533,0.14,1,low,house,gable,False,5,2,0,2,1,1,1
366,5.5833,2.4167,0.765,0.1533,0.1533,0.28,2,low,house,gable,False,5,2,3,2,1,1,1
367,5.25,2.5833,0.751,0.1533,0.1533,0.42,3,low,house,gable,False,5,2,1,3,1,1,1
368,5.75,3.5833,0.825,0.46,0.1533,0.42,3,low,house,gable,False,5,3,3,3,3,1,3
369,5.4167,3.75,0.808,0.1533,0.1533,0.42,3,low,house,gable,False,5,3,2,4,1,1,1
370,5.75,3.8333,0.836,0.1533,0.3067,0.42,3,low,house,hip,False,5,3,4,4,1,2,2
371,5.5833,3.9167,0.827,0.1533,0.1533,0.28,2,low,house,gable,False,5,3,3,5,1,1,1
372,5.9167,3.9167,0.851,0.1533,0.1533,0.42,3,low,house,gable,False,5,3,5,5,1,1,1
373,5.4167,4.5,0.838,0.1533,0.3067,0.28,2,low,house,hip,False,5,4,2,2,1,2,2
374,5.5833,4.5833,0.854,0.1533,0.1533,0.28,2,low,house,gable,False,5,4,3,3,1,1,1
375,5.1667,5.25,0.843,0.3067,0.1533,0.14,1,low,house,gable,False,5,5,0,1,2,1,2
376,5.0833,5.4167,0.841,0.1533,0.1533,0.28,2,low,house,gable,False,5,5,0,2,1,1,1
377,5.9167,5.5833,0.924,0.1533,0.1533,0.28,2,low,house,gable,False,5,5,5,3,1,1,1
378,5.5833,7.1667,0.954,0.46,0.3067,0.56,4,medium,house,gable,False,5,7,2,0,3,2,6
379,5.9167,7.1667,0.99,0.1533,0.3067,0.56,4,medium,house,hip,False,5,7,5,0,1,2,2
380,5.75,7.5833,0.988,0.1533,0.46,0.56,4,medium,house,hip,False,5,7,4,2,1,3,3
381,5.5,7.5833,0.96,0.3067,0.1533,0.56,4,medium,house,gable,False,5,7,2,3,2,1,2
382,5.9167,7.5833,1.007,0.1533,0.1533,0.42,3,medium,house,gable,False,5,7,5,3,1,1,1
383,5.4167,7.75,0.956,0.1533,0.1533,0.42,3,medium,house,gable,False,5,7,2,4,1,1,1
384,5.8333,7.9167,1.01,0.3067,0.1533,0.56,4,medium,house,gable,False,5,7,4,5,2,1,2
385,5.5833,8.0833,0.987,0.1533,0.1533,0.28,2,medium,house,gable,False,5,8,3,0,1,1,1
386,5.5833,8.4167,0.999,0.46,0.1533,0.56,4,medium,house,gable,False,5,8,2,2,3,1,3
387,5.0833,8.75,0.945,0.1533,0.46,0.56,4,medium,house,hip,False,5,8,0,3,1,3,3
388,5.25,8.5833,0.962,0.1533,0.1533,0.42,3,medium,house,gable,False,5,8,1,3,1,1,1
389,5.5833,8.75,1.01,0.1533,0.46,0.56,4,medium,house,hip,False,5,8,3,3,1,3,3
390,5.75,8.5833,1.025,0.1533,0.1533,0.42,3,medium,house,gable,False,5,8,4,3,1,1,1
391,5.4167,8.75,0.989,0.1533,0.1533,0.42,3,medium,house,gable,False,5,8,2,4,1,1,1
392,5.25,8.9167,0.972,0.1533,0.1533,0.42,3,medium,house,gable,False,5,8,1,5,1,1,1
393,5.75,8.9167,1.037,0.1533,0.1533,0.28,2,medium,house,gable,False,5,8,4,5,1,1,1
394,5.5,9.1667,1.013,0.3067,0.3067,0.56,4,medium,house,gable,False,5,9,2,0,2,2,4
395,5.9167,9.25,1.069,0.1533,0.46,0.42,3,medium,house,hip,False,5,9,5,0,1,3,3
396,5.1667,9.3333,0.973,0.3067,0.3067,0.42,3,medium,house,gable,False,5,9,0,1,2,2,4
397,5.75,9.25,1.048,0.1533,0.1533,0.28,2,medium,house,gable,False,5,9,4,1,1,1,1
398,5.5833,9.5,1.034,0.1533,0.3067,0.42,3,medium,house,hip,False,5,9,3,2,1,2,2
399,5.3333,9.5833,1.003,0.3067,0.1533,0.56,4,medium,house,gable,False,5,9,1,3,2,1,2
400,5.8333,9.5833,1.07,0.3067,0.1533,0.42,3,medium,house,gable,False,5,9,4,3,2,1,2
401,5.0833,9.9167,0.976,0.1533,0.1533,0.42,3,medium,house,gable,False,5,9,0,5,1,1,1
402,5.75,9.9167,1.069,0.1533,0.1533,0.56,4,medium,house,gable,False,5,9,4,5,1,1,1
403,5.3333,10.1667,1.018,0.3067,0.3067,0.56,4,medium,house,gable,False,5,10,1,0,2,2,4
404,5.75,10.25,1.079,0.1533,0.46,0.42,3,medium,house,hip,False,5,10,4,0,1,3,3
405,5.0833,10.4167,0.988,0.1533,0.46,0.42,3,medium,house,hip,False,5,10,0,1,1,3,3
406,5.9167,10.3333,1.105,0.1533,0.3067,0.56,4,medium,house,hip,False,5,10,5,1,1,2,2
407,5.5,10.4167,1.049,0.3067,0.1533,0.56,4,medium,house,gable,False,5,10,2,2,2,1,2
408,5.3333,10.5833,1.029,0.3067,0.1533,0.56,4,medium,house,gable,False,5,10,1,3,2,1,2
409,5.8333,10.75,1.105,0.3067,0.1533,0.56,4,medium,house,gable,False,5,10,4,4,2,1,2
410,5.9167,10.9167,1.122,0.1533,0.1533,0.56,4,medium,house,gable,False,5,10,5,5,1,1,1
411,5.0833,11.1667,1.004,0.1533,0.3067,0.84,6,high,house,hip,False,5,11,0,0,1,2,2
412,5.4167,11.25,1.057,0.1533,0.46,0.7,5,high,house,hip,False,5,11,2,0,1,3,3
413,5.5833,11.0833,1.078,0.1533,0.1533,0.56,4,high,house,gable,False,5,11,3,0,1,1,1
414,5.9167,11.25,1.13,0.1533,0.46,0.84,6,high,house,hip,False,5,11,5,0,1,3,3
415,5.25,11.25,1.031,0.1533,0.1533,0.56,4,high,house,gable,False,5,11,1,1,1,1,1
416,5.75,11.3333,1.108,0.1533,0.3067,0.7,5,high,house,hip,False,5,11,4,1,1,2,2
417,5.25,11.75,1.041,0.1533,0.46,0.84,6,high,house,hip,False,5,11,1,3,1,3,3
418,5.5833,11.5833,1.089,0.1533,0.1533,0.98,7,high,house,gable,False,5,11,3,3,1,1,1
419,5.0833,11.8333,1.017,0.1533,0.3067,0.84,6,high,house,hip,False,5,11,0,4,1,2,2
420,5.4167,11.8333,1.069,0.1533,0.3067,0.84,6,high,house,hip,False,5,11,2,4,1,2,2
421,5.8333,11.8333,1.132,0.3067,0.3067,0.84,6,high,house,gable,False,5,11,4,4,2,2,4
422,5.5833,11.9167,1.096,0.1533,0.1533,0.84,6,high,house,gable,False,5,11,3,5,1,1,1
423,5.75,13.4167,1.144,0.1533,0.46,0.42,3,low,house,hip,False,5,13,4,1,1,3,3
424,5.5833,13.4167,1.118,0.1533,0.1533,0.28,2,low,house,gable,False,5,13,3,2,1,1,1
425,5.9167,13.4167,1.17,0.1533,0.1533,0.14,1,low,house,gable,False,5,13,5,2,1,1,1
426,5.6667,13.8333,1.134,0.3067,0.3067,0.28,2,low,house,gable,False,5,13,3,4,2,2,4
427,5.4167,13.9167,1.095,0.1533,0.1533,0.42,3,low,house,gable,False,5,13,2,5,1,1,1
428,5.1667,14.1667,1.055,0.3067,0.3067,0.7,5,high,house,gable,False,5,14,0,0,2,2,4
429,5.5833,14.0833,1.123,0.46,0.1533,0.84,6,high,house,gable,False,5,14,2,0,3,1,3
430,5.5833,14.4167,1.124,0.1533,0.46,0.84,6,high,house,hip,False,5,14,3,1,1,3,3
431,5.9167,14.3333,1.176,0.1533,0.3067,0.84,6,high,house,hip,False,5,14,5,1,1,2,2
432,5.75,14.5,1.151,0.1533,0.3067,0.7,5,high,house,hip,False,5,14,4,2,1,2,2
433,5.9167,14.8333,1.177,0.1533,0.3067,0.56,4,high,house,hip,False,5,14,5,4,1,2,2
434,5.75,14.9167,1.151,0.1533,0.1533,0.7,5,high,house,gable,False,5,14,4,5,1,1,1
435,5.3333,16.0833,1.079,0.3067,0.1533,0.7,5,high,house,gable,False,5,16,1,0,2,1,2
436,5.8333,16.1667,1.157,0.3067,0.3067,0.7,5,high,house,gable,False,5,16,4,0,2,2,4
437,5.4167,16.4167,1.089,0.1533,0.46,0.7,5,high,house,hip,False,5,16,2,1,1,3,3
438,5.0833,16.5833,1.034,0.1533,0.46,0.84,6,high,house,hip,False,5,16,0,2,1,3,3
439,5.25,16.4167,1.062,0.1533,0.1533,0.56,4,high,house,gable,False,5,16,1,2,1,1,1
440,5.5833,16.4167,1.115,0.1533,0.1533,0.7,5,high,house,gable,False,5,16,3,2,1,1,1
441,5.75,16.5833,1.139,0.1533,0.1533,0.42,3,high,house,gable,False,5,16,4,3,1,1,1
442,5.5,16.8333,1.097,0.3067,0.3067,0.84,6,high,house,gable,False,5,16,2,4,2,2,4
443,5.9167,16.8333,1.161,0.1533,0.3067,0.7,5,high,house,hip,False,5,16,5,4,1,2,2
444,5.1667,16.9167,1.044,0.3067,0.1533,0.56,4,high,house,gable,False,5,16,0,5,2,1,2
445,5.25,17.0833,1.055,0.46,0.1533,0.7,5,high,house,gable,False,5,17,0,0,3,1,3
446,5.75,17.0833,1.131,0.46,0.1533,0.7,5,high,house,gable,False,5,17,3,0,3,1,3
447,5.0833,17.3333,1.025,0.1533,0.3067,0.84,6,high,house,hip,False,5,17,0,1,1,2,2
448,5.5833,17.25,1.103,0.1533,0.1533,0.7,5,high,house,gable,False,5,17,3,1,1,1,1
449,5.9167,17.25,1.153,0.1533,0.1533,0.42,3,high,house,gable,False,5,17,5,1,1,1,1
450,5.4167,17.5,1.074,0.1533,0.3067,0.84,6,high,house,hip,False,5,17,2,2,1,2,2
451,5.25,17.75,1.044,0.1533,0.46,0.7,5,high,house,hip,False,5,17,1,3,1,3,3
452,5.75,17.5833,1.122,0.46,0.1533,0.84,6,high,house,gable,False,5,17,3,3,3,1,3
453,5.0833,17.8333,1.017,0.1533,0.3067,0.7,5,high,house,hip,False,5,17,0,4,1,2,2
454,5.5833,17.8333,1.093,0.1533,0.3067,0.7,5,high,house,hip,False,5,17,3,4,1,2,2
455,5.9167,17.75,1.143,0.1533,0.1533,0.56,4,high,house,gable,False,5,17,5,4,1,1,1
456,5.4167,17.9167,1.066,0.1533,0.1533,0.56,4,high,house,gable,False,5,17,2,5,1,1,1
457,5.0833,18.25,1.01,0.1533,0.46,0.42,3,medium,house,hip,False,5,18,0,0,1,3,3
458,5.6667,18.0833,1.1,0.3067,0.1533,0.56,4,medium,house,gable,False,5,18,3,0,2,1,2
459,5.25,18.25,1.035,0.1533,0.1533,0.42,3,medium,house,gable,False,5,18,1,1,1,1,1
460,5.5833,18.25,1.084,0.1533,0.1533,0.28,2,medium,house,gable,False,5,18,3,1,1,1,1
461,5.9167,18.25,1.131,0.1533,0.1533,0.42,3,medium,house,gable,False,5,18,5,1,1,1,1
462,5.75,18.5,1.102,0.1533,0.3067,0.56,4,medium,house,hip,False,5,18,4,2,1,2,2
463,5.0833,18.6667,1.002,0.1533,0.3067,0.56,4,medium,house,hip,False,5,18,0,3,1,2,2
464,5.5833,18.6667,1.074,0.1533,0.3067,0.56,4,medium,house,hip,False,5,18,3,3,1,2,2
465,5.9167,18.75,1.118,0.1533,0.46,0.56,4,medium,house,hip,False,5,18,5,3,1,3,3
466,5.4167,18.8333,1.046,0.1533,0.3067,0.42,3,medium,house,hip,False,5,18,2,4,1,2,2
467,5.75,18.9167,1.09,0.1533,0.1533,0.28,2,medium,house,gable,False,5,18,4,5,1,1,1
468,5.4167,19.25,1.036,0.1533,0.46,0.42,3,low,house,hip,False,5,19,2,0,1,3,3
469,5.25,19.25,1.012,0.1533,0.1533,0.28,2,low,house,gable,False,5,19,1,1,1,1,1
470,5.5833,19.4167,1.054,0.1533,0.46,0.28,2,low,house,hip,False,5,19,3,1,1,3,3
471,5.0833,19.4167,0.985,0.1533,0.1533,0.28,2,low,house,gable,False,5,19,0,2,1,1,1
472,5.25,19.5833,1.004,0.1533,0.1533,0.14,1,low,house,gable,False,5,19,1,3,1,1,1
473,5.4167,19.75,1.022,0.1533,0.1533,0.14,1,low,house,gable,False,5,19,2,4,1,1,1
474,5.0833,20.5833,0.955,0.1533,0.1533,0.14,1,low,house,gable,False,5,20,0,3,1,1,1
475,5.4167,23.8333,0.88,0.1533,0.3067,0.28,2,low,house,hip,False,5,23,2,4,1,2,2
476,5.25,23.9167,0.862,0.1533,0.1533,0.14,1,low,house,gable,False,5,23,1,5,1,1,1
477,5.5833,24.8333,0.852,0.1533,0.3067,0.28,2,low,house,hip,False,5,24,3,4,1,2,2
478,5.9167,24.8333,0.877,0.1533,0.3067,0.28,2,low,house,hip,False,5,24,5,4,1,2,2
479,5.75,24.9167,0.861,0.1533,0.1533,0.28,2,low,house,gable,False,5,24,4,5,1,1,1
480,5.25,25.4167,0.803,0.1533,0.46,0.42,3,low,house,hip,False,5,25,1,1,1,3,3
481,5.0833,25.4167,0.79,0.1533,0.1533,0.42,3,low,house,gable,False,5,25,0,2,1,1,1
482,5.4167,25.5833,0.808,0.1533,0.1533,0.42,3,low,house,gable,False,5,25,2,3,1,1,1
483,5.4167,26.5,0.767,0.1533,0.3067,0.42,3,low,house,hip,False,5,26,2,2,1,2,2
484,5.25,26.5833,0.753,0.1533,0.1533,0.42,3,low,house,gable,False,5,26,1,3,1,1,1
485,5.5833,26.5833,0.774,0.1533,0.1533,0.14,1,low,house,gable,False,5,26,3,3,1,1,1
486,5.5833,27.0833,0.75,0.1533,0.1533,0.42,3,low,house,gable,False,5,27,3,0,1,1,1
487,5.0833,28.25,0.669,0.1533,0.46,0.42,3,low,house,hip,False,5,28,0,0,1,3,3
488,5.4167,28.1667,0.69,0.1533,0.3067,0.28,2,low,house,hip,False,5,28,2,0,1,2,2
489,5.25,28.4167,0.67,0.1533,0.46,0.28,2,low,house,hip,False,5,28,1,1,1,3,3
490,5.5833,28.4167,0.685,0.1533,0.1533,0.28,2,low,house,gable,False,5,28,3,2,1,1,1
491,5.0833,28.5833,0.653,0.1533,0.1533,0.28,2,low,house,gable,False,5,28,0,3,1,1,1
492,6.5833,0.5833,0.72,0.46,0.1533,0.42,3,low,house,gable,False,6,0,2,3,3,1,3
493,6.4167,0.8333,0.728,0.1533,0.3067,0.14,1,low,house,hip,False,6,0,2,4,1,2,2
494,6.75,0.75,0.734,0.1533,0.1533,0.14,1,low,house,gable,False,6,0,4,4,1,1,1
495,6.5833,0.9167,0.738,0.1533,0.1533,0.28,2,low,house,gable,False,6,0,3,5,1,1,1
496,6.1667,1.0833,0.732,0.3067,0.1533,0.28,2,low,house,gable,False,6,1,0,0,2,1,2
497,6.0833,1.25,0.736,0.1533,0.1533,0.14,1,low,house,gable,False,6,1,0,1,1,1,1
498,6.75,1.4167,0.77,0.1533,0.46,0.28,2,low,house,hip,False,6,1,4,1,1,3,3
499,6.9167,1.5,0.78,0.1533,0.3067,0.42,3,low,house,hip,False,6,1,5,2,1,2,2
500,6.5833,1.5833,0.773,0.1533,0.1533,0.42,3,low,house,gable,False,6,1,3,3,1,1,1
501,6.5,2.5,0.817,0.3067,0.3067,0.42,3,low,house,gable,False,6,2,2,2,2,2,4
502,6.75,2.6667,0.837,0.1533,0.3067,0.42,3,low,house,hip,False,6,2,4,3,1,2,2
503,6.5833,2.75,0.834,0.1533,0.1533,0.42,3,low,house,gable,False,6,2,3,4,1,1,1
504,6.4167,3.3333,0.855,0.1533,0.3067,0.28,2,low,house,hip,False,6,3,2,1,1,2,2
505,6.25,3.4167,0.849,0.1533,0.1533,0.28,2,low,house,gable,False,6,3,1,2,1,1,1
506,6.25,5.5833,0.952,0.1533,0.1533,0.14,1,low,house,gable,False,6,5,1,3,1,1,1
507,6.25,6.4167,0.99,0.1533,0.46,0.42,3,low,house,hip,False,6,6,1,1,1,3,3
508,6.4167,6.5833,1.013,0.1533,0.46,0.42,3,low,house,hip,False,6,6,2,2,1,3,3
509,6.0833,6.5833,0.982,0.1533,0.1533,0.42,3,low,house,gable,False,6,6,0,3,1,1,1
510,6.5833,6.8333,1.04,0.1533,0.3067,0.42,3,low,house,hip,False,6,6,3,4,1,2,2
511,6.4167,6.9167,1.029,0.1533,0.1533,0.14,1,low,house,gable,False,6,6,2,5,1,1,1
512,6.1667,7.0833,1.012,0.3067,0.1533,0.56,4,medium,house,gable,False,6,7,0,0,2,1,2
513,6.8333,7.25,1.084,0.3067,0.46,0.56,4,medium,house,hip,False,6,7,4,0,2,3,6
514,6.0833,7.25,1.011,0.1533,0.1533,0.42,3,medium,house,gable,False,6,7,0,1,1,1,1
515,6.4167,7.4167,1.052,0.1533,0.46,0.28,2,medium,house,hip,False,6,7,2,1,1,3,3
516,6.5833,7.25,1.061,0.1533,0.1533,0.56,4,medium,house,gable,False,6,7,3,1,1,1,1
517,6.25,7.4167,1.035,0.1533,0.1533,0.28,2,medium,house,gable,False,6,7,1,2,1,1,1
518,6.0833,7.6667,1.028,0.1533,0.3067,0.28,2,medium,house,hip,False,6,7,0,3,1,2,2
519,6.3333,7.75,1.059,0.3067,0.1533,0.42,3,medium,house,gable,False,6,7,1,4,2,1,2
520,6.25,7.9167,1.057,0.1533,0.1533,0.28,2,medium,house,gable,False,6,7,1,5,1,1,1
521,6.25,8.1667,1.067,0.46,0.3067,0.84,6,high,house,gable,False,6,8,0,0,3,2,6
522,6.75,8.0833,1.117,0.46,0.1533,0.84,6,high,house,gable,False,6,8,3,0,3,1,3
523,6.8333,8.25,1.134,0.3067,0.1533,0.84,6,high,house,gable,False,6,8,4,1,2,1,2
524,6.5833,8.5,1.119,0.1533,0.3067,0.84,6,high,house,hip,False,6,8,3,2,1,2,2
525,6.3333,8.5833,1.094,0.3067,0.1533,0.7,5,high,house,gable,False,6,8,1,3,2,1,2
526,6.75,8.75,1.148,0.1533,0.46,0.84,6,high,house,hip,False,6,8,4,3,1,3,3
527,6.25,8.75,1.091,0.1533,0.1533,0.56,4,high,house,gable,False,6,8,1,4,1,1,1
528,6.5833,8.9167,1.137,0.1533,0.1533,0.56,4,high,house,gable,False,6,8,3,5,1,1,1
529,6.9167,8.9167,1.174,0.1533,0.1533,0.42,3,high,house,gable,False,6,8,5,5,1,1,1
530,6.1667,9.1667,1.098,0.3067,0.3067,0.84,6,high,house,gable,False,6,9,0,0,2,2,4
531,6.8333,9.25,1.18,0.3067,0.46,0.84,6,high,house,hip,False,6,9,4,0,2,3,6
532,6.5,9.25,1.141,0.3067,0.1533,0.84,6,high,house,gable,False,6,9,2,1,2,1,2
533,6.0833,9.5,1.1,0.1533,0.3067,0.84,6,high,house,hip,False,6,9,0,2,1,2,2
534,6.4167,9.5833,1.144,0.46,0.1533,0.84,6,high,house,gable,False,6,9,1,3,3,1,3
535,6.75,9.5833,1.185,0.1533,0.1533,0.7,5,high,house,gable,False,6,9,4,3,1,1,1
536,6.9167,9.8333,1.215,0.1533,0.3067,0.56,4,high,house,hip,False,6,9,5,4,1,2,2
537,6.75,9.9167,1.198,0.1533,0.1533,0.7,5,high,house,gable,False,6,9,4,5,1,1,1
538,6.5833,10.0833,1.184,0.46,0.1533,0.7,5,high,house,gable,False,6,10,2,0,3,1,3
539,6.9167,10.25,1.232,0.1533,0.46,0.7,5,high,house,hip,False,6,10,5,0,1,3,3
540,6.4167,10.3333,1.172,0.1533,0.3067,0.7,5,high,house,hip,False,6,10,2,1,1,2,2
541,6.0833,10.5833,1.135,0.1533,0.46,0.84,6,high,house,hip,False,6,10,0,2,1,3,3
542,6.6667,10.4167,1.207,0.3067,0.1533,0.7,5,high,house,gable,False,6,10,3,2,2,1,2
543,6.25,10.5833,1.158,0.1533,0.1533,0.84,6,high,house,gable,False,6,10,1,3,1,1,1
544,6.9167,10.75,1.25,0.1533,0.46,0.7,5,high,house,hip,False,6,10,5,3,1,3,3
545,6.5833,10.75,1.208,0.46,0.1533,0.56,4,high,house,gable,False,6,10,2,4,3,1,3
546,6.1667,10.9167,1.157,0.3067,0.1533,0.84,6,high,house,gable,False,6,10,0,5,2,1,2
547,6.6667,10.9167,1.224,0.3067,0.1533,0.84,6,high,house,gable,False,6,10,3,5,2,1,2
548,6.25,11.0833,1.173,0.46,0.1533,0.7,5,high,house,gable,False,6,11,0,0,3,1,3
549,6.8333,11.1667,1.254,0.3067,0.3067,0.84,6,high,house,gable,False,6,11,4,0,2,2,4
550,6.0833,11.4167,1.159,0.1533,0.46,0.84,6,high,house,hip,False,6,11,0,1,1,3,3
551,6.4167,11.4167,1.206,0.1533,0.46,0.98,7,high,house,hip,False,6,11,2,1,1,3,3
552,6.9167,11.5833,1.278,0.1533,0.46,0.56,4,high,house,hip,False,6,11,5,2,1,3,3
553,6.75,11.6667,1.258,0.1533,0.3067,0.84,6,high,house,hip,False,6,11,4,3,1,2,2
554,6.1667,11.8333,1.181,0.3067,0.3067,0.84,6,high,house,gable,False,6,11,0,4,2,2,4
555,6.4167,11.9167,1.219,0.1533,0.1533,0.84,6,high,house,gable,False,6,11,2,5,1,1,1
556,6.9167,11.9167,1.287,0.1533,0.1533,0.56,4,high,house,gable,False,6,11,5,5,1,1,1
557,6.1667,12.0833,1.186,0.3067,0.1533,0.84,6,high,house,gable,False,6,12,0,0,2,1,2
558,6.75,12.0833,1.269,0.46,0.1533,0.84,6,high,house,gable,False,6,12,3,0,3,1,3
559,6.4167,12.25,1.226,0.46,0.1533,0.7,5,high,house,gable,False,6,12,1,1,3,1,3
560,6.9167,12.4167,1.3,0.1533,0.46,0.7,5,high,house,hip,False,6,12,5,1,1,3,3
561,6.1667,12.4167,1.193,0.3067,0.1533,0.7,5,high,house,gable,False,6,12,0,2,2,1,2
562,6.6667,12.4167,1.265,0.3067,0.1533,0.84,6,high,house,gable,False,6,12,3,2,2,1,2
563,6.3333,12.5833,1.221,0.3067,0.1533,0.7,5,high,house,gable,False,6,12,1,3,2,1,2
564,6.0833,12.8333,1.188,0.1533,0.3067,0.84,6,high,house,hip,False,6,12,0,4,1,2,2
565,6.5833,12.8333,1.261,0.1533,0.3067,0.7,5,high,house,hip,False,6,12,3,4,1,2,2
566,6.3333,12.9167,1.226,0.3067,0.1533,0.56,4,high,house,gable,False,6,12,1,5,2,1,2
567,6.75,12.9167,1.287,0.1533,0.1533,0.56,4,high,house,gable,False,6,12,4,5,1,1,1
568,6.1667,14.8333,1.216,0.3067,0.3067,0.42,3,low,house,gable,False,6,14,0,4,2,2,4
569,6.0833,15.25,1.202,0.1533,0.46,0.7,5,high,house,hip,False,6,15,0,0,1,3,3
570,6.5833,15.0833,1.278,0.46,0.1533,0.84,6,high,house,gable,False,6,15,2,0,3,1,3
571,6.9167,15.25,1.325,0.1533,0.46,0.84,6,high,house,hip,False,6,15,5,0,1,3,3
572,6.25,15.3333,1.227,0.1533,0.3067,0.84,6,high,house,hip,False,6,15,1,1,1,2,2
573,6.5833,15.4167,1.276,0.1533,0.46,0.98,7,high,house,hip,False,6,15,3,1,1,3,3
574,6.0833,15.5833,1.2,0.1533,0.1533,0.7,5,high,house,gable,False,6,15,0,3,1,1,1
575,6.4167,15.75,1.249,0.1533,0.46,0.84,6,high,house,hip,False,6,15,2,3,1,3,3
576,6.9167,15.75,1.321,0.1533,0.46,0.84,6,high,house,hip,False,6,15,5,3,1,3,3
577,6.5833,15.8333,1.272,0.1533,0.3067,0.7,5,high,house,hip,False,6,15,3,4,1,2,2
578,6.75,15.9167,1.295,0.1533,0.1533,0.7,5,high,house,gable,False,6,15,4,5,1,1,1
579,6.25,16.0833,1.221,0.46,0.1533,0.84,6,high,house,gable,False,6,16,0,0,3,1,3
580,6.0833,16.4167,1.192,0.1533,0.46,0.56,4,high,house,hip,False,6,16,0,1,1,3,3
581,6.4167,16.4167,1.241,0.1533,0.46,0.98,7,high,house,hip,False,6,16,2,1,1,3,3
582,6.75,16.4167,1.288,0.46,0.1533,0.84,6,high,house,gable,False,6,16,3,2,3,1,3
583,6.25,16.5833,1.214,0.1533,0.1533,0.7,5,high,house,gable,False,6,16,1,3,1,1,1
584,6.9167,16.75,1.305,0.1533,0.46,0.84,6,high,house,hip,False,6,16,5,3,1,3,3
585,6.0833,16.8333,1.185,0.1533,0.3067,0.84,6,high,house,hip,False,6,16,0,4,1,2,2
586,6.4167,16.8333,1.234,0.1533,0.3067,0.56,4,high,house,hip,False,6,16,2,4,1,2,2
587,6.75,16.8333,1.281,0.1533,0.3067,0.84,6,high,house,hip,False,6,16,4,4,1,2,2
588,6.25,16.9167,1.208,0.1533,0.1533,0.56,4,high,house,gable,False,6,16,1,5,1,1,1
589,6.1667,18.1667,1.168,0.3067,0.3067,0.84,6,high,house,gable,False,6,18,0,0,2,2,4
590,6.5,18.3333,1.208,0.3067,0.3067,0.98,7,high,house,gable,False,6,18,2,1,2,2,4
591,6.0833,18.5833,1.145,0.1533,0.46,0.84,6,high,house,hip,False,6,18,0,2,1,3,3
592,6.9167,18.5833,1.253,0.1533,0.46,0.7,5,high,house,hip,False,6,18,5,2,1,3,3
593,6.4167,18.75,1.184,0.1533,0.46,0.98,7,high,house,hip,False,6,18,2,3,1,3,3
594,6.75,18.75,1.227,0.1533,0.1533,0.56,4,high,house,gable,False,6,18,4,4,1,1,1
595,6.1667,18.9167,1.147,0.3067,0.1533,0.56,4,high,house,gable,False,6,18,0,5,2,1,2
596,6.5833,18.9167,1.2,0.1533,0.1533,0.84,6,high,house,gable,False,6,18,3,5,1,1,1
597,6.9167,18.9167,1.241,0.1533,0.1533,0.42,3,high,house,gable,False,6,18,5,5,1,1,1
598,6.1667,19.25,1.136,0.3067,0.1533,0.42,3,low,house,gable,False,6,19,0,1,2,1,2
599,6.0833,19.4167,1.12,0.1533,0.1533,0.28,2,low,house,gable,False,6,19,0,2,1,1,1
600,6.3333,19.75,1.139,0.3067,0.46,0.42,3,low,house,hip,False,6,19,1,3,2,3,6
601,6.0833,19.9167,1.102,0.1533,0.1533,0.14,1,low,house,gable,False,6,19,0,5,1,1,1
602,6.25,20.0833,1.116,0.46,0.1533,0.42,3,low,house,gable,False,6,20,0,0,3,1,3
603,6.25,20.25,1.11,0.1533,0.1533,0.42,3,low,house,gable,False,6,20,1,1,1,1,1
604,6.4167,21.4167,1.079,0.1533,0.46,0.14,1,low,house,hip,False,6,21,2,1,1,3,3
605,6.25,21.4167,1.062,0.1533,0.1533,0.42,3,low,house,gable,False,6,21,1,2,1,1,1
606,6.5833,21.4167,1.096,0.1533,0.1533,0.42,3,low,house,gable,False,6,21,3,2,1,1,1
607,6.25,23.5,0.966,0.46,0.3067,0.42,3,low,house,gable,False,6,23,0,2,3,2,6
608,6.8333,25.1667,0.917,0.3067,0.3067,0.42,3,low,house,gable,False,6,25,4,0,2,2,4
609,6.5833,25.5833,0.88,0.1533,0.1533,0.42,3,low,house,gable,False,6,25,3,3,1,1,1
610,6.75,25.8333,0.875,0.1533,0.3067,0.28,2,low,house,hip,False,6,25,4,4,1,2,2
611,6.5833,25.9167,0.862,0.1533,0.1533,0.28,2,low,house,gable,False,6,25,3,5,1,1,1
612,7.8333,0.25,0.723,0.3067,0.46,0.42,3,low,house,hip,False,7,0,4,0,2,3,6
613,7.75,0.5833,0.743,0.1533,0.1533,0.14,1,low,house,gable,False,7,0,4,3,1,1,1
614,7.6667,1.0833,0.773,0.3067,0.1533,0.28,2,low,house,gable,False,7,1,3,0,2,1,2
615,7.5833,1.25,0.781,0.1533,0.1533,0.28,2,low,house,gable,False,7,1,3,1,1,1,1
616,7.5,1.5833,0.8,0.3067,0.1533,0.42,3,low,house,gable,False,7,1,2,3,2,1,2
617,7.75,1.75,0.815,0.46,0.1533,0.28,2,low,house,gable,False,7,1,3,4,3,1,3
618,7.75,1.9167,0.825,0.1533,0.1533,0.14,1,low,house,gable,False,7,1,4,5,1,1,1
619,7.5833,2.8333,0.878,0.1533,0.3067,0.14,1,low,house,hip,False,7,2,3,4,1,2,2
620,7.4167,2.9167,0.877,0.1533,0.1533,0.42,3,low,house,gable,False,7,2,2,5,1,1,1
621,7.5833,3.25,0.903,0.1533,0.46,0.42,3,low,house,hip,False,7,3,3,0,1,3,3
622,7.75,3.0833,0.898,0.1533,0.1533,0.42,3,low,house,gable,False,7,3,4,0,1,1,1
623,7.5,3.5833,0.92,0.3067,0.1533,0.14,1,low,house,gable,False,7,3,2,3,2,1,2
624,7.5833,3.75,0.934,0.1533,0.1533,0.28,2,low,house,gable,False,7,3,3,4,1,1,1
625,7.8333,6.0833,1.093,0.3067,0.1533,0.42,3,low,house,gable,False,7,6,4,0,2,1,2
626,7.9167,6.25,1.109,0.1533,0.1533,0.42,3,low,house,gable,False,7,6,5,1,1,1,1
627,7.25,7.0833,1.112,0.46,0.1533,0.56,4,medium,house,gable,False,7,7,0,0,3,1,3
628,7.0833,7.3333,1.111,0.1533,0.3067,0.42,3,medium,house,hip,False,7,7,0,1,1,2,2
629,7.4167,7.3333,1.139,0.1533,0.3067,0.56,4,medium,house,hip,False,7,7,2,1,1,2,2
630,7.75,7.3333,1.166,0.1533,0.3067,0.42,3,medium,house,hip,False,7,7,4,1,1,2,2
631,7.25,7.5,1.135,0.1533,0.3067,0.56,4,medium,house,hip,False,7,7,1,2,1,2,2
632,7.5833,7.5833,1.168,0.1533,0.1533,0.56,4,medium,house,gable,False,7,7,3,3,1,1,1
633,7.9167,7.75,1.204,0.1533,0.46,0.42,3,medium,house,hip,False,7,7,5,3,1,3,3
634,7.75,7.8333,1.196,0.1533,0.3067,0.56,4,medium,house,hip,False,7,7,4,4,1,2,2
635,7.25,8.1667,1.171,0.46,0.3067,0.7,5,high,house,gable,False,7,8,0,0,3,2,6
636,7.75,8.1667,1.216,0.46,0.3067,0.84,6,high,house,gable,False,7,8,3,0,3,2,6
637,7.25,8.5833,1.192,0.46,0.1533,0.7,5,high,house,gable,False,7,8,0,3,3,1,3
638,7.75,8.5833,1.24,0.46,0.1533,0.98,7,high,house,gable,False,7,8,3,3,3,1,3
639,7.0833,8.8333,1.188,0.1533,0.3067,0.56,4,high,house,hip,False,7,8,0,4,1,2,2
640,7.5833,8.8333,1.238,0.1533,0.3067,0.84,6,high,house,hip,False,7,8,3,4,1,2,2
641,7.9167,8.8333,1.269,0.1533,0.3067,0.84,6,high,house,hip,False,7,8,5,4,1,2,2
642,7.3333,8.9167,1.218,0.3067,0.1533,0.84,6,high,house,gable,False,7,8,1,5,2,1,2
643,7.75,8.9167,1.258,0.1533,0.1533,0.7,5,high,house,gable,False,7,8,4,5,1,1,1
644,7.25,9.0833,1.218,0.46,0.1533,0.84,6,high,house,gable,False,7,9,0,0,3,1,3
645,7.0833,9.3333,1.212,0.1533,0.3067,0.7,5,high,house,hip,False,7,9,0,1,1,2,2
646,7.5833,9.25,1.26,0.1533,0.1533,0.42,3,high,house,gable,False,7,9,3,1,1,1,1
647,7.9167,9.4167,1.301,0.1533,0.46,0.84,6,high,house,hip,False,7,9,5,1,1,3,3
648,7.3333,9.5,1.247,0.3067,0.3067,0.98,7,high,house,gable,False,7,9,1,2,2,2,4
649,7.75,9.4167,1.285,0.1533,0.1533,0.84,6,high,house,gable,False,7,9,4,2,1,1,1
650,7.5833,9.6667,1.281,0.1533,0.3067,0.84,6,high,house,hip,False,7,9,3,3,1,2,2
651,7.1667,9.75,1.24,0.3067,0.1533,0.7,5,high,house,gable,False,7,9,0,4,2,1,2
652,7.8333,9.8333,1.315,0.3067,0.3067,0.84,6,high,house,gable,False,7,9,4,4,2,2,4
653,7.4167,9.9167,1.275,0.1533,0.1533,0.84,6,high,house,gable,False,7,9,2,5,1,1,1
654,7.1667,10.1667,1.258,0.3067,0.3067,0.56,4,high,house,gable,False,7,10,0,0,2,2,4
655,7.75,10.0833,1.318,0.46,0.1533,0.42,3,high,house,gable,False,7,10,3,0,3,1,3
656,7.4167,10.4167,1.297,0.1533,0.46,0.98,7,high,house,hip,False,7,10,2,1,1,3,3
657,7.5833,10.25,1.308,0.1533,0.1533,0.42,3,high,house,gable,False,7,10,3,1,1,1,1
658,7.9167,10.3333,1.348,0.1533,0.3067,0.84,6,high,house,hip,False,7,10,5,1,1,2,2
659,7.0833,10.4167,1.258,0.1533,0.1533,0.7,5,high,house,gable,False,7,10,0,2,1,1,1
660,7.75,10.5833,1.341,0.1533,0.46,0.7,5,high,house,hip,False,7,10,4,2,1,3,3
661,7.25,10.75,1.291,0.1533,0.46,0.84,6,high,house,hip,False,7,10,1,3,1,3,3
662,7.5833,10.5833,1.323,0.1533,0.1533,0.56,4,high,house,gable,False,7,10,3,3,1,1,1
663,7.0833,10.75,1.271,0.1533,0.1533,0.7,5,high,house,gable,False,7,10,0,4,1,1,1
664,7.9167,10.75,1.367,0.1533,0.1533,0.7,5,high,house,gable,False,7,10,5,4,1,1,1
665,7.5833,10.9167,1.337,0.46,0.1533,0.84,6,high,house,gable,False,7,10,2,5,3,1,3
666,7.25,11.25,1.31,0.1533,0.46,0.84,6,high,house,hip,False,7,11,1,0,1,3,3
667,7.8333,11.1667,1.375,0.3067,0.3067,0.84,6,high,house,gable,False,7,11,4,0,2,2,4
668,7.0833,11.25,1.289,0.1533,0.1533,0.7,5,high,house,gable,False,7,11,0,1,1,1,1
669,7.5833,11.3333,1.353,0.1533,0.3067,0.98,7,high,house,hip,False,7,11,3,1,1,2,2
670,7.75,11.5833,1.381,0.1533,0.46,0.84,6,high,house,hip,False,7,11,4,2,1,3,3
671,7.25,11.6667,1.323,0.46,0.3067,0.84,6,high,house,gable,False,7,11,0,3,3,2,6
672,7.9167,11.5833,1.4,0.1533,0.1533,0.7,5,high,house,gable,False,7,11,5,3,1,1,1
673,7.0833,11.9167,1.309,0.1533,0.1533,0.56,4,high,house,gable,False,7,11,0,5,1,1,1
674,7.75,11.9167,1.392,0.46,0.1533,0.84,6,high,house,gable,False,7,11,3,5,3,1,3
675,7.1667,13.1667,1.348,0.3067,0.3067,0.84,6,high,house,gable,False,7,13,0,0,2,2,4
676,7.75,13.0833,1.422,0.46,0.1533,0.7,5,high,house,gable,False,7,13,3,0,3,1,3
677,7.4167,13.3333,1.384,0.1533,0.3067,0.56,4,high,house,hip,False,7,13,2,1,1,2,2
678,7.75,13.3333,1.426,0.1533,0.3067,0.56,4,high,house,hip,False,7,13,4,1,1,2,2
679,7.0833,13.4167,1.341,0.1533,0.1533,0.42,3,high,house,gable,False,7,13,0,2,1,1,1
680,7.5833,13.5833,1.409,0.1533,0.46,0.98,7,high,house,hip,False,7,13,3,2,1,3,3
681,7.9167,13.4167,1.448,0.1533,0.1533,0.7,5,high,house,gable,False,7,13,5,2,1,1,1
682,7.4167,13.75,1.389,0.1533,0.1533,0.56,4,high,house,gable,False,7,13,2,4,1,1,1
683,7.75,13.8333,1.433,0.1533,0.3067,0.42,3,high,house,hip,False,7,13,4,4,1,2,2
684,7.5833,13.9167,1.412,0.1533,0.1533,0.7,5,high,house,gable,False,7,13,3,5,1,1,1
685,7.0833,14.25,1.348,0.1533,0.46,0.7,5,high,house,hip,False,7,14,0,0,1,3,3
686,7.25,14.0833,1.37,0.1533,0.1533,0.84,6,high,house,gable,False,7,14,1,0,1,1,1
687,7.75,14.0833,1.435,0.46,0.1533,0.7,5,high,house,gable,False,7,14,3,0,3,1,3
688,7.5,14.25,1.404,0.3067,0.1533,0.84,6,high,house,gable,False,7,14,2,1,2,1,2
689,7.9167,14.4167,1.457,0.1533,0.46,0.7,5,high,house,hip,False,7,14,5,1,1,3,3
690,7.25,14.5833,1.372,0.1533,0.46,0.84,6,high,house,hip,False,7,14,1,2,1,3,3
691,7.5833,14.5,1.416,0.1533,0.3067,0.98,7,high,house,hip,False,7,14,3,2,1,2,2
692,7.0833,14.75,1.349,0.1533,0.46,0.84,6,high,house,hip,False,7,14,0,3,1,3,3
693,7.8333,14.8333,1.447,0.3067,0.3067,0.84,6,high,house,gable,False,7,14,4,4,2,2,4
694,7.25,14.9167,1.372,0.1533,0.1533,0.56,4,high,house,gable,False,7,14,1,5,1,1,1
695,7.25,15.0833,1.371,0.46,0.1533,0.84,6,high,house,gable,False,7,15,0,0,3,1,3
696,7.5833,15.0833,1.415,0.1533,0.1533,0.84,6,high,house,gable,False,7,15,3,0,1,1,1
697,7.9167,15.25,1.455,0.1533,0.46,0.56,4,high,house,hip,False,7,15,5,0,1,3,3
698,7.3333,15.25,1.381,0.3067,0.1533,0.84,6,high,house,gable,False,7,15,1,1,2,1,2
699,7.75,15.4167,1.434,0.1533,0.46,0.7,5,high,house,hip,False,7,15,4,1,1,3,3
700,7.0833,15.5,1.346,0.1533,0.3067,0.56,4,high,house,hip,False,7,15,0,2,1,2,2
701,7.4167,15.5,1.39,0.1533,0.3067,0.84,6,high,house,hip,False,7,15,2,2,1,2,2
702,7.25,15.5833,1.368,0.1533,0.1533,0.84,6,high,house,gable,False,7,15,1,3,1,1,1
703,7.9167,15.6667,1.451,0.1533,0.3067,0.84,6,high,house,hip,False,7,15,5,3,1,2,2
704,7.5833,15.8333,1.408,0.1533,0.3067,0.84,6,high,house,hip,False,7,15,3,4,1,2,2
705,7.25,15.9167,1.364,0.46,0.1533,0.84,6,high,house,gable,False,7,15,0,5,3,1,3
706,7.25,16.0833,1.361,0.46,0.1533,0.7,5,high,house,gable,False,7,16,0,0,3,1,3
707,7.5833,16.25,1.402,0.1533,0.46,0.98,7,high,house,hip,False,7,16,3,0,1,3,3
708,7.9167,16.1667,1.444,0.1533,0.3067,0.84,6,high,house,hip,False,7,16,5,0,1,2,2
709,7.0833,16.25,1.337,0.1533,0.1533,0.42,3,high,house,gable,False,7,16,0,1,1,1,1
710,7.75,16.25,1.422,0.1533,0.1533,0.84,6,high,house,gable,False,7,16,4,1,1,1,1
711,7.25,16.5,1.354,0.1533,0.3067,0.84,6,high,house,hip,False,7,16,1,2,1,2,2
712,7.0833,16.75,1.327,0.1533,0.46,0.84,6,high,house,hip,False,7,16,0,3,1,3,3
713,7.4167,16.5833,1.374,0.1533,0.1533,0.7,5,high,house,gable,False,7,16,2,3,1,1,1
714,7.8333,16.75,1.421,0.3067,0.46,0.7,5,high,house,hip,False,7,16,4,3,2,3,6
715,7.5833,16.75,1.391,0.1533,0.1533,0.84,6,high,house,gable,False,7,16,3,4,1,1,1
716,7.3333,16.9167,1.356,0.3067,0.1533,0.84,6,high,house,gable,False,7,16,1,5,2,1,2
717,7.75,17.0833,1.402,0.46,0.1533,0.84,6,high,house,gable,False,7,17,3,0,3,1,3
718,7.4167,17.3333,1.355,0.1533,0.3067,0.98,7,high,house,hip,False,7,17,2,1,1,2,2
719,7.9167,17.4167,1.411,0.1533,0.46,0.84,6,high,house,hip,False,7,17,5,1,1,3,3
720,7.0833,17.5833,1.306,0.1533,0.46,0.84,6,high,house,hip,False,7,17,0,2,1,3,3
721,7.5833,17.4167,1.373,0.1533,0.1533,0.84,6,high,house,gable,False,7,17,3,2,1,1,1
722,7.25,17.5833,1.327,0.1533,0.1533,0.7,5,high,house,gable,False,7,17,1,3,1,1,1
723,7.75,17.5833,1.387,0.1533,0.1533,0.84,6,high,house,gable,False,7,17,4,3,1,1,1
724,7.5,17.8333,1.35,0.3067,0.3067,0.84,6,high,house,gable,False,7,17,2,4,2,2,4
725,7.9167,17.8333,1.397,0.1533,0.3067,0.84,6,high,house,hip,False,7,17,5,4,1,2,2
726,7.75,17.9167,1.375,0.1533,0.1533,0.7,5,high,house,gable,False,7,17,4,5,1,1,1
727,7.1667,18.1667,1.298,0.3067,0.3067,0.84,6,high,house,gable,False,7,18,0,0,2,2,4
728,7.6667,18.1667,1.357,0.3067,0.3067,0.84,6,high,house,gable,False,7,18,3,0,2,2,4
729,7.9167,18.0833,1.387,0.1533,0.1533,0.42,3,high,house,gable,False,7,18,5,0,1,1,1
730,7.25,18.5833,1.293,0.1533,0.46,0.84,6,high,house,hip,False,7,18,1,2,1,3,3
731,7.4167,18.4167,1.319,0.1533,0.1533,0.56,4,high,house,gable,False,7,18,2,2,1,1,1
732,7.8333,18.5,1.361,0.3067,0.3067,0.84,6,high,house,gable,False,7,18,4,2,2,2,4
733,7.0833,18.75,1.267,0.1533,0.46,0.7,5,high,house,hip,False,7,18,0,3,1,3,3
734,7.4167,18.75,1.306,0.1533,0.1533,0.42,3,high,house,gable,False,7,18,2,4,1,1,1
735,7.9167,18.8333,1.355,0.1533,0.3067,0.7,5,high,house,hip,False,7,18,5,4,1,2,2
736,7.25,18.9167,1.28,0.1533,0.1533,0.42,3,high,house,gable,False,7,18,1,5,1,1,1
737,7.6667,18.9167,1.326,0.3067,0.1533,0.84,6,high,house,gable,False,7,18,3,5,2,1,2
738,7.75,19.0833,1.327,0.46,0.1533,0.7,5,high,house,gable,False,7,19,3,0,3,1,3
739,7.4167,19.4167,1.276,0.1533,0.46,0.84,6,high,house,hip,False,7,19,2,1,1,3,3
740,7.5833,19.25,1.302,0.1533,0.1533,0.56,4,high,house,gable,False,7,19,3,1,1,1,1
741,7.9167,19.4167,1.327,0.1533,0.46,0.7,5,high,house,hip,False,7,19,5,1,1,3,3
742,7.75,19.4167,1.311,0.1533,0.1533,0.56,4,high,house,gable,False,7,19,4,2,1,1,1
743,7.5833,19.5833,1.286,0.1533,0.1533,0.7,5,high,house,gable,False,7,19,3,3,1,1,1
744,7.4167,19.8333,1.257,0.1533,0.3067,0.56,4,high,house,hip,False,7,19,2,4,1,2,2
745,7.8333,19.8333,1.298,0.3067,0.3067,0.84,6,high,house,gable,False,7,19,4,4,2,2,4
746,7.0833,19.9167,1.218,0.1533,0.1533,0.56,4,high,house,gable,False,7,19,0,5,1,1,1
747,7.5833,19.9167,1.269,0.1533,0.1533,0.42,3,high,house,gable,False,7,19,3,5,1,1,1
748,7.25,20.25,1.219,0.1533,0.1533,0.14,1,low,house,gable,False,7,20,1,1,1,1,1
749,7.5833,20.4167,1.243,0.46,0.1533,0.42,3,low,house,gable,False,7,20,2,2,3,1,3
750,7.25,20.5833,1.203,0.1533,0.1533,0.42,3,low,house,gable,False,7,20,1,3,1,1,1
751,7.6667,20.5833,1.242,0.3067,0.1533,0.28,2,low,house,gable,False,7,20,3,3,2,1,2
752,7.4167,20.75,1.21,0.1533,0.1533,0.42,3,low,house,gable,False,7,20,2,4,1,1,1
753,7.75,20.75,1.24,0.1533,0.1533,0.28,2,low,house,gable,False,7,20,4,4,1,1,1
754,7.5833,21.5833,1.177,0.1533,0.46,0.42,3,low,house,hip,False,7,21,3,2,1,3,3
755,7.4167,21.75,1.154,0.1533,0.46,0.42,3,low,house,hip,False,7,21,2,3,1,3,3
756,7.75,21.75,1.18,0.1533,0.1533,0.14,1,low,house,gable,False,7,21,4,4,1,1,1
757,7.1667,22.0833,1.115,0.3067,0.1533,0.28,2,low,house,gable,False,7,22,0,0,2,1,2
758,7.25,22.25,1.112,0.1533,0.1533,0.42,3,low,house,gable,False,7,22,1,1,1,1,1
759,7.25,23.0833,1.064,0.46,0.1533,0.42,3,low,house,gable,False,7,23,0,0,3,1,3
760,7.3333,23.25,1.059,0.3067,0.1533,0.42,3,low,house,gable,False,7,23,1,1,2,1,2
761,7.4167,24.25,1.003,0.1533,0.1533,0.28,2,low,house,gable,False,7,24,2,1,1,1,1
762,7.3333,24.75,0.968,0.3067,0.1533,0.28,2,low,house,gable,False,7,24,1,4,2,1,2
763,7.25,24.9167,0.953,0.1533,0.1533,0.42,3,low,house,gable,False,7,24,1,5,1,1,1
764,7.1667,25.1667,0.934,0.3067,0.3067,0.42,3,low,house,gable,False,7,25,0,0,2,2,4
765,7.4167,25.0833,0.951,0.1533,0.1533,0.14,1,low,house,gable,False,7,25,2,0,1,1,1
766,7.1667,26.5,0.853,0.3067,0.3067,0.42,3,low,house,gable,False,7,26,0,2,2,2,4
767,7.4167,26.4167,0.867,0.1533,0.1533,0.28,2,low,house,gable,False,7,26,2,2,1,1,1
768,7.0833,26.75,0.835,0.1533,0.1533,0.42,3,low,house,gable,False,7,26,0,4,1,1,1
769,7.5,26.75,0.848,0.3067,0.1533,0.28,2,low,house,gable,False,7,26,2,4,2,1,2
770,7.5833,26.9167,0.84,0.1533,0.1533,0.28,2,low,house,gable,False,7,26,3,5,1,1,1
771,7.0833,27.8333,0.77,0.1533,0.3067,0.42,3,low,house,hip,False,7,27,0,4,1,2,2
772,7.25,27.9167,0.768,0.1533,0.1533,0.28,2,low,house,gable,False,7,27,1,5,1,1,1
773,8.3333,0.3333,0.73,0.3067,0.3067,0.28,2,low,house,gable,False,8,0,1,1,2,2,4
774,8.0833,0.4167,0.735,0.1533,0.1533,0.42,3,low,house,gable,False,8,0,0,2,1,1,1
775,8.5833,0.5833,0.746,0.1533,0.46,0.42,3,low,house,hip,False,8,0,3,2,1,3,3
776,8.5,0.9167,0.768,0.3067,0.1533,0.28,2,low,house,gable,False,8,0,2,5,2,1,2
777,8.5833,1.0833,0.78,0.46,0.1533,0.42,3,low,house,gable,False,8,1,2,0,3,1,3
778,8.4167,1.3333,0.796,0.1533,0.3067,0.14,1,low,house,hip,False,8,1,2,1,1,2,2
779,8.8333,1.25,0.791,0.3067,0.1533,0.14,1,low,house,gable,False,8,1,4,1,2,1,2
780,8.25,1.4167,0.801,0.1533,0.1533,0.14,1,low,house,gable,False,8,1,1,2,1,1,1
781,8.6667,1.4167,0.803,0.3067,0.1533,0.28,2,low,house,gable,False,8,1,3,2,2,1,2
782,8.5833,2.5833,0.883,0.1533,0.46,0.42,3,low,house,hip,False,8,2,3,2,1,3,3
783,8.4167,2.6667,0.887,0.1533,0.3067,0.28,2,low,house,hip,False,8,2,2,3,1,2,2
784,8.75,2.5833,0.885,0.1533,0.1533,0.28,2,low,house,gable,False,8,2,4,3,1,1,1
785,8.25,2.75,0.889,0.1533,0.1533,0.42,3,low,house,gable,False,8,2,1,4,1,1,1
786,8.0833,6.25,1.119,0.1533,0.46,0.42,3,low,house,hip,False,8,6,0,0,1,3,3
787,8.8333,6.0833,1.145,0.3067,0.1533,0.14,1,low,house,gable,False,8,6,4,0,2,1,2
788,8.25,6.25,1.129,0.1533,0.1533,0.28,2,low,house,gable,False,8,6,1,1,1,1,1
789,8.9167,6.25,1.161,0.1533,0.1533,0.14,1,low,house,gable,False,8,6,5,1,1,1,1
790,8.3333,7.1667,1.196,0.3067,0.3067,0.56,4,medium,house,gable,False,8,7,1,0,2,2,4
791,8.5833,7.0833,1.205,0.1533,0.1533,0.28,2,medium,house,gable,False,8,7,3,0,1,1,1
792,8.0833,7.25,1.185,0.1533,0.1533,0.56,4,medium,house,gable,False,8,7,0,1,1,1,1
793,8.5833,7.5833,1.24,0.1533,0.46,0.56,4,medium,house,hip,False,8,7,3,2,1,3,3
794,8.1667,7.6667,1.218,0.3067,0.3067,0.56,4,medium,house,gable,False,8,7,0,3,2,2,4
795,8.4167,7.5833,1.23,0.1533,0.1533,0.56,4,medium,house,gable,False,8,7,2,3,1,1,1
796,8.0833,7.9167,1.228,0.1533,0.1533,0.28,2,medium,house,gable,False,8,7,0,5,1,1,1
797,8.4167,7.9167,1.252,0.1533,0.1533,0.56,4,medium,house,gable,False,8,7,2,5,1,1,1
798,8.25,8.0833,1.251,0.46,0.1533,0.84,6,high,house,gable,False,8,8,0,0,3,1,3
799,8.75,8.25,1.297,0.1533,0.46,0.84,6,high,house,hip,False,8,8,4,0,1,3,3
800,8.25,8.3333,1.267,0.1533,0.3067,0.84,6,high,house,hip,False,8,8,1,1,1,2,2
801,8.5833,8.25,1.286,0.1533,0.1533,0.56,4,high,house,gable,False,8,8,3,1,1,1,1
802,8.9167,8.3333,1.313,0.1533,0.3067,0.84,6,high,house,hip,False,8,8,5,1,1,2,2
803,8.0833,8.4167,1.258,0.1533,0.1533,0.42,3,high,house,gable,False,8,8,0,2,1,1,1
804,8.4167,8.4167,1.284,0.1533,0.1533,0.7,5,high,house,gable,False,8,8,2,2,1,1,1
805,8.5833,8.75,1.318,0.1533,0.46,0.84,6,high,house,hip,False,8,8,3,3,1,3,3
806,8.75,8.5833,1.319,0.1533,0.1533,0.42,3,high,house,gable,False,8,8,4,3,1,1,1
807,8.1667,8.8333,1.29,0.3067,0.3067,0.7,5,high,house,gable,False,8,8,0,4,2,2,4
808,8.4167,8.75,1.306,0.1533,0.1533,0.42,3,high,house,gable,False,8,8,2,4,1,1,1
809,8.9167,8.8333,1.347,0.1533,0.3067,0.56,4,high,house,hip,False,8,8,5,4,1,2,2
810,8.75,8.9167,1.341,0.1533,0.1533,0.56,4,high,house,gable,False,8,8,4,5,1,1,1
811,8.5,9.0833,1.333,0.3067,0.1533,0.56,4,medium,house,gable,False,8,9,2,0,2,1,2
812,8.25,9.25,1.322,0.1533,0.1533,0.28,2,medium,house,gable,False,8,9,1,1,1,1,1
813,8.5833,9.25,1.35,0.1533,0.1533,0.42,3,medium,house,gable,False,8,9,3,1,1,1,1
814,8.9167,9.4167,1.385,0.1533,0.46,0.56,4,medium,house,hip,False,8,9,5,1,1,3,3
815,8.4167,9.5833,1.356,0.1533,0.46,0.42,3,medium,house,hip,False,8,9,2,2,1,3,3
816,8.75,9.4167,1.373,0.1533,0.1533,0.42,3,medium,house,gable,False,8,9,4,2,1,1,1
817,8.25,9.5833,1.341,0.1533,0.1533,0.28,2,medium,house,gable,False,8,9,1,3,1,1,1
818,8.0833,9.75,1.335,0.1533,0.1533,0.56,4,medium,house,gable,False,8,9,0,4,1,1,1
819,8.5833,9.8333,1.384,0.1533,0.3067,0.56,4,medium,house,hip,False,8,9,3,4,1,2,2
820,8.9167,9.75,1.406,0.1533,0.1533,0.42,3,medium,house,gable,False,8,9,5,4,1,1,1
821,8.3333,9.9167,1.367,0.3067,0.1533,0.42,3,medium,house,gable,False,8,9,1,5,2,1,2
822,8.1667,10.0833,1.36,0.3067,0.1533,0.7,5,high,house,gable,False,8,10,0,0,2,1,2
823,8.5833,10.25,1.407,0.1533,0.46,0.98,7,high,house,hip,False,8,10,3,0,1,3,3
824,8.9167,10.0833,1.426,0.1533,0.1533,0.42,3,high,house,gable,False,8,10,5,0,1,1,1
825,8.3333,10.25,1.384,0.3067,0.1533,0.84,6,high,house,gable,False,8,10,1,1,2,1,2
826,8.0833,10.5833,1.376,0.1533,0.46,0.84,6,high,house,hip,False,8,10,0,2,1,3,3
827,8.25,10.4167,1.385,0.1533,0.1533,0.56,4,high,house,gable,False,8,10,1,2,1,1,1
828,8.5,10.5833,1.417,0.3067,0.1533,0.7,5,high,house,gable,False,8,10,2,3,2,1,2
829,8.25,10.8333,1.405,0.1533,0.3067,0.84,6,high,house,hip,False,8,10,1,4,1,2,2
830,8.5833,10.8333,1.437,0.1533,0.3067,0.84,6,high,house,hip,False,8,10,3,4,1,2,2
831,8.0833,10.9167,1.391,0.1533,0.1533,0.7,5,high,house,gable,False,8,10,0,5,1,1,1
832,8.4167,10.9167,1.425,0.1533,0.1533,0.56,4,high,house,gable,False,8,10,2,5,1,1,1
833,8.25,11.0833,1.416,0.46,0.1533,0.7,5,high,house,gable,False,8,11,0,0,3,1,3
834,8.8333,11.1667,1.475,0.3067,0.3067,0.84,6,high,house,gable,False,8,11,4,0,2,2,4
835,8.0833,11.4167,1.412,0.1533,0.46,0.84,6,high,house,hip,False,8,11,0,1,1,3,3
836,8.4167,11.4167,1.447,0.1533,0.46,0.98,7,high,house,hip,False,8,11,2,1,1,3,3
837,8.75,11.5,1.482,0.1533,0.3067,0.84,6,high,house,hip,False,8,11,4,2,1,2,2
838,8.25,11.5833,1.436,0.1533,0.1533,0.84,6,high,house,gable,False,8,11,1,3,1,1,1
839,8.9167,11.6667,1.504,0.1533,0.3067,0.7,5,high,house,hip,False,8,11,5,3,1,2,2
840,8.0833,11.8333,1.427,0.1533,0.3067,0.84,6,high,house,hip,False,8,11,0,4,1,2,2
841,8.5,11.75,1.468,0.3067,0.1533,0.84,6,high,house,gable,False,8,11,2,4,2,1,2
842,8.3333,11.9167,1.457,0.3067,0.1533,0.84,6,high,house,gable,False,8,11,1,5,2,1,2
843,8.25,12.0833,1.454,0.46,0.1533,0.84,6,high,house,gable,False,8,12,0,0,3,1,3
844,8.75,12.0833,1.505,0.46,0.1533,0.84,6,high,house,gable,False,8,12,3,0,3,1,3
845,8.0833,12.25,1.441,0.1533,0.1533,0.56,4,high,house,gable,False,8,12,0,1,1,1,1
846,8.5833,12.3333,1.497,0.1533,0.3067,0.84,6,high,house,hip,False,8,12,3,1,1,2,2
847,8.9167,12.25,1.526,0.1533,0.1533,0.84,6,high,house,gable,False,8,12,5,1,1,1,1
848,8.3333,12.5,1.475,0.3067,0.3067,0.84,6,high,house,gable,False,8,12,1,2,2,2,4
849,8.0833,12.75,1.454,0.1533,0.46,0.84,6,high,house,hip,False,8,12,0,3,1,3,3
850,8.8333,12.5833,1.529,0.3067,0.1533,0.7,5,high,house,gable,False,8,12,4,3,2,1,2
851,8.5,12.8333,1.502,0.3067,0.3067,0.56,4,high,house,gable,False,8,12,2,4,2,2,4
852,8.9167,12.75,1.541,0.1533,0.1533,0.42,3,high,house,gable,False,8,12,5,4,1,1,1
853,8.25,12.9167,1.477,0.1533,0.1533,0.56,4,high,house,gable,False,8,12,1,5,1,1,1
854,8.75,12.9167,1.53,0.1533,0.1533,0.56,4,high,house,gable,False,8,12,4,5,1,1,1
855,8.25,13.0833,1.48,0.46,0.1533,0.84,6,high,house,gable,False,8,13,0,0,3,1,3
856,8.6667,13.0833,1.525,0.3067,0.1533,0.84,6,high,house,gable,False,8,13,3,0,2,1,2
857,8.25,13.25,1.484,0.1533,0.1533,0.42,3,high,house,gable,False,8,13,1,1,1,1,1
858,8.0833,13.5833,1.47,0.1533,0.46,0.84,6,high,house,hip,False,8,13,0,2,1,3,3
859,8.5,13.5833,1.517,0.3067,0.46,0.98,7,high,house,hip,False,8,13,2,2,2,3,6
860,8.8333,13.4167,1.548,0.3067,0.1533,0.84,6,high,house,gable,False,8,13,4,2,2,1,2
861,8.9167,13.75,1.562,0.1533,0.46,0.7,5,high,house,hip,False,8,13,5,3,1,3,3
862,8.25,13.9167,1.493,0.46,0.1533,0.84,6,high,house,gable,False,8,13,0,5,3,1,3
863,8.6667,13.9167,1.538,0.3067,0.1533,0.56,4,high,house,gable,False,8,13,3,5,2,1,2
864,8.5833,14.4167,1.533,0.11,0.11,2.24,16,high,tower,flat,True,8,14,3,2,1,1,1
865,8.25,14.0833,1.495,0.46,0.1533,0.42,3,high,house,gable,False,8,14,0,0,3,1,3
866,8.5833,14.1667,1.532,0.1533,0.3067,0.56,4,high,house,hip,False,8,14,3,0,1,2,2
867,8.0833,14.25,1.476,0.1533,0.1533,0.56,4,high,house,gable,False,8,14,0,1,1,1,1
868,8.3333,14.4167,1.506,0.3067,0.1533,0.84,6,high,house,gable,False,8,14,1,2,2,1,2
869,8.9167,14.5833,1.567,0.1533,0.46,0.84,6,high,house,hip,False,8,14,5,2,1,3,3
870,8.0833,14.5833,1.477,0.1533,0.1533,0.42,3,high,house,gable,False,8,14,0,3,1,1,1
871,8.75,14.5833,1.551,0.1533,0.1533,0.7,5,high,house,gable,False,8,14,4,3,1,1,1
872,8.8333,14.9167,1.559,0.3067,0.1533,0.7,5,high,house,gable,False,8,14,4,5,2,1,2
873,8.1667,15.25,1.485,0.3067,0.46,0.84,6,high,house,hip,False,8,15,0,0,2,3,6
874,8.4167,15.0833,1.514,0.1533,0.1533,0.42,3,high,house,gable,False,8,15,2,0,1,1,1
875,8.8333,15.25,1.557,0.3067,0.46,0.84,6,high,house,hip,False,8,15,4,0,2,3,6
876,8.25,15.6667,1.49,0.1533,0.3067,0.7,5,high,house,hip,False,8,15,1,3,1,2,2
877,8.5833,15.75,1.525,0.1533,0.46,0.84,6,high,house,hip,False,8,15,3,3,1,3,3
878,8.9167,15.75,1.559,0.1533,0.46,0.84,6,high,house,hip,False,8,15,5,3,1,3,3
879,8.0833,15.75,1.47,0.1533,0.1533,0.84,6,high,house,gable,False,8,15,0,4,1,1,1
880,8.75,15.9167,1.539,0.1533,0.1533,0.56,4,high,house,gable,False,8,15,4,5,1,1,1
881,8.4167,16.0833,1.502,0.46,0.1533,0.84,6,high,house,gable,False,8,16,1,0,3,1,3
882,8.0833,16.4167,1.458,0.1533,0.46,0.7,5,high,house,hip,False,8,16,0,1,1,3,3
883,8.25,16.25,1.48,0.1533,0.1533,0.7,5,high,house,gable,False,8,16,1,1,1,1,1
884,8.5833,16.25,1.516,0.1533,0.1533,0.42,3,high,house,gable,False,8,16,3,1,1,1,1
885,8.8333,16.5,1.535,0.3067,0.3067,0.7,5,high,house,gable,False,8,16,4,2,2,2,4
886,8.4167,16.5833,1.49,0.46,0.1533,0.98,7,high,house,gable,False,8,16,1,3,3,1,3
887,8.3333,16.9167,1.472,0.3067,0.1533,0.84,6,high,house,gable,False,8,16,1,5,2,1,2
888,8.25,17.0833,1.459,0.46,0.1533,0.84,6,high,house,gable,False,8,17,0,0,3,1,3
889,8.5833,17.0833,1.493,0.1533,0.1533,0.56,4,high,house,gable,False,8,17,3,0,1,1,1
890,8.9167,17.25,1.519,0.1533,0.46,0.56,4,high,house,hip,False,8,17,5,0,1,3,3
891,8.0833,17.25,1.435,0.1533,0.1533,0.42,3,high,house,gable,False,8,17,0,1,1,1,1
892,8.75,17.25,1.503,0.1533,0.1533,0.84,6,high,house,gable,False,8,17,4,1,1,1,1
893,8.4167,17.4167,1.465,0.46,0.1533,0.98,7,high,house,gable,False,8,17,1,2,3,1,3
894,8.0833,17.75,1.418,0.1533,0.46,0.7,5,high,house,hip,False,8,17,0,3,1,3,3
895,8.25,17.5833,1.442,0.1533,0.1533,0.42,3,high,house,gable,False,8,17,1,3,1,1,1
896,8.5833,17.5833,1.475,0.1533,0.1533,0.84,6,high,house,gable,False,8,17,3,3,1,1,1
897,8.9167,17.75,1.499,0.1533,0.46,0.7,5,high,house,hip,False,8,17,5,3,1,3,3
898,8.4167,17.8333,1.449,0.1533,0.3067,0.56,4,high,house,hip,False,8,17,2,4,1,2,2
899,8.75,17.75,1.484,0.1533,0.1533,0.84,6,high,house,gable,False,8,17,4,4,1,1,1
900,8.25,17.9167,1.429,0.1533,0.1533,0.56,4,high,house,gable,False,8,17,1,5,1,1,1
901,8.5833,17.9167,1.462,0.1533,0.1533,0.42,3,high,house,gable,False,8,17,3,5,1,1,1
902,8.4167,18.1667,1.435,0.46,0.3067,0.7,5,high,house,gable,False,8,18,1,0,3,2,6
903,8.75,18.1667,1.466,0.1533,0.3067,0.84,6,high,house,hip,False,8,18,4,0,1,2,2
904,8.0833,18.25,1.398,0.1533,0.1533,0.84,6,high,house,gable,False,8,18,0,1,1,1,1
905,8.9167,18.4167,1.468,0.1533,0.46,0.84,6,high,house,hip,False,8,18,5,1,1,3,3
906,8.25,18.5,1.404,0.1533,0.3067,0.42,3,high,house,hip,False,8,18,1,2,1,2,2
907,8.0833,18.5833,1.384,0.1533,0.1533,0.7,5,high,house,gable,False,8,18,0,3,1,1,1
908,8.6667,18.5833,1.438,0.3067,0.1533,0.84,6,high,house,gable,False,8,18,3,3,2,1,2
909,8.25,19.0833,1.376,0.46,0.1533,0.56,4,high,house,gable,False,8,19,0,0,3,1,3
910,8.9167,19.25,1.423,0.1533,0.46,0.56,4,high,house,hip,False,8,19,5,0,1,3,3
911,8.0833,19.4167,1.343,0.1533,0.46,0.84,6,high,house,hip,False,8,19,0,1,1,3,3
912,8.4167,19.4167,1.373,0.1533,0.46,0.84,6,high,house,hip,False,8,19,2,1,1,3,3
913,8.75,19.4167,1.4,0.1533,0.46,0.56,4,high,house,hip,False,8,19,4,1,1,3,3
914,8.25,19.4167,1.358,0.1533,0.1533,0.84,6,high,house,gable,False,8,19,1,2,1,1,1
915,8.9167,19.6667,1.398,0.1533,0.3067,0.7,5,high,house,hip,False,8,19,5,3,1,2,2
916,8.4167,19.8333,1.349,0.1533,0.3067,0.7,5,high,house,hip,False,8,19,2,4,1,2,2
917,8.25,19.9167,1.33,0.1533,0.1533,0.42,3,high,house,gable,False,8,19,1,5,1,1,1
918,8.5833,20.0833,1.347,0.46,0.1533,0.56,4,high,house,gable,False,8,20,2,0,3,1,3
919,8.9167,20.25,1.36,0.1533,0.46,0.84,6,high,house,hip,False,8,20,5,0,1,3,3
920,8.0833,20.25,1.297,0.1533,0.1533,0.7,5,high,house,gable,False,8,20,0,1,1,1,1
921,8.5833,20.4167,1.326,0.1533,0.46,0.7,5,high,house,hip,False,8,20,3,1,1,3,3
922,8.4167,20.5833,1.303,0.1533,0.46,0.98,7,high,house,hip,False,8,20,2,2,1,3,3
923,8.9167,20.75,1.327,0.1533,0.46,0.84,6,high,house,hip,False,8,20,5,3,1,3,3
924,8.75,20.8333,1.31,0.1533,0.3067,0.84,6,high,house,hip,False,8,20,4,4,1,2,2
925,8.0833,20.9167,1.257,0.1533,0.1533,0.56,4,high,house,gable,False,8,20,0,5,1,1,1
926,8.5,20.9167,1.288,0.3067,0.1533,0.56,4,high,house,gable,False,8,20,2,5,2,1,2
927,8.25,22.3333,1.176,0.1533,0.3067,0.28,2,low,house,hip,False,8,22,1,1,1,2,2
928,8.0833,22.5,1.155,0.1533,0.3067,0.42,3,low,house,hip,False,8,22,0,2,1,2,2
929,8.1667,23.3333,1.102,0.3067,0.3067,0.28,2,low,house,gable,False,8,23,0,1,2,2,4
930,8.0833,23.5833,1.081,0.1533,0.1533,0.42,3,low,house,gable,False,8,23,0,3,1,1,1
931,8.9167,26.25,0.909,0.1533,0.1533,0.28,2,low,house,gable,False,8,26,5,1,1,1,1
932,8.1667,26.6667,0.869,0.3067,0.3067,0.42,3,low,house,gable,False,8,26,0,3,2,2,4
933,8.6667,27.0833,0.844,0.3067,0.1533,0.42,3,low,house,gable,False,8,27,3,0,2,1,2
934,8.8333,27.25,0.833,0.3067,0.1533,0.28,2,low,house,gable,False,8,27,4,1,2,1,2
935,8.5833,27.8333,0.789,0.1533,0.3067,0.42,3,low,house,hip,False,8,27,3,4,1,2,2
936,8.75,27.9167,0.783,0.1533,0.1533,0.42,3,low,house,gable,False,8,27,4,5,1,1,1
937,9.9167,1.5,0.799,0.1533,0.3067,0.42,3,low,house,hip,False,9,1,5,2,1,2,2
938,9.75,1.6667,0.815,0.1533,0.3067,0.42,3,low,house,hip,False,9,1,4,3,1,2,2
939,9.75,2.25,0.86,0.1533,0.1533,0.42,3,low,house,gable,False,9,2,4,1,1,1,1
940,9.5,2.4167,0.875,0.3067,0.1533,0.42,3,low,house,gable,False,9,2,2,2,2,1,2
941,9.9167,2.4167,0.872,0.1533,0.1533,0.28,2,low,house,gable,False,9,2,5,2,1,1,1
942,9.6667,2.5833,0.887,0.3067,0.1533,0.28,2,low,house,gable,False,9,2,3,3,2,1,2
943,9.6667,4.6667,1.055,0.3067,0.3067,0.42,3,low,house,gable,False,9,4,3,3,2,2,4
944,9.9167,4.5833,1.051,0.1533,0.1533,0.28,2,low,house,gable,False,9,4,5,3,1,1,1
945,9.4167,4.8333,1.065,0.1533,0.3067,0.28,2,low,house,hip,False,9,4,2,4,1,2,2
946,9.75,4.9167,1.077,0.1533,0.1533,0.14,1,low,house,gable,False,9,4,4,5,1,1,1
947,9.1667,7.0833,1.235,0.3067,0.1533,0.56,4,medium,house,gable,False,9,7,0,0,2,1,2
948,9.0833,7.25,1.244,0.1533,0.1533,0.28,2,medium,house,gable,False,9,7,0,1,1,1,1
949,9.4167,7.3333,1.266,0.1533,0.3067,0.56,4,medium,house,hip,False,9,7,2,1,1,2,2
950,9.25,7.5,1.271,0.1533,0.3067,0.42,3,medium,house,hip,False,9,7,1,2,1,2,2
951,9.5833,7.5,1.286,0.1533,0.3067,0.56,4,medium,house,hip,False,9,7,3,2,1,2,2
952,9.0833,7.75,1.281,0.1533,0.46,0.56,4,medium,house,hip,False,9,7,0,3,1,3,3
953,9.4167,7.8333,1.305,0.1533,0.3067,0.56,4,medium,house,hip,False,9,7,2,4,1,2,2
954,9.25,7.9167,1.303,0.1533,0.1533,0.28,2,medium,house,gable,False,9,7,1,5,1,1,1
955,9.5833,7.9167,1.319,0.1533,0.1533,0.42,3,medium,house,gable,False,9,7,3,5,1,1,1
956,9.3333,8.1667,1.325,0.3067,0.3067,0.56,4,medium,house,gable,False,9,8,1,0,2,2,4
957,9.8333,8.25,1.355,0.3067,0.46,0.56,4,medium,house,hip,False,9,8,4,0,2,3,6
958,9.1667,8.4167,1.334,0.3067,0.1533,0.56,4,medium,house,gable,False,9,8,0,2,2,1,2
959,9.5833,8.4167,1.357,0.1533,0.1533,0.28,2,medium,house,gable,False,9,8,3,2,1,1,1
960,9.4167,8.6667,1.367,0.1533,0.3067,0.56,4,medium,house,hip,False,9,8,2,3,1,2,2
961,9.75,8.5833,1.378,0.1533,0.1533,0.28,2,medium,house,gable,False,9,8,4,3,1,1,1
962,9.1667,8.75,1.358,0.3067,0.1533,0.42,3,medium,house,gable,False,9,8,0,4,2,1,2
963,9.5833,8.8333,1.388,0.1533,0.3067,0.56,4,medium,house,hip,False,9,8,3,4,1,2,2
964,9.25,8.9167,1.375,0.1533,0.1533,0.42,3,medium,house,gable,False,9,8,1,5,1,1,1
965,9.5833,9.0833,1.406,0.46,0.1533,0.56,4,medium,house,gable,False,9,9,2,0,3,1,3
966,9.25,9.25,1.397,0.1533,0.1533,0.56,4,medium,house,gable,False,9,9,1,1,1,1,1
967,9.75,9.25,1.427,0.46,0.1533,0.28,2,medium,house,gable,False,9,9,3,1,3,1,3
968,9.4167,9.5,1.425,0.1533,0.3067,0.56,4,medium,house,hip,False,9,9,2,2,1,2,2
969,9.9167,9.5,1.453,0.1533,0.3067,0.56,4,medium,house,hip,False,9,9,5,2,1,2,2
970,9.6667,9.5833,1.445,0.3067,0.1533,0.56,4,medium,house,gable,False,9,9,3,3,2,1,2
971,9.75,9.8333,1.467,0.1533,0.3067,0.56,4,medium,house,hip,False,9,9,4,4,1,2,2
972,9.5833,9.9167,1.462,0.1533,0.1533,0.42,3,medium,house,gable,False,9,9,3,5,1,1,1
973,9.25,11.0833,1.506,0.46,0.1533,0.84,6,high,house,gable,False,9,11,0,0,3,1,3
974,9.5833,11.1667,1.535,0.1533,0.3067,0.56,4,high,house,hip,False,9,11,3,0,1,2,2
975,9.9167,11.25,1.561,0.1533,0.46,0.7,5,high,house,hip,False,9,11,5,0,1,3,3
976,9.0833,11.25,1.5,0.1533,0.1533,0.84,6,high,house,gable,False,9,11,0,1,1,1,1
977,9.75,11.25,1.55,0.1533,0.1533,0.42,3,high,house,gable,False,9,11,4,1,1,1,1
978,9.25,11.5,1.526,0.1533,0.3067,0.42,3,high,house,hip,False,9,11,1,2,1,2,2
979,9.0833,11.75,1.522,0.1533,0.46,0.7,5,high,house,hip,False,9,11,0,3,1,3,3
980,9.6667,11.5833,1.561,0.3067,0.1533,0.98,7,high,house,gable,False,9,11,3,3,2,1,2
981,9.4167,11.8333,1.553,0.1533,0.3067,0.84,6,high,house,hip,False,9,11,2,4,1,2,2
982,9.8333,11.8333,1.584,0.3067,0.3067,0.7,5,high,house,gable,False,9,11,4,4,2,2,4
983,9.25,11.9167,1.543,0.1533,0.1533,0.84,6,high,house,gable,False,9,11,1,5,1,1,1
984,9.5833,11.9167,1.569,0.1533,0.1533,0.7,5,high,house,gable,False,9,11,3,5,1,1,1
985,9.25,12.0833,1.55,0.46,0.1533,0.56,4,high,house,gable,False,9,12,0,0,3,1,3
986,9.8333,12.0833,1.594,0.3067,0.1533,0.84,6,high,house,gable,False,9,12,4,0,2,1,2
987,9.0833,12.3333,1.544,0.1533,0.3067,0.84,6,high,house,hip,False,9,12,0,1,1,2,2
988,9.5833,12.25,1.582,0.1533,0.1533,0.84,6,high,house,gable,False,9,12,3,1,1,1,1
989,9.9167,12.4167,1.612,0.1533,0.46,0.84,6,high,house,hip,False,9,12,5,1,1,3,3
990,9.3333,12.5,1.571,0.3067,0.3067,0.7,5,high,house,gable,False,9,12,1,2,2,2,4
991,9.75,12.4167,1.601,0.1533,0.1533,0.84,6,high,house,gable,False,9,12,4,2,1,1,1
992,9.5833,12.75,1.599,0.1533,0.46,0.98,7,high,house,hip,False,9,12,3,3,1,3,3
993,9.25,12.8333,1.574,0.1533,0.3067,0.84,6,high,house,hip,False,9,12,1,4,1,2,2
994,9.9167,12.75,1.624,0.1533,0.1533,0.84,6,high,house,gable,False,9,12,5,4,1,1,1
995,9.0833,12.9167,1.561,0.1533,0.1533,0.56,4,high,house,gable,False,9,12,0,5,1,1,1
996,9.4167,12.9167,1.59,0.1533,0.1533,0.56,4,high,house,gable,False,9,12,2,5,1,1,1
997,9.5833,13.0833,1.608,0.46,0.1533,0.7,5,high,house,gable,False,9,13,2,0,3,1,3
998,9.9167,13.1667,1.635,0.1533,0.3067,0.56,4,high,house,hip,False,9,13,5,0,1,2,2
999,9.5833,13.3333,1.614,0.1533,0.3067,0.98,7,high,house,hip,False,9,13,3,1,1,2,2
1000,9.4167,13.5833,1.605,0.1533,0.46,0.98,7,high,house,hip,False,9,13,2,2,1,3,3
1001,9.75,13.4167,1.628,0.1533,0.1533,0.84,6,high,house,gable,False,9,13,4,2,1,1,1
1002,9.5833,13.8333,1.622,0.1533,0.3067,0.84,6,high,house,hip,False,9,13,3,4,1,2,2
1003,9.9167,13.8333,1.647,0.1533,0.3067,0.84,6,high,house,hip,False,9,13,5,4,1,2,2
1004,9.75,13.9167,1.636,0.1533,0.1533,0.7,5,high,house,gable,False,9,13,4,5,1,1,1
1005,9.0833,14.1667,1.582,0.1533,0.3067,0.56,4,high,house,hip,False,9,14,0,0,1,2,2
1006,9.5833,14.0833,1.625,0.46,0.1533,0.84,6,high,house,gable,False,9,14,2,0,3,1,3
1007,9.9167,14.25,1.651,0.1533,0.46,0.56,4,high,house,hip,False,9,14,5,0,1,3,3
1008,9.25,14.25,1.598,0.1533,0.1533,0.42,3,high,house,gable,False,9,14,1,1,1,1,1
1009,9.6667,14.25,1.633,0.3067,0.1533,0.84,6,high,house,gable,False,9,14,3,1,2,1,2
1010,9.5,14.4167,1.62,0.3067,0.1533,0.98,7,high,house,gable,False,9,14,2,2,2,1,2
1011,9.8333,14.5833,1.647,0.3067,0.1533,0.84,6,high,house,gable,False,9,14,4,3,2,1,2
1012,9.4167,14.8333,1.613,0.1533,0.3067,0.56,4,high,house,hip,False,9,14,2,4,1,2,2
1013,9.9167,14.8333,1.652,0.1533,0.3067,0.7,5,high,house,hip,False,9,14,5,4,1,2,2
1014,9.6667,14.9167,1.633,0.3067,0.1533,0.56,4,high,house,gable,False,9,14,3,5,2,1,2
1015,9.25,15.0833,1.597,0.46,0.1533,0.84,6,high,house,gable,False,9,15,0,0,3,1,3
1016,9.75,15.0833,1.639,0.46,0.1533,0.84,6,high,house,gable,False,9,15,3,0,3,1,3
1017,9.0833,15.3333,1.58,0.1533,0.3067,0.7,5,high,house,hip,False,9,15,0,1,1,2,2
1018,9.5,15.25,1.617,0.3067,0.1533,0.84,6,high,house,gable,False,9,15,2,1,2,1,2
1019,9.9167,15.3333,1.648,0.1533,0.3067,0.56,4,high,house,hip,False,9,15,5,1,1,2,2
1020,9.25,15.4167,1.594,0.1533,0.1533,0.56,4,high,house,gable,False,9,15,1,2,1,1,1
1021,9.6667,15.4167,1.629,0.3067,0.1533,0.7,5,high,house,gable,False,9,15,3,2,2,1,2
1022,9.25,15.8333,1.588,0.46,0.3067,0.7,5,high,house,gable,False,9,15,0,4,3,2,6
1023,9.75,15.8333,1.628,0.46,0.3067,0.7,5,high,house,gable,False,9,15,3,4,3,2,6
1024,9.1667,16.1667,1.574,0.3067,0.3067,0.7,5,high,house,gable,False,9,16,0,0,2,2,4
1025,9.75,16.0833,1.623,0.46,0.1533,0.56,4,high,house,gable,False,9,16,3,0,3,1,3
1026,9.8333,16.25,1.625,0.3067,0.1533,0.84,6,high,house,gable,False,9,16,4,1,2,1,2
1027,9.0833,16.5833,1.555,0.1533,0.46,0.84,6,high,house,hip,False,9,16,0,2,1,3,3
1028,9.5,16.4167,1.595,0.3067,0.1533,0.98,7,high,house,gable,False,9,16,2,2,2,1,2
1029,9.9167,16.5833,1.621,0.1533,0.46,0.56,4,high,house,hip,False,9,16,5,2,1,3,3
1030,9.25,16.75,1.565,0.1533,0.46,0.84,6,high,house,hip,False,9,16,1,3,1,3,3
1031,9.5833,16.75,1.592,0.1533,0.46,0.7,5,high,house,hip,False,9,16,3,3,1,3,3
1032,9.0833,16.9167,1.545,0.1533,0.1533,0.56,4,high,house,gable,False,9,16,0,5,1,1,1
1033,9.8333,16.9167,1.604,0.3067,0.1533,0.7,5,high,house,gable,False,9,16,4,5,2,1,2
1034,9.8333,17.0833,1.598,0.3067,0.1533,0.84,6,high,house,gable,False,9,17,4,0,2,1,2
1035,9.0833,17.4167,1.527,0.1533,0.46,0.7,5,high,house,hip,False,9,17,0,1,1,3,3
1036,9.5833,17.4167,1.566,0.1533,0.46,0.84,6,high,house,hip,False,9,17,3,1,1,3,3
1037,9.9167,17.4167,1.589,0.1533,0.46,0.84,6,high,house,hip,False,9,17,5,1,1,3,3
1038,9.25,17.5833,1.534,0.1533,0.46,0.84,6,high,house,hip,False,9,17,1,2,1,3,3
1039,9.0833,17.75,1.513,0.1533,0.1533,0.56,4,high,house,gable,False,9,17,0,4,1,1,1
1040,9.5833,17.8333,1.548,0.1533,0.3067,0.84,6,high,house,hip,False,9,17,3,4,1,2,2
1041,9.9167,17.8333,1.57,0.1533,0.3067,0.7,5,high,house,hip,False,9,17,5,4,1,2,2
1042,9.25,17.9167,1.519,0.1533,0.1533,0.84,6,high,house,gable,False,9,17,1,5,1,1,1
1043,9.75,17.9167,1.555,0.1533,0.1533,0.56,4,high,house,gable,False,9,17,4,5,1,1,1
1044,9.25,18.0833,1.511,0.46,0.1533,0.84,6,high,house,gable,False,9,18,0,0,3,1,3
1045,9.75,18.0833,1.546,0.46,0.1533,0.84,6,high,house,gable,False,9,18,3,0,3,1,3
1046,9.0833,18.3333,1.486,0.1533,0.3067,0.84,6,high,house,hip,False,9,18,0,1,1,2,2
1047,9.4167,18.3333,1.511,0.1533,0.3067,0.98,7,high,house,hip,False,9,18,2,1,1,2,2
1048,9.8333,18.25,1.543,0.3067,0.1533,0.84,6,high,house,gable,False,9,18,4,1,2,1,2
1049,9.25,18.4167,1.494,0.1533,0.1533,0.7,5,high,house,gable,False,9,18,1,2,1,1,1
1050,9.5833,18.5833,1.508,0.1533,0.46,0.98,7,high,house,hip,False,9,18,3,2,1,3,3
1051,9.9167,18.4167,1.539,0.1533,0.1533,0.84,6,high,house,gable,False,9,18,5,2,1,1,1
1052,9.1667,18.8333,1.465,0.3067,0.3067,0.84,6,high,house,gable,False,9,18,0,4,2,2,4
1053,9.5833,18.9167,1.489,0.46,0.1533,0.84,6,high,house,gable,False,9,18,2,5,3,1,3
1054,9.25,19.0833,1.457,0.46,0.1533,0.84,6,high,house,gable,False,9,19,0,0,3,1,3
1055,9.5833,19.25,1.468,0.1533,0.46,0.98,7,high,house,hip,False,9,19,3,0,1,3,3
1056,9.75,19.0833,1.489,0.1533,0.1533,0.7,5,high,house,gable,False,9,19,4,0,1,1,1
1057,9.0833,19.4167,1.425,0.1533,0.46,0.7,5,high,house,hip,False,9,19,0,1,1,3,3
1058,9.8333,19.4167,1.471,0.3067,0.1533,0.7,5,high,house,gable,False,9,19,4,2,2,1,2
1059,9.25,19.5833,1.426,0.1533,0.1533,0.84,6,high,house,gable,False,9,19,1,3,1,1,1
1060,9.5833,19.5833,1.446,0.1533,0.1533,0.7,5,high,house,gable,False,9,19,3,3,1,1,1
1061,9.9167,19.5833,1.464,0.1533,0.1533,0.7,5,high,house,gable,False,9,19,5,3,1,1,1
1062,9.75,19.8333,1.438,0.1533,0.3067,0.7,5,high,house,hip,False,9,19,4,4,1,2,2
1063,9.9167,19.9167,1.441,0.1533,0.1533,0.7,5,high,house,gable,False,9,19,5,5,1,1,1
1064,9.5,20.1667,1.402,0.3067,0.3067,0.56,4,medium,house,gable,False,9,20,2,0,2,2,4
1065,9.9167,20.25,1.416,0.1533,0.46,0.56,4,medium,house,hip,False,9,20,5,0,1,3,3
1066,9.75,20.25,1.409,0.1533,0.1533,0.42,3,medium,house,gable,False,9,20,4,1,1,1,1
1067,9.75,20.5833,1.384,0.46,0.1533,0.42,3,medium,house,gable,False,9,20,3,3,3,1,3
1068,9.4167,20.8333,1.349,0.1533,0.3067,0.56,4,medium,house,hip,False,9,20,2,4,1,2,2
1069,9.8333,20.8333,1.368,0.3067,0.3067,0.56,4,medium,house,gable,False,9,20,4,4,2,2,4
1070,9.75,21.0833,1.345,0.46,0.1533,0.42,3,low,house,gable,False,9,21,3,0,3,1,3
1071,9.8333,21.25,1.335,0.3067,0.1533,0.28,2,low,house,gable,False,9,21,4,1,2,1,2
1072,9.9167,21.4167,1.324,0.1533,0.1533,0.28,2,low,house,gable,False,9,21,5,2,1,1,1
1073,9.6667,21.8333,1.282,0.3067,0.3067,0.42,3,low,house,gable,False,9,21,3,4,2,2,4
1074,9.5833,22.4167,1.231,0.46,0.1533,0.42,3,low,house,gable,False,9,22,2,2,3,1,3
1075,9.6667,22.5833,1.22,0.3067,0.1533,0.42,3,low,house,gable,False,9,22,3,3,2,1,2
1076,9.75,22.75,1.208,0.1533,0.1533,0.28,2,low,house,gable,False,9,22,4,4,1,1,1
1077,9.4167,23.75,1.116,0.1533,0.46,0.42,3,low,house,hip,False,9,23,2,3,1,3,3
1078,9.25,23.75,1.112,0.1533,0.1533,0.28,2,low,house,gable,False,9,23,1,4,1,1,1
1079,9.5833,23.8333,1.113,0.1533,0.3067,0.42,3,low,house,hip,False,9,23,3,4,1,2,2
1080,9.0833,24.5833,1.041,0.1533,0.46,0.42,3,low,house,hip,False,9,24,0,2,1,3,3
1081,9.25,24.75,1.031,0.1533,0.46,0.42,3,low,house,hip,False,9,24,1,3,1,3,3
1082,9.5833,24.8333,1.028,0.1533,0.3067,0.28,2,low,house,hip,False,9,24,3,4,1,2,2
1083,9.4167,24.9167,1.02,0.1533,0.1533,0.42,3,low,house,gable,False,9,24,2,5,1,1,1
1084,9.4167,25.25,0.992,0.1533,0.1533,0.42,3,low,house,gable,False,9,25,2,1,1,1,1
1085,10.1667,1.1667,0.768,0.3067,0.3067,0.42,3,low,house,gable,False,10,1,0,0,2,2,4
1086,10.0833,1.5,0.796,0.1533,0.3067,0.14,1,low,house,hip,False,10,1,0,2,1,2,2
1087,10.25,1.5833,0.8,0.1533,0.1533,0.14,1,low,house,gable,False,10,1,1,3,1,1,1
1088,10.9167,1.5833,0.783,0.1533,0.1533,0.42,3,low,house,gable,False,10,1,5,3,1,1,1
1089,10.25,2.8333,0.902,0.1533,0.3067,0.28,2,low,house,hip,False,10,2,1,4,1,2,2
1090,10.0833,2.9167,0.911,0.1533,0.1533,0.42,3,low,house,gable,False,10,2,0,5,1,1,1
1091,10.4167,2.9167,0.907,0.1533,0.1533,0.42,3,low,house,gable,False,10,2,2,5,1,1,1
1092,10.1667,3.0833,0.924,0.3067,0.1533,0.42,3,low,house,gable,False,10,3,0,0,2,1,2
1093,10.5833,3.25,0.933,0.1533,0.46,0.42,3,low,house,hip,False,10,3,3,0,1,3,3
1094,10.75,3.0833,0.916,0.1533,0.1533,0.28,2,low,house,gable,False,10,3,4,0,1,1,1
1095,10.3333,3.25,0.936,0.3067,0.1533,0.42,3,low,house,gable,False,10,3,1,1,2,1,2
1096,10.0833,3.5,0.96,0.1533,0.3067,0.42,3,low,house,hip,False,10,3,0,2,1,2,2
1097,10.4167,3.4167,0.95,0.1533,0.1533,0.42,3,low,house,gable,False,10,3,2,2,1,1,1
1098,10.75,3.4167,0.945,0.1533,0.1533,0.28,2,low,house,gable,False,10,3,4,2,1,1,1
1099,10.25,3.5833,0.966,0.1533,0.1533,0.14,1,low,house,gable,False,10,3,1,3,1,1,1
1100,10.4167,6.6667,1.239,0.1533,0.3067,0.28,2,low,house,hip,False,10,6,2,3,1,2,2
1101,10.5833,6.75,1.249,0.1533,0.1533,0.42,3,low,house,gable,False,10,6,3,4,1,1,1
1102,10.8333,7.8333,1.35,0.3067,0.3067,0.28,2,low,house,gable,False,10,7,4,4,2,2,4
1103,10.1667,8.25,1.368,0.3067,0.46,0.84,6,high,house,hip,False,10,8,0,0,2,3,6
1104,10.4167,8.0833,1.362,0.1533,0.1533,0.84,6,high,house,gable,False,10,8,2,0,1,1,1
1105,10.8333,8.0833,1.372,0.3067,0.1533,0.7,5,high,house,gable,False,10,8,4,0,2,1,2
1106,10.5833,8.3333,1.388,0.1533,0.3067,0.84,6,high,house,hip,False,10,8,3,1,1,2,2
1107,10.9167,8.4167,1.402,0.1533,0.46,0.84,6,high,house,hip,False,10,8,5,1,1,3,3
1108,10.75,8.4167,1.399,0.1533,0.1533,0.84,6,high,house,gable,False,10,8,4,2,1,1,1
1109,10.0833,8.75,1.405,0.1533,0.46,0.84,6,high,house,hip,False,10,8,0,3,1,3,3
1110,10.4167,8.75,1.417,0.1533,0.46,0.84,6,high,house,hip,False,10,8,2,3,1,3,3
1111,10.25,8.75,1.411,0.1533,0.1533,0.84,6,high,house,gable,False,10,8,1,4,1,1,1
1112,10.9167,8.8333,1.437,0.1533,0.3067,0.7,5,high,house,hip,False,10,8,5,4,1,2,2
1113,10.6667,8.9167,1.438,0.3067,0.1533,0.42,3,high,house,gable,False,10,8,3,5,2,1,2
1114,10.75,9.0833,1.454,0.46,0.1533,0.84,6,high,house,gable,False,10,9,3,0,3,1,3
1115,10.4167,9.4167,1.469,0.1533,0.46,0.84,6,high,house,hip,False,10,9,2,1,1,3,3
1116,10.75,9.4167,1.48,0.1533,0.46,0.56,4,high,house,hip,False,10,9,4,1,1,3,3
1117,10.9167,9.25,1.471,0.1533,0.1533,0.84,6,high,house,gable,False,10,9,5,1,1,1,1
1118,10.0833,9.4167,1.455,0.1533,0.1533,0.56,4,high,house,gable,False,10,9,0,2,1,1,1
1119,10.5833,9.4167,1.475,0.1533,0.1533,0.84,6,high,house,gable,False,10,9,3,2,1,1,1
1120,10.9167,9.5833,1.497,0.1533,0.1533,0.42,3,high,house,gable,False,10,9,5,3,1,1,1
1121,10.4167,9.8333,1.499,0.1533,0.3067,0.84,6,high,house,hip,False,10,9,2,4,1,2,2
1122,10.75,9.8333,1.511,0.1533,0.3067,0.56,4,high,house,hip,False,10,9,4,4,1,2,2
1123,10.5833,9.9167,1.512,0.1533,0.1533,0.42,3,high,house,gable,False,10,9,3,5,1,1,1
1124,10.9167,9.9167,1.523,0.1533,0.1533,0.42,3,high,house,gable,False,10,9,5,5,1,1,1
1125,10.8333,10.0833,1.532,0.3067,0.1533,0.84,6,high,house,gable,False,10,10,4,0,2,1,2
1126,10.0833,10.4167,1.523,0.1533,0.46,0.7,5,high,house,hip,False,10,10,0,1,1,3,3
1127,10.5,10.25,1.532,0.3067,0.1533,0.7,5,high,house,gable,False,10,10,2,1,2,1,2
1128,10.9167,10.4167,1.558,0.1533,0.46,0.84,6,high,house,hip,False,10,10,5,1,1,3,3
1129,10.25,10.5833,1.542,0.1533,0.46,0.84,6,high,house,hip,False,10,10,1,2,1,3,3
1130,10.5833,10.5,1.552,0.1533,0.3067,0.98,7,high,house,hip,False,10,10,3,2,1,2,2
1131,10.75,10.5833,1.563,0.1533,0.1533,0.7,5,high,house,gable,False,10,10,4,3,1,1,1
1132,10.0833,10.8333,1.548,0.1533,0.3067,0.7,5,high,house,hip,False,10,10,0,4,1,2,2
1133,10.9167,10.8333,1.585,0.1533,0.3067,0.7,5,high,house,hip,False,10,10,5,4,1,2,2
1134,10.5833,10.9167,1.578,0.46,0.1533,0.7,5,high,house,gable,False,10,10,2,5,3,1,3
1135,10.1667,11.25,1.576,0.3067,0.46,0.56,4,medium,house,hip,False,10,11,0,0,2,3,6
1136,10.4167,11.25,1.589,0.1533,0.1533,0.42,3,medium,house,gable,False,10,11,2,1,1,1,1
1137,10.75,11.3333,1.609,0.1533,0.3067,0.42,3,medium,house,hip,False,10,11,4,1,1,2,2
1138,10.5833,11.4167,1.606,0.1533,0.1533,0.56,4,medium,house,gable,False,10,11,3,2,1,1,1
1139,10.9167,11.5833,1.628,0.1533,0.46,0.56,4,medium,house,hip,False,10,11,5,2,1,3,3
1140,10.0833,11.5833,1.588,0.1533,0.1533,0.42,3,medium,house,gable,False,10,11,0,3,1,1,1
1141,10.4167,11.5833,1.606,0.1533,0.1533,0.42,3,medium,house,gable,False,10,11,2,3,1,1,1
1142,10.25,11.75,1.606,0.1533,0.1533,0.56,4,medium,house,gable,False,10,11,1,4,1,1,1
1143,10.75,11.8333,1.634,0.1533,0.3067,0.56,4,medium,house,hip,False,10,11,4,4,1,2,2
1144,10.9167,11.9167,1.645,0.1533,0.1533,0.28,2,medium,house,gable,False,10,11,5,5,1,1,1
1145,10.25,13.4167,1.662,0.46,0.1533,0.98,7,high,house,gable,False,10,13,0,2,3,1,3
1146,10.5833,13.4167,1.681,0.1533,0.1533,0.7,5,high,house,gable,False,10,13,3,2,1,1,1
1147,10.9167,13.5,1.699,0.1533,0.3067,0.56,4,high,house,hip,False,10,13,5,2,1,2,2
1148,10.0833,13.75,1.658,0.1533,0.46,0.84,6,high,house,hip,False,10,13,0,3,1,3,3
1149,10.75,13.5833,1.693,0.1533,0.1533,0.84,6,high,house,gable,False,10,13,4,3,1,1,1
1150,10.4167,13.75,1.678,0.46,0.1533,0.56,4,high,house,gable,False,10,13,1,4,3,1,3
1151,10.5833,13.9167,1.69,0.46,0.1533,0.7,5,high,house,gable,False,10,13,2,5,3,1,3
1152,10.0833,15.25,1.661,0.1533,0.46,0.56,4,high,house,hip,False,10,15,0,0,1,3,3
1153,10.25,15.0833,1.673,0.1533,0.1533,0.7,5,high,house,gable,False,10,15,1,0,1,1,1
1154,10.75,15.1667,1.7,0.46,0.3067,0.7,5,high,house,gable,False,10,15,3,0,3,2,6
1155,10.4167,15.4167,1.68,0.1533,0.1533,0.7,5,high,house,gable,False,10,15,2,2,1,1,1
1156,10.9167,15.5833,1.702,0.1533,0.46,0.7,5,high,house,hip,False,10,15,5,2,1,3,3
1157,10.1667,15.5833,1.662,0.3067,0.1533,0.84,6,high,house,gable,False,10,15,0,3,2,1,2
1158,10.6667,15.5833,1.69,0.3067,0.1533,0.56,4,high,house,gable,False,10,15,3,3,2,1,2
1159,10.4167,15.8333,1.672,0.1533,0.3067,0.7,5,high,house,hip,False,10,15,2,4,1,2,2
1160,10.25,15.9167,1.661,0.1533,0.1533,0.42,3,high,house,gable,False,10,15,1,5,1,1,1
1161,10.8333,15.9167,1.691,0.3067,0.1533,0.7,5,high,house,gable,False,10,15,4,5,2,1,2
1162,10.0833,16.25,1.642,0.1533,0.46,0.7,5,high,house,hip,False,10,16,0,0,1,3,3
1163,10.25,16.0833,1.657,0.1533,0.1533,0.56,4,high,house,gable,False,10,16,1,0,1,1,1
1164,10.5833,16.25,1.671,0.1533,0.46,0.7,5,high,house,hip,False,10,16,3,0,1,3,3
1165,10.3333,16.4167,1.652,0.3067,0.1533,0.7,5,high,house,gable,False,10,16,1,2,2,1,2
1166,10.0833,16.5833,1.632,0.1533,0.1533,0.42,3,high,house,gable,False,10,16,0,3,1,1,1
1167,10.4167,16.8333,1.643,0.46,0.3067,0.7,5,high,house,gable,False,10,16,1,4,3,2,6
1168,10.75,16.75,1.662,0.1533,0.1533,0.42,3,high,house,gable,False,10,16,4,4,1,1,1
1169,10.0833,16.9167,1.62,0.1533,0.1533,0.42,3,high,house,gable,False,10,16,0,5,1,1,1
1170,10.25,17.0833,1.624,0.1533,0.1533,0.56,4,high,house,gable,False,10,17,1,0,1,1,1
1171,10.0833,17.3333,1.603,0.1533,0.3067,0.84,6,high,house,hip,False,10,17,0,1,1,2,2
1172,10.4167,17.4167,1.618,0.1533,0.46,0.7,5,high,house,hip,False,10,17,2,1,1,3,3
1173,10.25,17.4167,1.609,0.1533,0.1533,0.84,6,high,house,gable,False,10,17,1,2,1,1,1
1174,10.75,17.5,1.629,0.46,0.3067,0.98,7,high,house,gable,False,10,17,3,2,3,2,6
1175,10.5,17.9167,1.597,0.3067,0.1533,0.84,6,high,house,gable,False,10,17,2,5,2,1,2
1176,10.5833,18.0833,1.591,0.46,0.1533,0.7,5,high,house,gable,False,10,18,2,0,3,1,3
1177,10.1667,18.5,1.547,0.3067,0.3067,0.84,6,high,house,gable,False,10,18,0,2,2,2,4
1178,10.5833,18.4167,1.572,0.46,0.1533,0.84,6,high,house,gable,False,10,18,2,2,3,1,3
1179,10.9167,18.5833,1.573,0.1533,0.46,0.56,4,high,house,hip,False,10,18,5,2,1,3,3
1180,10.75,18.5833,1.568,0.1533,0.1533,0.84,6,high,house,gable,False,10,18,4,3,1,1,1
1181,10.0833,18.8333,1.523,0.1533,0.3067,0.7,5,high,house,hip,False,10,18,0,4,1,2,2
1182,10.5833,18.8333,1.545,0.1533,0.3067,0.7,5,high,house,hip,False,10,18,3,4,1,2,2
1183,10.3333,18.9167,1.529,0.3067,0.1533,0.84,6,high,house,gable,False,10,18,1,5,2,1,2
1184,10.25,19.0833,1.514,0.46,0.1533,0.84,6,high,house,gable,False,10,19,0,0,3,1,3
1185,10.8333,19.25,1.525,0.3067,0.46,0.7,5,high,house,hip,False,10,19,4,0,2,3,6
1186,10.0833,19.4167,1.484,0.1533,0.46,0.84,6,high,house,hip,False,10,19,0,1,1,3,3
1187,10.4167,19.4167,1.498,0.1533,0.46,0.98,7,high,house,hip,False,10,19,2,1,1,3,3
1188,10.5833,19.4167,1.504,0.1533,0.1533,0.98,7,high,house,gable,False,10,19,3,2,1,1,1
1189,10.9167,19.5833,1.502,0.1533,0.1533,0.56,4,high,house,gable,False,10,19,5,3,1,1,1
1190,10.5833,19.8333,1.473,0.1533,0.3067,0.56,4,high,house,hip,False,10,19,3,4,1,2,2
1191,10.75,19.9167,1.472,0.1533,0.1533,0.84,6,high,house,gable,False,10,19,4,5,1,1,1
1192,10.1667,20.1667,1.433,0.3067,0.3067,0.7,5,high,house,gable,False,10,20,0,0,2,2,4
1193,10.75,20.0833,1.458,0.46,0.1533,0.7,5,high,house,gable,False,10,20,3,0,3,1,3
1194,10.5,20.25,1.438,0.3067,0.1533,0.84,6,high,house,gable,False,10,20,2,1,2,1,2
1195,10.9167,20.25,1.449,0.1533,0.1533,0.84,6,high,house,gable,False,10,20,5,1,1,1,1
1196,10.75,20.5,1.424,0.1533,0.3067,0.7,5,high,house,hip,False,10,20,4,2,1,2,2
1197,10.1667,20.6667,1.394,0.3067,0.3067,0.84,6,high,house,gable,False,10,20,0,3,2,2,4
1198,10.5,20.5833,1.411,0.3067,0.1533,0.84,6,high,house,gable,False,10,20,2,3,2,1,2
1199,10.9167,20.75,1.407,0.1533,0.46,0.56,4,high,house,hip,False,10,20,5,3,1,3,3
1200,10.5833,20.8333,1.393,0.1533,0.3067,0.56,4,high,house,hip,False,10,20,3,4,1,2,2
1201,10.25,20.9167,1.376,0.1533,0.1533,0.56,4,high,house,gable,False,10,20,1,5,1,1,1
1202,10.75,20.9167,1.389,0.1533,0.1533,0.84,6,high,house,gable,False,10,20,4,5,1,1,1
1203,10.25,21.0833,1.363,0.46,0.1533,0.84,6,high,house,gable,False,10,21,0,0,3,1,3
1204,10.5833,21.25,1.357,0.1533,0.46,0.7,5,high,house,hip,False,10,21,3,0,1,3,3
1205,10.9167,21.25,1.363,0.1533,0.46,0.84,6,high,house,hip,False,10,21,5,0,1,3,3
1206,10.0833,21.4167,1.33,0.1533,0.46,0.7,5,high,house,hip,False,10,21,0,1,1,3,3
1207,10.3333,21.4167,1.337,0.3067,0.1533,0.84,6,high,house,gable,False,10,21,1,2,2,1,2
1208,10.4167,21.75,1.31,0.1533,0.46,0.98,7,high,house,hip,False,10,21,2,3,1,3,3
1209,10.8333,21.5833,1.332,0.3067,0.1533,0.7,5,high,house,gable,False,10,21,4,3,2,1,2
1210,10.0833,21.8333,1.295,0.1533,0.3067,0.56,4,high,house,hip,False,10,21,0,4,1,2,2
1211,10.5833,21.8333,1.305,0.1533,0.3067,0.7,5,high,house,hip,False,10,21,3,4,1,2,2
1212,10.25,21.9167,1.292,0.1533,0.1533,0.42,3,high,house,gable,False,10,21,1,5,1,1,1
1213,10.4167,23.5833,1.144,0.1533,0.46,0.28,2,low,house,hip,False,10,23,2,2,1,3,3
1214,10.5833,23.4167,1.16,0.1533,0.1533,0.28,2,low,house,gable,False,10,23,3,2,1,1,1
1215,10.25,23.5833,1.143,0.1533,0.1533,0.28,2,low,house,gable,False,10,23,1,3,1,1,1
1216,10.5833,23.8333,1.122,0.1533,0.3067,0.42,3,low,house,hip,False,10,23,3,4,1,2,2
1217,10.3333,23.9167,1.114,0.3067,0.1533,0.42,3,low,house,gable,False,10,23,1,5,2,1,2
1218,10.5833,25.4167,0.976,0.1533,0.1533,0.14,1,low,house,gable,False,10,25,3,2,1,1,1
1219,10.0833,26.5833,0.879,0.1533,0.1533,0.28,2,low,house,gable,False,10,26,0,3,1,1,1
1220,10.9167,26.75,0.848,0.1533,0.46,0.42,3,low,house,hip,False,10,26,5,3,1,3,3
1221,10.75,26.8333,0.845,0.1533,0.3067,0.42,3,low,house,hip,False,10,26,4,4,1,2,2
1222,10.5833,26.9167,0.841,0.1533,0.1533,0.14,1,low,house,gable,False,10,26,3,5,1,1,1
1223,10.4167,27.5833,0.787,0.1533,0.46,0.42,3,low,house,hip,False,10,27,2,2,1,3,3
1224,10.25,27.6667,0.784,0.1533,0.3067,0.42,3,low,house,hip,False,10,27,1,3,1,2,2
1225,10.4167,27.9167,0.759,0.1533,0.1533,0.42,3,low,house,gable,False,10,27,2,5,1,1,1
1226,11.5,0.0833,0.636,0.3067,0.1533,0.28,2,low,house,gable,False,11,0,2,0,2,1,2
1227,11.4167,0.25,0.653,0.1533,0.1533,0.14,1,low,house,gable,False,11,0,2,1,1,1,1
1228,11.5,0.75,0.692,0.3067,0.1533,0.42,3,low,house,gable,False,11,0,2,4,2,1,2
1229,11.5833,0.9167,0.702,0.1533,0.1533,0.28,2,low,house,gable,False,11,0,3,5,1,1,1
1230,11.5833,1.5,0.753,0.1533,0.3067,0.42,3,low,house,hip,False,11,1,3,2,1,2,2
1231,11.4167,1.5833,0.766,0.1533,0.1533,0.14,1,low,house,gable,False,11,1,2,3,1,1,1
1232,11.4167,2.0833,0.81,0.1533,0.1533,0.28,2,low,house,gable,False,11,2,2,0,1,1,1
1233,11.25,2.4167,0.845,0.1533,0.46,0.42,3,low,house,hip,False,11,2,1,1,1,3,3
1234,11.5833,2.25,0.819,0.1533,0.1533,0.42,3,low,house,gable,False,11,2,3,1,1,1,1
1235,11.0833,2.4167,0.85,0.1533,0.1533,0.42,3,low,house,gable,False,11,2,0,2,1,1,1
1236,11.1667,2.8333,0.885,0.3067,0.3067,0.42,3,low,house,gable,False,11,2,0,4,2,2,4
1237,11.0833,3.5833,0.954,0.1533,0.46,0.42,3,low,house,hip,False,11,3,0,2,1,3,3
1238,11.25,3.75,0.966,0.1533,0.46,0.42,3,low,house,hip,False,11,3,1,3,1,3,3
1239,11.4167,3.75,0.963,0.1533,0.1533,0.14,1,low,house,gable,False,11,3,2,4,1,1,1
1240,11.1667,4.25,1.015,0.3067,0.1533,0.28,2,low,house,gable,False,11,4,0,1,2,1,2
1241,11.0833,4.4167,1.032,0.1533,0.1533,0.28,2,low,house,gable,False,11,4,0,2,1,1,1
1242,11.4167,4.4167,1.026,0.1533,0.1533,0.42,3,low,house,gable,False,11,4,2,2,1,1,1
1243,11.25,4.5833,1.045,0.1533,0.1533,0.14,1,low,house,gable,False,11,4,1,3,1,1,1
1244,11.5833,4.5833,1.039,0.1533,0.1533,0.28,2,low,house,gable,False,11,4,3,3,1,1,1
1245,11.75,4.75,1.051,0.1533,0.1533,0.42,3,low,house,gable,False,11,4,4,4,1,1,1
1246,11.6667,7.4167,1.315,0.3067,0.1533,0.42,3,low,house,gable,False,11,7,3,2,2,1,2
1247,11.5833,7.5833,1.332,0.1533,0.1533,0.28,2,low,house,gable,False,11,7,3,3,1,1,1
1248,11.1667,8.0833,1.376,0.3067,0.1533,0.56,4,high,house,gable,False,11,8,0,0,2,1,2
1249,11.75,8.0833,1.378,0.46,0.1533,0.84,6,high,house,gable,False,11,8,3,0,3,1,3
1250,11.0833,8.25,1.39,0.1533,0.1533,0.56,4,high,house,gable,False,11,8,0,1,1,1,1
1251,11.5,8.25,1.394,0.3067,0.1533,0.7,5,high,house,gable,False,11,8,2,1,2,1,2
1252,11.9167,8.4167,1.409,0.1533,0.46,0.56,4,high,house,hip,False,11,8,5,1,1,3,3
1253,11.5833,8.5833,1.424,0.1533,0.46,0.98,7,high,house,hip,False,11,8,3,2,1,3,3
1254,11.4167,8.5833,1.423,0.1533,0.1533,0.7,5,high,house,gable,False,11,8,2,3,1,1,1
1255,11.75,8.8333,1.447,0.1533,0.3067,0.84,6,high,house,hip,False,11,8,4,4,1,2,2
1256,11.5833,8.9167,1.454,0.1533,0.1533,0.84,6,high,house,gable,False,11,8,3,5,1,1,1
1257,11.9167,8.9167,1.454,0.1533,0.1533,0.42,3,high,house,gable,False,11,8,5,5,1,1,1
1258,11.5833,9.25,1.482,0.1533,0.1533,0.42,3,high,house,gable,False,11,9,3,1,1,1,1
1259,11.25,9.5,1.498,0.46,0.3067,0.98,7,high,house,gable,False,11,9,0,2,3,2,6
1260,11.8333,9.5,1.504,0.3067,0.3067,0.84,6,high,house,gable,False,11,9,4,2,2,2,4
1261,11.5833,9.5833,1.51,0.1533,0.1533,0.84,6,high,house,gable,False,11,9,3,3,1,1,1
1262,11.0833,9.8333,1.521,0.1533,0.3067,0.7,5,high,house,hip,False,11,9,0,4,1,2,2
1263,11.9167,9.8333,1.532,0.1533,0.3067,0.84,6,high,house,hip,False,11,9,5,4,1,2,2
1264,11.4167,9.9167,1.534,0.46,0.1533,0.84,6,high,house,gable,False,11,9,1,5,3,1,3
1265,11.75,9.9167,1.537,0.1533,0.1533,0.7,5,high,house,gable,False,11,9,4,5,1,1,1
1266,11.4167,10.1667,1.552,0.46,0.3067,0.56,4,medium,house,gable,False,11,10,1,0,3,2,6
1267,11.75,10.0833,1.55,0.1533,0.1533,0.56,4,medium,house,gable,False,11,10,4,0,1,1,1
1268,11.4167,10.4167,1.57,0.1533,0.1533,0.28,2,medium,house,gable,False,11,10,2,2,1,1,1
1269,11.25,10.5833,1.578,0.1533,0.1533,0.56,4,medium,house,gable,False,11,10,1,3,1,1,1
1270,11.75,10.5833,1.587,0.46,0.1533,0.42,3,medium,house,gable,False,11,10,3,3,3,1,3
1271,11.0833,10.75,1.585,0.1533,0.1533,0.56,4,medium,house,gable,False,11,10,0,4,1,1,1
1272,11.4167,10.75,1.593,0.1533,0.1533,0.56,4,medium,house,gable,False,11,10,2,4,1,1,1
1273,11.75,10.75,1.598,0.1533,0.1533,0.42,3,medium,house,gable,False,11,10,4,4,1,1,1
1274,11.25,10.9167,1.6,0.1533,0.1533,0.42,3,medium,house,gable,False,11,10,1,5,1,1,1
1275,11.5833,10.9167,1.607,0.1533,0.1533,0.28,2,medium,house,gable,False,11,10,3,5,1,1,1
1276,11.1667,11.1667,1.613,0.3067,0.3067,0.7,5,high,house,gable,False,11,11,0,0,2,2,4
1277,11.4167,11.0833,1.615,0.1533,0.1533,0.42,3,high,house,gable,False,11,11,2,0,1,1,1
1278,11.8333,11.1667,1.626,0.3067,0.3067,0.84,6,high,house,gable,False,11,11,4,0,2,2,4
1279,11.5833,11.4167,1.638,0.1533,0.46,0.84,6,high,house,hip,False,11,11,3,1,1,3,3
1280,11.0833,11.5833,1.634,0.1533,0.46,0.56,4,high,house,hip,False,11,11,0,2,1,3,3
1281,11.9167,11.5833,1.652,0.1533,0.46,0.84,6,high,house,hip,False,11,11,5,2,1,3,3
1282,11.25,11.75,1.648,0.1533,0.46,0.84,6,high,house,hip,False,11,11,1,3,1,3,3
1283,11.5833,11.8333,1.66,0.1533,0.3067,0.7,5,high,house,hip,False,11,11,3,4,1,2,2
1284,11.0833,11.9167,1.651,0.1533,0.1533,0.84,6,high,house,gable,False,11,11,0,5,1,1,1
1285,11.8333,11.9167,1.669,0.3067,0.1533,0.84,6,high,house,gable,False,11,11,4,5,2,1,2
1286,11.0833,12.0833,1.659,0.1533,0.1533,0.7,5,high,house,gable,False,11,12,0,0,1,1,1
1287,11.4167,12.25,1.676,0.1533,0.46,0.84,6,high,house,hip,False,11,12,2,0,1,3,3
1288,11.8333,12.1667,1.681,0.3067,0.3067,0.7,5,high,house,gable,False,11,12,4,0,2,2,4
1289,11.5833,12.4167,1.687,0.1533,0.46,0.7,5,high,house,hip,False,11,12,3,1,1,3,3
1290,11.9167,12.5833,1.7,0.1533,0.46,0.7,5,high,house,hip,False,11,12,5,2,1,3,3
1291,11.75,12.75,1.703,0.1533,0.46,0.7,5,high,house,hip,False,11,12,4,3,1,3,3
1292,11.4167,12.8333,1.699,0.1533,0.3067,0.84,6,high,house,hip,False,11,12,2,4,1,2,2
1293,11.5833,12.9167,1.706,0.1533,0.1533,0.84,6,high,house,gable,False,11,12,3,5,1,1,1
1294,11.25,13.0833,1.701,0.46,0.1533,0.84,6,high,house,gable,False,11,13,0,0,3,1,3
1295,11.75,13.0833,1.714,0.46,0.1533,0.84,6,high,house,gable,False,11,13,3,0,3,1,3
1296,11.0833,13.3333,1.702,0.1533,0.3067,0.84,6,high,house,hip,False,11,13,0,1,1,2,2
1297,11.9167,13.3333,1.724,0.1533,0.3067,0.7,5,high,house,hip,False,11,13,5,1,1,2,2
1298,11.25,13.4167,1.71,0.1533,0.1533,0.7,5,high,house,gable,False,11,13,1,2,1,1,1
1299,11.6667,13.4167,1.721,0.3067,0.1533,0.56,4,high,house,gable,False,11,13,3,2,2,1,2
1300,11.75,13.5833,1.726,0.1533,0.1533,0.56,4,high,house,gable,False,11,13,4,3,1,1,1
1301,11.0833,13.8333,1.712,0.1533,0.3067,0.84,6,high,house,hip,False,11,13,0,4,1,2,2
1302,11.5,13.8333,1.725,0.3067,0.3067,0.7,5,high,house,gable,False,11,13,2,4,2,2,4
1303,11.9167,13.75,1.732,0.1533,0.1533,0.7,5,high,house,gable,False,11,13,5,4,1,1,1
1304,11.25,13.9167,1.719,0.1533,0.1533,0.7,5,high,house,gable,False,11,13,1,5,1,1,1
1305,11.75,13.9167,1.732,0.1533,0.1533,0.7,5,high,house,gable,False,11,13,4,5,1,1,1
1306,11.0833,14.25,1.716,0.1533,0.46,0.84,6,high,house,hip,False,11,14,0,0,1,3,3
1307,11.25,14.4167,1.723,0.1533,0.46,0.84,6,high,house,hip,False,11,14,1,1,1,3,3
1308,11.4167,14.5,1.729,0.1533,0.3067,0.98,7,high,house,hip,False,11,14,2,2,1,2,2
1309,11.8333,14.4167,1.738,0.3067,0.1533,0.7,5,high,house,gable,False,11,14,4,2,2,1,2
1310,11.9167,14.75,1.739,0.1533,0.46,0.56,4,high,house,hip,False,11,14,5,3,1,3,3
1311,11.1667,14.8333,1.72,0.3067,0.3067,0.84,6,high,house,gable,False,11,14,0,4,2,2,4
1312,11.6667,14.8333,1.735,0.3067,0.3067,0.84,6,high,house,gable,False,11,14,3,4,2,2,4
1313,11.5833,15.0833,1.731,0.46,0.1533,0.7,5,high,house,gable,False,11,15,2,0,3,1,3
1314,11.5833,15.25,1.729,0.1533,0.1533,0.7,5,high,house,gable,False,11,15,3,1,1,1,1
1315,11.3333,15.4167,1.72,0.3067,0.1533,0.7,5,high,house,gable,False,11,15,1,2,2,1,2
1316,11.8333,15.5,1.73,0.3067,0.3067,0.7,5,high,house,gable,False,11,15,4,2,2,2,4
1317,11.0833,15.75,1.705,0.1533,0.46,0.84,6,high,house,hip,False,11,15,0,3,1,3,3
1318,11.4167,15.6667,1.718,0.1533,0.3067,0.84,6,high,house,hip,False,11,15,2,3,1,2,2
1319,11.25,15.8333,1.709,0.1533,0.3067,0.84,6,high,house,hip,False,11,15,1,4,1,2,2
1320,11.5833,15.8333,1.719,0.1533,0.3067,0.84,6,high,house,hip,False,11,15,3,4,1,2,2
1321,11.9167,15.8333,1.725,0.1533,0.3067,0.84,6,high,house,hip,False,11,15,5,4,1,2,2
1322,11.75,15.9167,1.72,0.1533,0.1533,0.7,5,high,house,gable,False,11,15,4,5,1,1,1
1323,11.5833,16.0833,1.712,0.46,0.1533,0.7,5,high,house,gable,False,11,16,2,0,3,1,3
1324,11.9167,16.25,1.713,0.1533,0.46,0.7,5,high,house,hip,False,11,16,5,0,1,3,3
1325,11.4167,16.4167,1.698,0.1533,0.46,0.98,7,high,house,hip,False,11,16,2,1,1,3,3
1326,11.6667,16.4167,1.703,0.3067,0.1533,0.98,7,high,house,gable,False,11,16,3,2,2,1,2
1327,11.8333,16.5833,1.7,0.3067,0.1533,0.56,4,high,house,gable,False,11,16,4,3,2,1,2
1328,11.4167,16.8333,1.682,0.1533,0.3067,0.84,6,high,house,hip,False,11,16,2,4,1,2,2
1329,11.9167,16.75,1.695,0.1533,0.1533,0.7,5,high,house,gable,False,11,16,5,4,1,1,1
1330,11.6667,16.9167,1.684,0.3067,0.1533,0.7,5,high,house,gable,False,11,16,3,5,2,1,2
1331,11.5833,17.5833,1.65,0.11,0.11,2.8,20,high,tower,flat,True,11,17,3,3,1,1,1
1332,11.5833,17.0833,1.675,0.46,0.1533,0.7,5,high,house,gable,False,11,17,2,0,3,1,3
1333,11.1667,17.25,1.657,0.3067,0.1533,0.7,5,high,house,gable,False,11,17,0,1,2,1,2
1334,11.75,17.4167,1.661,0.1533,0.46,0.84,6,high,house,hip,False,11,17,4,1,1,3,3
1335,11.0833,17.4167,1.646,0.1533,0.1533,0.7,5,high,house,gable,False,11,17,0,2,1,1,1
1336,11.5,17.4167,1.657,0.3067,0.1533,0.98,7,high,house,gable,False,11,17,2,2,2,1,2
1337,11.9167,17.4167,1.663,0.1533,0.1533,0.42,3,high,house,gable,False,11,17,5,2,1,1,1
1338,11.4167,17.75,1.637,0.1533,0.1533,0.7,5,high,house,gable,False,11,17,2,4,1,1,1
1339,11.8333,17.8333,1.639,0.3067,0.3067,0.84,6,high,house,gable,False,11,17,4,4,2,2,4
1340,11.5833,17.9167,1.631,0.1533,0.1533,0.56,4,high,house,gable,False,11,17,3,5,1,1,1
1341,11.3333,18.1667,1.611,0.3067,0.3067,0.84,6,high,house,gable,False,11,18,1,0,2,2,4
1342,11.75,18.0833,1.623,0.46,0.1533,0.56,4,high,house,gable,False,11,18,3,0,3,1,3
1343,11.0833,18.25,1.599,0.1533,0.1533,0.84,6,high,house,gable,False,11,18,0,1,1,1,1
1344,11.75,18.4167,1.602,0.1533,0.46,0.84,6,high,house,hip,False,11,18,4,1,1,3,3
1345,11.9167,18.25,1.614,0.1533,0.1533,0.42,3,high,house,gable,False,11,18,5,1,1,1,1
1346,11.4167,18.5,1.591,0.1533,0.3067,0.98,7,high,house,hip,False,11,18,2,2,1,2,2
1347,11.25,18.5833,1.582,0.1533,0.1533,0.84,6,high,house,gable,False,11,18,1,3,1,1,1
1348,11.5833,18.5833,1.588,0.1533,0.1533,0.84,6,high,house,gable,False,11,18,3,3,1,1,1
1349,11.9167,18.5833,1.591,0.1533,0.1533,0.42,3,high,house,gable,False,11,18,5,3,1,1,1
1350,11.4167,18.9167,1.562,0.46,0.1533,0.84,6,high,house,gable,False,11,18,1,5,3,1,3
1351,11.8333,18.9167,1.567,0.3067,0.1533,0.84,6,high,house,gable,False,11,18,4,5,2,1,2
1352,11.1667,19.25,1.533,0.3067,0.46,0.56,4,medium,house,hip,False,11,19,0,0,2,3,6
1353,11.8333,19.0833,1.554,0.3067,0.1533,0.56,4,medium,house,gable,False,11,19,4,0,2,1,2
1354,11.9167,19.3333,1.535,0.1533,0.3067,0.42,3,medium,house,hip,False,11,19,5,1,1,2,2
1355,11.4167,19.5,1.518,0.1533,0.3067,0.56,4,medium,house,hip,False,11,19,2,2,1,2,2
1356,11.75,19.5833,1.514,0.1533,0.46,0.56,4,medium,house,hip,False,11,19,4,2,1,3,3
1357,11.0833,19.75,1.493,0.1533,0.46,0.56,4,medium,house,hip,False,11,19,0,3,1,3,3
1358,11.25,19.8333,1.489,0.1533,0.3067,0.56,4,medium,house,hip,False,11,19,1,4,1,2,2
1359,11.9167,19.8333,1.494,0.1533,0.3067,0.42,3,medium,house,hip,False,11,19,5,4,1,2,2
1360,11.4167,19.9167,1.484,0.1533,0.1533,0.28,2,medium,house,gable,False,11,19,2,5,1,1,1
1361,11.1667,20.1667,1.46,0.3067,0.3067,0.7,5,high,house,gable,False,11,20,0,0,2,2,4
1362,11.5833,20.0833,1.472,0.46,0.1533,0.84,6,high,house,gable,False,11,20,2,0,3,1,3
1363,11.5833,20.25,1.457,0.1533,0.1533,0.7,5,high,house,gable,False,11,20,3,1,1,1,1
1364,11.8333,20.4167,1.443,0.3067,0.1533,0.84,6,high,house,gable,False,11,20,4,2,2,1,2
1365,11.0833,20.75,1.409,0.1533,0.46,0.84,6,high,house,hip,False,11,20,0,3,1,3,3
1366,11.5,20.5833,1.428,0.3067,0.1533,0.98,7,high,house,gable,False,11,20,2,3,2,1,2
1367,11.9167,20.5833,1.428,0.1533,0.1533,0.7,5,high,house,gable,False,11,20,5,3,1,1,1
1368,11.25,20.8333,1.404,0.1533,0.3067,0.7,5,high,house,hip,False,11,20,1,4,1,2,2
1369,11.6667,20.8333,1.405,0.3067,0.3067,0.84,6,high,house,gable,False,11,20,3,4,2,2,4
1370,11.4167,20.9167,1.397,0.1533,0.1533,0.84,6,high,house,gable,False,11,20,2,5,1,1,1
1371,11.9167,20.9167,1.397,0.1533,0.1533,0.56,4,high,house,gable,False,11,20,5,5,1,1,1
1372,11.25,21.0833,1.381,0.46,0.1533,0.7,5,high,house,gable,False,11,21,0,0,3,1,3
1373,11.8333,21.25,1.366,0.3067,0.46,0.84,6,high,house,hip,False,11,21,4,0,2,3,6
1374,11.0833,21.3333,1.357,0.1533,0.3067,0.7,5,high,house,hip,False,11,21,0,1,1,2,2
1375,11.5,21.25,1.367,0.3067,0.1533,0.42,3,high,house,gable,False,11,21,2,1,2,1,2
1376,11.25,21.4167,1.351,0.1533,0.1533,0.56,4,high,house,gable,False,11,21,1,2,1,1,1
1377,11.3333,21.8333,1.312,0.3067,0.3067,0.84,6,high,house,gable,False,11,21,1,4,2,2,4
1378,11.8333,21.8333,1.309,0.3067,0.3067,0.7,5,high,house,gable,False,11,21,4,4,2,2,4
1379,11.0833,21.9167,1.303,0.1533,0.1533,0.84,6,high,house,gable,False,11,21,0,5,1,1,1
1380,11.5833,21.9167,1.303,0.1533,0.1533,0.42,3,high,house,gable,False,11,21,3,5,1,1,1
1381,11.1667,22.0833,1.288,0.3067,0.1533,0.42,3,medium,house,gable,False,11,22,0,0,2,1,2
1382,11.75,22.0833,1.285,0.46,0.1533,0.56,4,medium,house,gable,False,11,22,3,0,3,1,3
1383,11.4167,22.25,1.271,0.46,0.1533,0.56,4,medium,house,gable,False,11,22,1,1,3,1,3
1384,11.9167,22.25,1.267,0.1533,0.1533,0.42,3,medium,house,gable,False,11,22,5,1,1,1,1
1385,11.25,22.4167,1.256,0.1533,0.1533,0.56,4,medium,house,gable,False,11,22,1,2,1,1,1
1386,11.6667,22.4167,1.253,0.3067,0.1533,0.56,4,medium,house,gable,False,11,22,3,2,2,1,2
1387,11.0833,22.6667,1.232,0.1533,0.3067,0.56,4,medium,house,hip,False,11,22,0,3,1,2,2
1388,11.4167,22.8333,1.214,0.1533,0.3067,0.42,3,medium,house,hip,False,11,22,2,4,1,2,2
1389,11.25,22.9167,1.207,0.1533,0.1533,0.42,3,medium,house,gable,False,11,22,1,5,1,1,1
1390,11.5833,22.9167,1.204,0.1533,0.1533,0.28,2,medium,house,gable,False,11,22,3,5,1,1,1
1391,11.6667,24.1667,1.078,0.3067,0.3067,0.42,3,low,house,gable,False,11,24,3,0,2,2,4
1392,11.4167,24.3333,1.066,0.1533,0.3067,0.28,2,low,house,hip,False,11,24,2,1,1,2,2
1393,11.1667,24.4167,1.062,0.3067,0.1533,0.28,2,low,house,gable,False,11,24,0,2,2,1,2
1394,11.8333,24.4167,1.049,0.3067,0.1533,0.42,3,low,house,gable,False,11,24,4,2,2,1,2
1395,11.25,24.5833,1.044,0.1533,0.1533,0.14,1,low,house,gable,False,11,24,1,3,1,1,1
1396,11.3333,25.1667,0.986,0.3067,0.3067,0.28,2,low,house,gable,False,11,25,1,0,2,2,4
1397,11.5833,25.0833,0.988,0.1533,0.1533,0.28,2,low,house,gable,False,11,25,3,0,1,1,1
1398,11.0833,25.25,0.983,0.1533,0.1533,0.14,1,low,house,gable,False,11,25,0,1,1,1,1
1399,11.3333,25.75,0.93,0.3067,0.1533,0.28,2,low,house,gable,False,11,25,1,4,2,1,2
1400,11.1667,25.9167,0.918,0.3067,0.1533,0.42,3,low,house,gable,False,11,25,0,5,2,1,2
1401,11.4167,26.25,0.88,0.46,0.1533,0.28,2,low,house,gable,False,11,26,1,1,3,1,3
1402,11.5833,26.4167,0.859,0.1533,0.1533,0.28,2,low,house,gable,False,11,26,3,2,1,1,1
1403,11.75,27.25,0.775,0.1533,0.46,0.28,2,low,house,hip,False,11,27,4,0,1,3,3
1404,11.5833,27.3333,0.774,0.1533,0.3067,0.28,2,low,house,hip,False,11,27,3,1,1,2,2
1405,11.9167,27.4167,0.753,0.1533,0.46,0.42,3,low,house,hip,False,11,27,5,1,1,3,3
1406,11.75,27.5833,0.744,0.1533,0.1533,0.42,3,low,house,gable,False,11,27,4,3,1,1,1
1407,12.1667,1.0833,0.692,0.3067,0.1533,0.14,1,low,house,gable,False,12,1,0,0,2,1,2
1408,12.0833,1.25,0.71,0.1533,0.1533,0.14,1,low,house,gable,False,12,1,0,1,1,1,1
1409,12.6667,2.1667,0.768,0.3067,0.3067,0.42,3,low,house,gable,False,12,2,3,0,2,2,4
1410,12.4167,2.25,0.787,0.1533,0.1533,0.14,1,low,house,gable,False,12,2,2,1,1,1,1
1411,12.75,2.5833,0.804,0.1533,0.46,0.42,3,low,house,hip,False,12,2,4,2,1,3,3
1412,12.5833,2.5833,0.812,0.1533,0.1533,0.28,2,low,house,gable,False,12,2,3,3,1,1,1
1413,12.9167,2.6667,0.805,0.1533,0.3067,0.28,2,low,house,hip,False,12,2,5,3,1,2,2
1414,12.1667,3.75,0.941,0.3067,0.46,0.42,3,low,house,hip,False,12,3,0,3,2,3,6
1415,12.4167,3.75,0.932,0.1533,0.1533,0.42,3,low,house,gable,False,12,3,2,4,1,1,1
1416,12.75,4.5833,1.004,0.1533,0.46,0.42,3,low,house,hip,False,12,4,4,2,1,3,3
1417,12.5833,4.6667,1.019,0.1533,0.3067,0.42,3,low,house,hip,False,12,4,3,3,1,2,2
1418,12.9167,4.5833,0.998,0.1533,0.1533,0.42,3,low,house,gable,False,12,4,5,3,1,1,1
1419,12.1667,5.5,1.117,0.3067,0.3067,0.42,3,low,house,gable,False,12,5,0,2,2,2,4
1420,12.4167,6.0833,1.17,0.1533,0.1533,0.42,3,low,house,gable,False,12,6,2,0,1,1,1
1421,12.1667,6.25,1.193,0.3067,0.1533,0.28,2,low,house,gable,False,12,6,0,1,2,1,2
1422,12.5833,6.25,1.183,0.1533,0.1533,0.14,1,low,house,gable,False,12,6,3,1,1,1,1
1423,12.0833,6.4167,1.212,0.1533,0.1533,0.28,2,low,house,gable,False,12,6,0,2,1,1,1
1424,12.4167,6.4167,1.204,0.1533,0.1533,0.42,3,low,house,gable,False,12,6,2,2,1,1,1
1425,12.25,6.5833,1.225,0.1533,0.1533,0.14,1,low,house,gable,False,12,6,1,3,1,1,1
1426,12.5833,6.6667,1.226,0.1533,0.3067,0.42,3,low,house,hip,False,12,6,3,3,1,2,2
1427,12.4167,6.8333,1.247,0.1533,0.3067,0.28,2,low,house,hip,False,12,6,2,4,1,2,2
1428,12.25,6.9167,1.259,0.1533,0.1533,0.28,2,low,house,gable,False,12,6,1,5,1,1,1
1429,12.5833,7.9167,1.352,0.1533,0.1533,0.14,1,low,house,gable,False,12,7,3,5,1,1,1
1430,12.1667,8.1667,1.383,0.3067,0.3067,0.56,4,medium,house,gable,False,12,8,0,0,2,2,4
1431,12.75,8.0833,1.365,0.46,0.1533,0.56,4,medium,house,gable,False,12,8,3,0,3,1,3
1432,12.5833,8.25,1.385,0.1533,0.1533,0.56,4,medium,house,gable,False,12,8,3,1,1,1,1
1433,12.9167,8.4167,1.394,0.1533,0.46,0.56,4,medium,house,hip,False,12,8,5,1,1,3,3
1434,12.25,8.4167,1.406,0.1533,0.1533,0.56,4,medium,house,gable,False,12,8,1,2,1,1,1
1435,12.75,8.4167,1.398,0.1533,0.1533,0.56,4,medium,house,gable,False,12,8,4,2,1,1,1
1436,12.3333,8.8333,1.444,0.3067,0.3067,0.56,4,medium,house,gable,False,12,8,1,4,2,2,4
1437,12.6667,8.75,1.431,0.3067,0.1533,0.56,4,medium,house,gable,False,12,8,3,4,2,1,2
1438,12.0833,8.9167,1.454,0.1533,0.1533,0.56,4,medium,house,gable,False,12,8,0,5,1,1,1
1439,12.8333,8.9167,1.443,0.3067,0.1533,0.56,4,medium,house,gable,False,12,8,4,5,2,1,2
1440,12.5833,9.0833,1.463,0.46,0.1533,0.84,6,high,house,gable,False,12,9,2,0,3,1,3
1441,12.9167,9.25,1.472,0.1533,0.46,0.56,4,high,house,hip,False,12,9,5,0,1,3,3
1442,12.4167,9.4167,1.495,0.1533,0.46,0.56,4,high,house,hip,False,12,9,2,1,1,3,3
1443,12.75,9.3333,1.482,0.1533,0.3067,0.7,5,high,house,hip,False,12,9,4,1,1,2,2
1444,12.5833,9.8333,1.528,0.1533,0.3067,0.7,5,high,house,hip,False,12,9,3,4,1,2,2
1445,12.9167,9.8333,1.522,0.1533,0.3067,0.84,6,high,house,hip,False,12,9,5,4,1,2,2
1446,12.75,9.9167,1.532,0.1533,0.1533,0.42,3,high,house,gable,False,12,9,4,5,1,1,1
1447,12.1667,10.25,1.564,0.3067,0.46,0.84,6,high,house,hip,False,12,10,0,0,2,3,6
1448,12.6667,10.1667,1.554,0.3067,0.3067,0.7,5,high,house,gable,False,12,10,3,0,2,2,4
1449,12.9167,10.0833,1.543,0.1533,0.1533,0.42,3,high,house,gable,False,12,10,5,0,1,1,1
1450,12.5833,10.5833,1.587,0.1533,0.46,0.84,6,high,house,hip,False,12,10,3,2,1,3,3
1451,12.9167,10.5833,1.581,0.1533,0.46,0.7,5,high,house,hip,False,12,10,5,2,1,3,3
1452,12.0833,10.75,1.601,0.1533,0.46,0.7,5,high,house,hip,False,12,10,0,3,1,3,3
1453,12.4167,10.5833,1.588,0.1533,0.1533,0.56,4,high,house,gable,False,12,10,2,3,1,1,1
1454,12.25,10.75,1.601,0.1533,0.1533,0.42,3,high,house,gable,False,12,10,1,4,1,1,1
1455,12.5833,10.9167,1.61,0.46,0.1533,0.84,6,high,house,gable,False,12,10,2,5,3,1,3
1456,12.9167,10.9167,1.605,0.1533,0.1533,0.84,6,high,house,gable,False,12,10,5,5,1,1,1
1457,12.5,11.1667,1.627,0.3067,0.3067,0.42,3,medium,house,gable,False,12,11,2,0,2,2,4
1458,12.9167,11.25,1.628,0.1533,0.46,0.56,4,medium,house,hip,False,12,11,5,0,1,3,3
1459,12.75,11.25,1.63,0.1533,0.1533,0.28,2,medium,house,gable,False,12,11,4,1,1,1,1
1460,12.4167,11.4167,1.644,0.1533,0.1533,0.42,3,medium,house,gable,False,12,11,2,2,1,1,1
1461,12.5833,11.5833,1.652,0.1533,0.1533,0.56,4,medium,house,gable,False,12,11,3,3,1,1,1
1462,12.9167,11.75,1.658,0.1533,0.46,0.28,2,medium,house,hip,False,12,11,5,3,1,3,3
1463,12.4167,11.8333,1.667,0.1533,0.3067,0.42,3,medium,house,hip,False,12,11,2,4,1,2,2
1464,12.75,11.75,1.66,0.1533,0.1533,0.28,2,medium,house,gable,False,12,11,4,4,1,1,1
1465,12.5833,11.9167,1.671,0.1533,0.1533,0.42,3,medium,house,gable,False,12,11,3,5,1,1,1
1466,12.25,12.1667,1.684,0.46,0.3067,0.84,6,high,house,gable,False,12,12,0,0,3,2,6
1467,12.75,12.1667,1.682,0.46,0.3067,0.84,6,high,house,gable,False,12,12,3,0,3,2,6
1468,12.25,12.5833,1.702,0.46,0.1533,0.84,6,high,house,gable,False,12,12,0,3,3,1,3
1469,12.75,12.5833,1.7,0.46,0.1533,0.84,6,high,house,gable,False,12,12,3,3,3,1,3
1470,12.0833,12.8333,1.71,0.1533,0.3067,0.7,5,high,house,hip,False,12,12,0,4,1,2,2
1471,12.9167,12.8333,1.708,0.1533,0.3067,0.84,6,high,house,hip,False,12,12,5,4,1,2,2
1472,12.4167,12.9167,1.715,0.46,0.1533,0.7,5,high,house,gable,False,12,12,1,5,3,1,3
1473,12.75,12.9167,1.713,0.1533,0.1533,0.7,5,high,house,gable,False,12,12,4,5,1,1,1
1474,12.5833,13.5833,1.732,0.11,0.11,1.4,10,high,tower,flat,True,12,13,3,3,1,1,1
1475,12.5,13.0833,1.72,0.3067,0.1533,0.84,6,high,house,gable,False,12,13,2,0,2,1,2
1476,12.9167,13.1667,1.719,0.1533,0.3067,0.7,5,high,house,hip,False,12,13,5,0,1,2,2
1477,12.6667,13.25,1.724,0.3067,0.1533,0.84,6,high,house,gable,False,12,13,3,1,2,1,2
1478,12.4167,13.5833,1.733,0.1533,0.46,0.98,7,high,house,hip,False,12,13,2,2,1,3,3
1479,12.0833,13.75,1.734,0.1533,0.46,0.7,5,high,house,hip,False,12,13,0,3,1,3,3
1480,12.25,13.5833,1.732,0.1533,0.1533,0.56,4,high,house,gable,False,12,13,1,3,1,1,1
1481,12.9167,13.75,1.732,0.1533,0.46,0.56,4,high,house,hip,False,12,13,5,3,1,3,3
1482,12.6667,13.75,1.735,0.3067,0.1533,0.7,5,high,house,gable,False,12,13,3,4,2,1,2
1483,12.25,13.9167,1.738,0.1533,0.1533,0.84,6,high,house,gable,False,12,13,1,5,1,1,1
1484,12.5833,13.9167,1.738,0.1533,0.1533,0.42,3,high,house,gable,False,12,13,3,5,1,1,1
1485,12.25,14.4167,1.743,0.46,0.1533,0.7,5,high,house,gable,False,12,14,0,2,3,1,3
1486,12.5833,14.5833,1.743,0.1533,0.46,0.98,7,high,house,hip,False,12,14,3,2,1,3,3
1487,12.75,14.4167,1.741,0.1533,0.1533,0.84,6,high,house,gable,False,12,14,4,2,1,1,1
1488,12.0833,14.75,1.741,0.1533,0.46,0.84,6,high,house,hip,False,12,14,0,3,1,3,3
1489,12.9167,14.75,1.74,0.1533,0.46,0.84,6,high,house,hip,False,12,14,5,3,1,3,3
1490,12.4167,14.9167,1.742,0.46,0.1533,0.84,6,high,house,gable,False,12,14,1,5,3,1,3
1491,12.75,14.9167,1.741,0.1533,0.1533,0.42,3,high,house,gable,False,12,14,4,5,1,1,1
1492,12.0833,15.25,1.737,0.1533,0.46,0.84,6,high,house,hip,False,12,15,0,0,1,3,3
1493,12.5,15.0833,1.741,0.3067,0.1533,0.42,3,high,house,gable,False,12,15,2,0,2,1,2
1494,12.9167,15.1667,1.737,0.1533,0.3067,0.84,6,high,house,hip,False,12,15,5,0,1,2,2
1495,12.25,15.3333,1.738,0.1533,0.3067,0.7,5,high,house,hip,False,12,15,1,1,1,2,2
1496,12.6667,15.3333,1.737,0.3067,0.3067,0.98,7,high,house,gable,False,12,15,3,1,2,2,4
1497,12.0833,15.5833,1.732,0.1533,0.1533,0.56,4,high,house,gable,False,12,15,0,3,1,1,1
1498,12.4167,15.5833,1.734,0.1533,0.1533,0.84,6,high,house,gable,False,12,15,2,3,1,1,1
1499,12.8333,15.5833,1.731,0.3067,0.1533,0.7,5,high,house,gable,False,12,15,4,3,2,1,2
1500,12.5833,15.8333,1.727,0.1533,0.3067,0.56,4,high,house,hip,False,12,15,3,4,1,2,2
1501,12.9167,15.8333,1.724,0.1533,0.3067,0.84,6,high,house,hip,False,12,15,5,4,1,2,2
1502,12.75,15.9167,1.724,0.1533,0.1533,0.84,6,high,house,gable,False,12,15,4,5,1,1,1
1503,12.4167,16.0833,1.721,0.46,0.1533,0.84,6,high,house,gable,False,12,16,1,0,3,1,3
1504,12.4167,16.25,1.716,0.1533,0.1533,0.7,5,high,house,gable,False,12,16,2,1,1,1,1
1505,12.1667,16.5833,1.704,0.3067,0.46,0.7,5,high,house,hip,False,12,16,0,2,2,3,6
1506,12.5833,16.5833,1.703,0.1533,0.46,0.7,5,high,house,hip,False,12,16,3,2,1,3,3
1507,12.9167,16.5833,1.7,0.1533,0.46,0.84,6,high,house,hip,False,12,16,5,2,1,3,3
1508,12.4167,16.5833,1.704,0.1533,0.1533,0.7,5,high,house,gable,False,12,16,2,3,1,1,1
1509,12.75,16.5833,1.702,0.1533,0.1533,0.56,4,high,house,gable,False,12,16,4,3,1,1,1
1510,12.1667,16.9167,1.69,0.3067,0.1533,0.84,6,high,house,gable,False,12,16,0,5,2,1,2
1511,12.25,17.0833,1.682,0.46,0.1533,0.84,6,high,house,gable,False,12,17,0,0,3,1,3
1512,12.8333,17.0833,1.678,0.3067,0.1533,0.84,6,high,house,gable,False,12,17,4,0,2,1,2
1513,12.0833,17.3333,1.669,0.1533,0.3067,0.42,3,high,house,hip,False,12,17,0,1,1,2,2
1514,12.5833,17.3333,1.668,0.1533,0.3067,0.84,6,high,house,hip,False,12,17,3,1,1,2,2
1515,12.9167,17.3333,1.664,0.1533,0.3067,0.84,6,high,house,hip,False,12,17,5,1,1,2,2
1516,12.3333,17.4167,1.665,0.3067,0.1533,0.56,4,high,house,gable,False,12,17,1,2,2,1,2
1517,12.75,17.5,1.658,0.1533,0.3067,0.42,3,high,house,hip,False,12,17,4,2,1,2,2
1518,12.0833,17.8333,1.641,0.1533,0.3067,0.56,4,high,house,hip,False,12,17,0,4,1,2,2
1519,12.5,17.8333,1.64,0.3067,0.3067,0.84,6,high,house,gable,False,12,17,2,4,2,2,4
1520,12.9167,17.75,1.64,0.1533,0.1533,0.42,3,high,house,gable,False,12,17,5,4,1,1,1
1521,12.25,17.9167,1.636,0.1533,0.1533,0.7,5,high,house,gable,False,12,17,1,5,1,1,1
1522,12.75,17.9167,1.633,0.1533,0.1533,0.42,3,high,house,gable,False,12,17,4,5,1,1,1
1523,12.25,18.0833,1.626,0.46,0.1533,0.56,4,high,house,gable,False,12,18,0,0,3,1,3
1524,12.75,18.0833,1.622,0.46,0.1533,0.7,5,high,house,gable,False,12,18,3,0,3,1,3
1525,12.0833,18.4167,1.604,0.1533,0.46,0.42,3,high,house,hip,False,12,18,0,1,1,3,3
1526,12.9167,18.4167,1.596,0.1533,0.46,0.56,4,high,house,hip,False,12,18,5,1,1,3,3
1527,12.4167,18.5,1.597,0.1533,0.3067,0.84,6,high,house,hip,False,12,18,2,2,1,2,2
1528,12.25,18.5833,1.592,0.1533,0.1533,0.7,5,high,house,gable,False,12,18,1,3,1,1,1
1529,12.6667,18.5833,1.588,0.3067,0.1533,0.98,7,high,house,gable,False,12,18,3,3,2,1,2
1530,12.4167,19.0833,1.553,0.46,0.1533,0.84,6,high,house,gable,False,12,19,1,0,3,1,3
1531,12.75,19.0833,1.549,0.1533,0.1533,0.7,5,high,house,gable,False,12,19,4,0,1,1,1
1532,12.4167,19.25,1.54,0.1533,0.1533,0.84,6,high,house,gable,False,12,19,2,1,1,1,1
1533,12.8333,19.4167,1.52,0.3067,0.1533,0.7,5,high,house,gable,False,12,19,4,2,2,1,2
1534,12.5,19.6667,1.504,0.3067,0.3067,0.98,7,high,house,gable,False,12,19,2,3,2,2,4
1535,12.9167,19.75,1.489,0.1533,0.46,0.84,6,high,house,hip,False,12,19,5,3,1,3,3
1536,12.0833,19.8333,1.494,0.1533,0.3067,0.7,5,high,house,hip,False,12,19,0,4,1,2,2
1537,12.75,19.8333,1.485,0.1533,0.3067,0.56,4,high,house,hip,False,12,19,4,4,1,2,2
1538,12.3333,19.9167,1.484,0.3067,0.1533,0.84,6,high,house,gable,False,12,19,1,5,2,1,2
1539,12.25,20.0833,1.471,0.46,0.1533,0.84,6,high,house,gable,False,12,20,0,0,3,1,3
1540,12.75,20.1667,1.455,0.46,0.3067,0.84,6,high,house,gable,False,12,20,3,0,3,2,6
1541,12.0833,20.25,1.457,0.1533,0.1533,0.42,3,high,house,gable,False,12,20,0,1,1,1,1
1542,12.4167,20.4167,1.438,0.46,0.1533,0.84,6,high,house,gable,False,12,20,1,2,3,1,3
1543,12.0833,20.5833,1.427,0.1533,0.1533,0.56,4,high,house,gable,False,12,20,0,3,1,1,1
1544,12.4167,20.5833,1.423,0.1533,0.1533,0.98,7,high,house,gable,False,12,20,2,3,1,1,1
1545,12.5833,20.8333,1.396,0.1533,0.3067,0.56,4,high,house,hip,False,12,20,3,4,1,2,2
1546,12.9167,20.8333,1.388,0.1533,0.3067,0.84,6,high,house,hip,False,12,20,5,4,1,2,2
1547,12.4167,20.9167,1.391,0.1533,0.1533,0.7,5,high,house,gable,False,12,20,2,5,1,1,1
1548,12.75,20.9167,1.384,0.1533,0.1533,0.56,4,high,house,gable,False,12,20,4,5,1,1,1
1549,12.25,21.0833,1.378,0.46,0.1533,0.7,5,high,house,gable,False,12,21,0,0,3,1,3
1550,12.5833,21.0833,1.372,0.1533,0.1533,0.42,3,high,house,gable,False,12,21,3,0,1,1,1
1551,12.0833,21.3333,1.355,0.1533,0.3067,0.84,6,high,house,hip,False,12,21,0,1,1,2,2
1552,12.4167,21.4167,1.342,0.1533,0.46,0.7,5,high,house,hip,False,12,21,2,1,1,3,3
1553,12.8333,21.3333,1.341,0.3067,0.3067,0.84,6,high,house,gable,False,12,21,4,1,2,2,4
1554,12.5833,21.4167,1.339,0.1533,0.1533,0.56,4,high,house,gable,False,12,21,3,2,1,1,1
1555,12.9167,21.5833,1.313,0.1533,0.1533,0.84,6,high,house,gable,False,12,21,5,3,1,1,1
1556,12.1667,21.8333,1.305,0.3067,0.3067,0.7,5,high,house,gable,False,12,21,0,4,2,2,4
1557,12.6667,21.75,1.303,0.3067,0.1533,0.7,5,high,house,gable,False,12,21,3,4,2,1,2
1558,12.5,21.9167,1.29,0.3067,0.1533,0.7,5,high,house,gable,False,12,21,2,5,2,1,2
1559,12.4167,23.0833,1.171,0.1533,0.1533,0.14,1,low,house,gable,False,12,23,2,0,1,1,1
1560,12.3333,24.4167,1.034,0.3067,0.1533,0.14,1,low,house,gable,False,12,24,1,2,2,1,2
1561,12.4167,24.5833,1.014,0.1533,0.1533,0.42,3,low,house,gable,False,12,24,2,3,1,1,1
1562,12.6667,26.75,0.785,0.3067,0.1533,0.42,3,low,house,gable,False,12,26,3,4,2,1,2
1563,12.8333,26.9167,0.76,0.3067,0.1533,0.14,1,low,house,gable,False,12,26,4,5,2,1,2
1564,12.5,27.6667,0.704,0.3067,0.3067,0.42,3,low,house,gable,False,12,27,2,3,2,2,4
1565,12.25,27.8333,0.7,0.1533,0.3067,0.42,3,low,house,hip,False,12,27,1,4,1,2,2
1566,12.0833,27.9167,0.699,0.1533,0.1533,0.14,1,low,house,gable,False,12,27,0,5,1,1,1
1567,13.5,2.25,0.736,0.3067,0.1533,0.42,3,low,house,gable,False,13,2,2,1,2,1,2
1568,13.25,2.5,0.773,0.1533,0.3067,0.42,3,low,house,hip,False,13,2,1,2,1,2,2
1569,13.6667,2.4167,0.743,0.3067,0.1533,0.42,3,low,house,gable,False,13,2,3,2,2,1,2
1570,13.0833,2.5833,0.789,0.1533,0.1533,0.14,1,low,house,gable,False,13,2,0,3,1,1,1
1571,13.0833,3.75,0.905,0.1533,0.46,0.42,3,low,house,hip,False,13,3,0,3,1,3,3
1572,13.25,3.8333,0.906,0.1533,0.3067,0.28,2,low,house,hip,False,13,3,1,4,1,2,2
1573,13.4167,4.5833,0.976,0.1533,0.46,0.42,3,low,house,hip,False,13,4,2,2,1,3,3
1574,13.5833,4.4167,0.951,0.1533,0.1533,0.28,2,low,house,gable,False,13,4,3,2,1,1,1
1575,13.1667,4.75,1.005,0.3067,0.1533,0.28,2,low,house,gable,False,13,4,0,4,2,1,2
1576,13.3333,4.9167,1.015,0.3067,0.1533,0.42,3,low,house,gable,False,13,4,1,5,2,1,2
1577,13.25,5.4167,1.072,0.1533,0.1533,0.42,3,low,house,gable,False,13,5,1,2,1,1,1
1578,13.6667,6.1667,1.134,0.3067,0.3067,0.42,3,low,house,gable,False,13,6,3,0,2,2,4
1579,13.4167,6.3333,1.162,0.1533,0.3067,0.42,3,low,house,hip,False,13,6,2,1,1,2,2
1580,13.9167,6.25,1.131,0.1533,0.1533,0.42,3,low,house,gable,False,13,6,5,1,1,1,1
1581,13.25,6.4167,1.178,0.1533,0.1533,0.42,3,low,house,gable,False,13,6,1,2,1,1,1
1582,13.5833,6.4167,1.164,0.1533,0.1533,0.14,1,low,house,gable,False,13,6,3,2,1,1,1
1583,13.4167,7.0833,1.242,0.1533,0.1533,0.56,4,medium,house,gable,False,13,7,2,0,1,1,1
1584,13.0833,7.5833,1.306,0.1533,0.46,0.56,4,medium,house,hip,False,13,7,0,2,1,3,3
1585,13.25,7.4167,1.283,0.1533,0.1533,0.56,4,medium,house,gable,False,13,7,1,2,1,1,1
1586,13.5833,7.6667,1.296,0.1533,0.3067,0.56,4,medium,house,hip,False,13,7,3,3,1,2,2
1587,13.3333,7.8333,1.323,0.3067,0.3067,0.42,3,medium,house,gable,False,13,7,1,4,2,2,4
1588,13.75,7.75,1.297,0.1533,0.1533,0.56,4,medium,house,gable,False,13,7,4,4,1,1,1
1589,13.0833,7.9167,1.339,0.1533,0.1533,0.42,3,medium,house,gable,False,13,7,0,5,1,1,1
1590,13.0833,8.25,1.373,0.1533,0.46,0.84,6,high,house,hip,False,13,8,0,0,1,3,3
1591,13.25,8.0833,1.351,0.1533,0.1533,0.56,4,high,house,gable,False,13,8,1,0,1,1,1
1592,13.6667,8.0833,1.335,0.3067,0.1533,0.7,5,high,house,gable,False,13,8,3,0,2,1,2
1593,13.5833,8.25,1.355,0.1533,0.1533,0.7,5,high,house,gable,False,13,8,3,1,1,1,1
1594,13.9167,8.4167,1.358,0.1533,0.46,0.7,5,high,house,hip,False,13,8,5,1,1,3,3
1595,13.75,8.4167,1.365,0.1533,0.1533,0.84,6,high,house,gable,False,13,8,4,2,1,1,1
1596,13.25,8.5833,1.4,0.46,0.1533,0.56,4,high,house,gable,False,13,8,0,3,3,1,3
1597,13.5833,8.5833,1.388,0.1533,0.1533,0.56,4,high,house,gable,False,13,8,3,3,1,1,1
1598,13.0833,8.8333,1.429,0.1533,0.3067,0.7,5,high,house,hip,False,13,8,0,4,1,2,2
1599,13.8333,8.8333,1.402,0.3067,0.3067,0.84,6,high,house,gable,False,13,8,4,4,2,2,4
1600,13.3333,8.9167,1.429,0.3067,0.1533,0.84,6,high,house,gable,False,13,8,1,5,2,1,2
1601,13.1667,9.0833,1.45,0.3067,0.1533,0.42,3,high,house,gable,False,13,9,0,0,2,1,2
1602,13.6667,9.0833,1.433,0.3067,0.1533,0.42,3,high,house,gable,False,13,9,3,0,2,1,2
1603,13.25,9.3333,1.47,0.1533,0.3067,0.84,6,high,house,hip,False,13,9,1,1,1,2,2
1604,13.5833,9.25,1.451,0.1533,0.1533,0.84,6,high,house,gable,False,13,9,3,1,1,1,1
1605,13.4167,9.4167,1.472,0.1533,0.1533,0.56,4,high,house,gable,False,13,9,2,2,1,1,1
1606,13.8333,9.4167,1.456,0.3067,0.1533,0.7,5,high,house,gable,False,13,9,4,2,2,1,2
1607,13.0833,9.75,1.511,0.1533,0.46,0.84,6,high,house,hip,False,13,9,0,3,1,3,3
1608,13.5833,9.6667,1.488,0.1533,0.3067,0.7,5,high,house,hip,False,13,9,3,3,1,2,2
1609,13.9167,9.75,1.482,0.1533,0.46,0.84,6,high,house,hip,False,13,9,5,3,1,3,3
1610,13.4167,9.8333,1.509,0.1533,0.3067,0.84,6,high,house,hip,False,13,9,2,4,1,2,2
1611,13.75,9.8333,1.496,0.1533,0.3067,0.84,6,high,house,hip,False,13,9,4,4,1,2,2
1612,13.25,9.9167,1.521,0.1533,0.1533,0.7,5,high,house,gable,False,13,9,1,5,1,1,1
1613,13.4167,10.0833,1.529,0.46,0.1533,0.84,6,high,house,gable,False,13,10,1,0,3,1,3
1614,13.75,10.25,1.531,0.1533,0.46,0.7,5,high,house,hip,False,13,10,4,0,1,3,3
1615,13.9167,10.0833,1.51,0.1533,0.1533,0.84,6,high,house,gable,False,13,10,5,0,1,1,1
1616,13.0833,10.4167,1.565,0.1533,0.46,0.84,6,high,house,hip,False,13,10,0,1,1,3,3
1617,13.5833,10.25,1.537,0.1533,0.1533,0.84,6,high,house,gable,False,13,10,3,1,1,1,1
1618,13.3333,10.5,1.565,0.3067,0.3067,0.98,7,high,house,gable,False,13,10,1,2,2,2,4
1619,13.9167,10.5,1.544,0.1533,0.3067,0.7,5,high,house,hip,False,13,10,5,2,1,2,2
1620,13.5833,10.5833,1.563,0.1533,0.1533,0.98,7,high,house,gable,False,13,10,3,3,1,1,1
1621,13.75,10.8333,1.575,0.1533,0.3067,0.56,4,high,house,hip,False,13,10,4,4,1,2,2
1622,13.25,10.9167,1.598,0.46,0.1533,0.84,6,high,house,gable,False,13,10,0,5,3,1,3
1623,13.5833,10.9167,1.588,0.1533,0.1533,0.56,4,high,house,gable,False,13,10,3,5,1,1,1
1624,13.9167,10.9167,1.575,0.1533,0.1533,0.42,3,high,house,gable,False,13,10,5,5,1,1,1
1625,13.0833,12.25,1.68,0.1533,0.46,0.84,6,high,house,hip,False,13,12,0,0,1,3,3
1626,13.6667,12.1667,1.66,0.3067,0.3067,0.84,6,high,house,gable,False,13,12,3,0,2,2,4
1627,13.4167,12.4167,1.68,0.1533,0.46,0.7,5,high,house,hip,False,13,12,2,1,1,3,3
1628,13.9167,12.25,1.655,0.1533,0.1533,0.7,5,high,house,gable,False,13,12,5,1,1,1,1
1629,13.75,12.5,1.673,0.1533,0.3067,0.42,3,high,house,hip,False,13,12,4,2,1,2,2
1630,13.25,12.6667,1.695,0.1533,0.3067,0.7,5,high,house,hip,False,13,12,1,3,1,2,2
1631,13.5833,12.5833,1.682,0.1533,0.1533,0.84,6,high,house,gable,False,13,12,3,3,1,1,1
1632,13.9167,12.75,1.676,0.1533,0.46,0.84,6,high,house,hip,False,13,12,5,3,1,3,3
1633,13.0833,12.8333,1.705,0.1533,0.3067,0.84,6,high,house,hip,False,13,12,0,4,1,2,2
1634,13.75,12.9167,1.689,0.1533,0.1533,0.42,3,high,house,gable,False,13,12,4,5,1,1,1
1635,13.0833,13.25,1.718,0.1533,0.46,0.84,6,high,house,hip,False,13,13,0,0,1,3,3
1636,13.25,13.0833,1.71,0.1533,0.1533,0.56,4,high,house,gable,False,13,13,1,0,1,1,1
1637,13.75,13.0833,1.694,0.46,0.1533,0.84,6,high,house,gable,False,13,13,3,0,3,1,3
1638,13.5833,13.25,1.705,0.1533,0.1533,0.42,3,high,house,gable,False,13,13,3,1,1,1,1
1639,13.9167,13.4167,1.697,0.1533,0.46,0.56,4,high,house,hip,False,13,13,5,1,1,3,3
1640,13.4167,13.4167,1.715,0.1533,0.1533,0.98,7,high,house,gable,False,13,13,2,2,1,1,1
1641,13.75,13.5833,1.708,0.1533,0.46,0.84,6,high,house,hip,False,13,13,4,2,1,3,3
1642,13.1667,13.75,1.728,0.3067,0.46,0.84,6,high,house,hip,False,13,13,0,3,2,3,6
1643,13.4167,13.8333,1.723,0.1533,0.3067,0.7,5,high,house,hip,False,13,13,2,4,1,2,2
1644,13.9167,13.8333,1.706,0.1533,0.3067,0.84,6,high,house,hip,False,13,13,5,4,1,2,2
1645,13.75,13.9167,1.714,0.1533,0.1533,0.56,4,high,house,gable,False,13,13,4,5,1,1,1
1646,13.25,14.0833,1.731,0.46,0.1533,0.7,5,high,house,gable,False,13,14,0,0,3,1,3
1647,13.5833,14.0833,1.722,0.1533,0.1533,0.7,5,high,house,gable,False,13,14,3,0,1,1,1
1648,13.0833,14.4167,1.737,0.1533,0.46,0.84,6,high,house,hip,False,13,14,0,1,1,3,3
1649,13.5,14.4167,1.727,0.3067,0.1533,0.7,5,high,house,gable,False,13,14,2,2,2,1,2
1650,13.5833,14.6667,1.724,0.1533,0.3067,0.7,5,high,house,hip,False,13,14,3,3,1,2,2
1651,13.25,14.8333,1.733,0.46,0.3067,0.84,6,high,house,gable,False,13,14,0,4,3,2,6
1652,13.9167,14.8333,1.712,0.1533,0.3067,0.56,4,high,house,hip,False,13,14,5,4,1,2,2
1653,13.75,14.9167,1.718,0.1533,0.1533,0.42,3,high,house,gable,False,13,14,4,5,1,1,1
1654,13.25,18.4167,1.588,0.46,0.1533,0.84,6,high,house,gable,False,13,18,0,2,3,1,3
1655,13.6667,18.4167,1.575,0.3067,0.1533,0.56,4,high,house,gable,False,13,18,3,2,2,1,2
1656,13.0833,18.75,1.568,0.1533,0.46,0.84,6,high,house,hip,False,13,18,0,3,1,3,3
1657,13.5833,18.5833,1.566,0.1533,0.1533,0.98,7,high,house,gable,False,13,18,3,3,1,1,1
1658,13.4167,18.8333,1.552,0.1533,0.3067,0.7,5,high,house,hip,False,13,18,2,4,1,2,2
1659,13.8333,18.8333,1.537,0.3067,0.3067,0.84,6,high,house,gable,False,13,18,4,4,2,2,4
1660,13.25,18.9167,1.551,0.1533,0.1533,0.84,6,high,house,gable,False,13,18,1,5,1,1,1
1661,13.5833,18.9167,1.54,0.1533,0.1533,0.42,3,high,house,gable,False,13,18,3,5,1,1,1
1662,13.5833,19.5833,1.484,0.11,0.11,1.96,14,high,tower,flat,True,13,19,3,3,1,1,1
1663,13.1667,19.1667,1.533,0.3067,0.3067,0.84,6,high,house,gable,False,13,19,0,0,2,2,4
1664,13.8333,19.1667,1.51,0.3067,0.3067,0.56,4,high,house,gable,False,13,19,4,0,2,2,4
1665,13.4167,19.4167,1.504,0.1533,0.46,0.7,5,high,house,hip,False,13,19,2,1,1,3,3
1666,13.0833,19.5833,1.5,0.1533,0.46,0.84,6,high,house,hip,False,13,19,0,2,1,3,3
1667,13.5833,19.4167,1.498,0.1533,0.1533,0.98,7,high,house,gable,False,13,19,3,2,1,1,1
1668,13.9167,19.4167,1.485,0.1533,0.1533,0.56,4,high,house,gable,False,13,19,5,2,1,1,1
1669,13.25,19.5833,1.495,0.1533,0.1533,0.7,5,high,house,gable,False,13,19,1,3,1,1,1
1670,13.75,19.75,1.462,0.46,0.1533,0.84,6,high,house,gable,False,13,19,3,4,3,1,3
1671,13.25,19.9167,1.465,0.46,0.1533,0.84,6,high,house,gable,False,13,19,0,5,3,1,3
1672,13.9167,19.9167,1.44,0.1533,0.1533,0.42,3,high,house,gable,False,13,19,5,5,1,1,1
1673,13.0833,20.25,1.439,0.1533,0.46,0.56,4,high,house,hip,False,13,20,0,0,1,3,3
1674,13.5833,20.0833,1.438,0.46,0.1533,0.84,6,high,house,gable,False,13,20,2,0,3,1,3
1675,13.25,20.4167,1.419,0.1533,0.46,0.84,6,high,house,hip,False,13,20,1,1,1,3,3
1676,13.5833,20.4167,1.407,0.1533,0.46,0.84,6,high,house,hip,False,13,20,3,1,1,3,3
1677,13.75,20.25,1.416,0.1533,0.1533,0.7,5,high,house,gable,False,13,20,4,1,1,1,1
1678,13.9167,20.5833,1.376,0.1533,0.46,0.84,6,high,house,hip,False,13,20,5,2,1,3,3
1679,13.0833,20.75,1.392,0.1533,0.46,0.7,5,high,house,hip,False,13,20,0,3,1,3,3
1680,13.5,20.75,1.377,0.3067,0.1533,0.84,6,high,house,gable,False,13,20,2,4,2,1,2
1681,13.25,20.9167,1.37,0.1533,0.1533,0.56,4,high,house,gable,False,13,20,1,5,1,1,1
1682,13.75,20.9167,1.351,0.46,0.1533,0.7,5,high,house,gable,False,13,20,3,5,3,1,3
1683,13.1667,21.1667,1.348,0.3067,0.3067,0.56,4,medium,house,gable,False,13,21,0,0,2,2,4
1684,13.5833,21.0833,1.341,0.46,0.1533,0.42,3,medium,house,gable,False,13,21,2,0,3,1,3
1685,13.5833,21.3333,1.315,0.1533,0.3067,0.56,4,medium,house,hip,False,13,21,3,1,1,2,2
1686,13.0833,21.4167,1.325,0.1533,0.1533,0.42,3,medium,house,gable,False,13,21,0,2,1,1,1
1687,13.4167,21.5,1.305,0.1533,0.3067,0.56,4,medium,house,hip,False,13,21,2,2,1,2,2
1688,13.25,21.5833,1.302,0.1533,0.1533,0.56,4,medium,house,gable,False,13,21,1,3,1,1,1
1689,13.6667,21.8333,1.26,0.3067,0.3067,0.56,4,medium,house,gable,False,13,21,3,4,2,2,4
1690,13.4167,21.9167,1.261,0.1533,0.1533,0.28,2,medium,house,gable,False,13,21,2,5,1,1,1
1691,13.9167,21.9167,1.239,0.1533,0.1533,0.28,2,medium,house,gable,False,13,21,5,5,1,1,1
1692,13.4167,22.0833,1.243,0.46,0.1533,0.56,4,medium,house,gable,False,13,22,1,0,3,1,3
1693,13.4167,22.25,1.226,0.1533,0.1533,0.28,2,medium,house,gable,False,13,22,2,1,1,1,1
1694,13.6667,22.5,1.188,0.3067,0.3067,0.56,4,medium,house,gable,False,13,22,3,2,2,2,4
1695,13.9167,22.4167,1.186,0.1533,0.1533,0.42,3,medium,house,gable,False,13,22,5,2,1,1,1
1696,13.1667,22.6667,1.191,0.3067,0.3067,0.56,4,medium,house,gable,False,13,22,0,3,2,2,4
1697,13.4167,22.8333,1.163,0.1533,0.3067,0.56,4,medium,house,hip,False,13,22,2,4,1,2,2
1698,13.8333,22.8333,1.145,0.3067,0.3067,0.56,4,medium,house,gable,False,13,22,4,4,2,2,4
1699,13.25,22.9167,1.161,0.1533,0.1533,0.56,4,medium,house,gable,False,13,22,1,5,1,1,1
1700,13.75,24.5833,0.958,0.1533,0.1533,0.28,2,low,house,gable,False,13,24,4,3,1,1,1
1701,13.4167,24.8333,0.947,0.46,0.3067,0.42,3,low,house,gable,False,13,24,1,4,3,2,6
1702,13.4167,27.3333,0.691,0.1533,0.3067,0.28,2,low,house,hip,False,13,27,2,1,1,2,2
1703,13.25,27.4167,0.691,0.1533,0.1533,0.28,2,low,house,gable,False,13,27,1,2,1,1,1
1704,13.5833,27.4167,0.674,0.1533,0.1533,0.28,2,low,house,gable,False,13,27,3,2,1,1,1
1705,14.3333,2.6667,0.733,0.3067,0.3067,0.42,3,low,house,gable,False,14,2,1,3,2,2,4
1706,14.9167,3.3333,0.767,0.1533,0.3067,0.42,3,low,house,hip,False,14,3,5,1,1,2,2
1707,14.75,3.4167,0.785,0.1533,0.1533,0.42,3,low,house,gable,False,14,3,4,2,1,1,1
1708,14.9167,4.1667,0.854,0.1533,0.3067,0.28,2,low,house,hip,False,14,4,5,0,1,2,2
1709,14.75,4.25,0.872,0.1533,0.1533,0.14,1,low,house,gable,False,14,4,4,1,1,1,1
1710,14.75,5.5833,1.014,0.1533,0.46,0.42,3,low,house,hip,False,14,5,4,2,1,3,3
1711,14.9167,5.4167,0.987,0.1533,0.1533,0.28,2,low,house,gable,False,14,5,5,2,1,1,1
1712,14.5833,5.6667,1.033,0.1533,0.3067,0.28,2,low,house,hip,False,14,5,3,3,1,2,2
1713,14.9167,5.75,1.023,0.1533,0.1533,0.42,3,low,house,gable,False,14,5,5,4,1,1,1
1714,14.0833,7.4167,1.247,0.1533,0.46,0.56,4,medium,house,hip,False,14,7,0,1,1,3,3
1715,14.4167,7.4167,1.23,0.46,0.1533,0.56,4,medium,house,gable,False,14,7,1,2,3,1,3
1716,14.4167,7.75,1.265,0.1533,0.46,0.28,2,medium,house,hip,False,14,7,2,3,1,3,3
1717,14.5833,7.5833,1.238,0.1533,0.1533,0.56,4,medium,house,gable,False,14,7,3,3,1,1,1
1718,14.9167,7.75,1.236,0.1533,0.46,0.56,4,medium,house,hip,False,14,7,5,3,1,3,3
1719,14.0833,7.8333,1.291,0.1533,0.3067,0.28,2,medium,house,hip,False,14,7,0,4,1,2,2
1720,14.75,7.8333,1.255,0.1533,0.3067,0.56,4,medium,house,hip,False,14,7,4,4,1,2,2
1721,14.25,7.9167,1.291,0.1533,0.1533,0.42,3,medium,house,gable,False,14,7,1,5,1,1,1
1722,14.4167,8.25,1.316,0.1533,0.46,0.84,6,high,house,hip,False,14,8,2,0,1,3,3
1723,14.5833,8.0833,1.29,0.1533,0.1533,0.56,4,high,house,gable,False,14,8,3,0,1,1,1
1724,14.9167,8.0833,1.27,0.1533,0.1533,0.42,3,high,house,gable,False,14,8,5,0,1,1,1
1725,14.75,8.4167,1.314,0.1533,0.46,0.84,6,high,house,hip,False,14,8,4,1,1,3,3
1726,14.0833,8.5833,1.366,0.1533,0.46,0.7,5,high,house,hip,False,14,8,0,2,1,3,3
1727,14.25,8.5833,1.358,0.1533,0.1533,0.84,6,high,house,gable,False,14,8,1,3,1,1,1
1728,14.9167,8.75,1.336,0.1533,0.46,0.84,6,high,house,hip,False,14,8,5,3,1,3,3
1729,14.5,8.75,1.361,0.3067,0.1533,0.84,6,high,house,gable,False,14,8,2,4,2,1,2
1730,14.6667,8.9167,1.368,0.3067,0.1533,0.56,4,high,house,gable,False,14,8,3,5,2,1,2
1731,14.25,10.0833,1.495,0.46,0.1533,0.7,5,high,house,gable,False,14,10,0,0,3,1,3
1732,14.5833,10.0833,1.477,0.1533,0.1533,0.42,3,high,house,gable,False,14,10,3,0,1,1,1
1733,14.0833,10.25,1.517,0.1533,0.1533,0.7,5,high,house,gable,False,14,10,0,1,1,1,1
1734,14.4167,10.25,1.5,0.1533,0.1533,0.56,4,high,house,gable,False,14,10,2,1,1,1,1
1735,14.25,10.5,1.528,0.1533,0.3067,0.56,4,high,house,hip,False,14,10,1,2,1,2,2
1736,14.8333,10.4167,1.489,0.3067,0.1533,0.56,4,high,house,gable,False,14,10,4,2,2,1,2
1737,14.0833,10.75,1.555,0.1533,0.46,0.42,3,high,house,hip,False,14,10,0,3,1,3,3
1738,14.5833,10.5833,1.517,0.46,0.1533,0.98,7,high,house,gable,False,14,10,2,3,3,1,3
1739,14.4167,10.8333,1.545,0.1533,0.3067,0.56,4,high,house,hip,False,14,10,2,4,1,2,2
1740,14.9167,10.8333,1.515,0.1533,0.3067,0.84,6,high,house,hip,False,14,10,5,4,1,2,2
1741,14.25,10.9167,1.559,0.1533,0.1533,0.7,5,high,house,gable,False,14,10,1,5,1,1,1
1742,14.6667,10.9167,1.536,0.3067,0.1533,0.84,6,high,house,gable,False,14,10,3,5,2,1,2
1743,14.9167,11.25,1.544,0.1533,0.46,0.42,3,medium,house,hip,False,14,11,5,0,1,3,3
1744,14.1667,11.3333,1.592,0.3067,0.3067,0.56,4,medium,house,gable,False,14,11,0,1,2,2,4
1745,14.75,11.3333,1.56,0.1533,0.3067,0.28,2,medium,house,hip,False,14,11,4,1,1,2,2
1746,14.5833,11.5,1.58,0.1533,0.3067,0.42,3,medium,house,hip,False,14,11,3,2,1,2,2
1747,14.0833,11.5833,1.611,0.1533,0.1533,0.28,2,medium,house,gable,False,14,11,0,3,1,1,1
1748,14.4167,11.6667,1.599,0.1533,0.3067,0.56,4,medium,house,hip,False,14,11,2,3,1,2,2
1749,14.9167,11.75,1.575,0.1533,0.46,0.56,4,medium,house,hip,False,14,11,5,3,1,3,3
1750,14.75,11.75,1.585,0.1533,0.1533,0.42,3,medium,house,gable,False,14,11,4,4,1,1,1
1751,14.25,11.9167,1.622,0.1533,0.1533,0.56,4,medium,house,gable,False,14,11,1,5,1,1,1
1752,14.25,12.0833,1.631,0.46,0.1533,0.56,4,medium,house,gable,False,14,12,0,0,3,1,3
1753,14.8333,12.0833,1.598,0.3067,0.1533,0.42,3,medium,house,gable,False,14,12,4,0,2,1,2
1754,14.0833,12.4167,1.655,0.1533,0.46,0.28,2,medium,house,hip,False,14,12,0,1,1,3,3
1755,14.5,12.4167,1.634,0.3067,0.46,0.42,3,medium,house,hip,False,14,12,2,1,2,3,6
1756,14.9167,12.25,1.601,0.1533,0.1533,0.42,3,medium,house,gable,False,14,12,5,1,1,1,1
1757,14.25,12.75,1.661,0.46,0.1533,0.56,4,medium,house,gable,False,14,12,0,4,3,1,3
1758,14.25,12.9167,1.667,0.1533,0.1533,0.42,3,medium,house,gable,False,14,12,1,5,1,1,1
1759,14.25,13.1667,1.675,0.46,0.3067,0.84,6,high,house,gable,False,14,13,0,0,3,2,6
1760,14.75,13.0833,1.645,0.46,0.1533,0.84,6,high,house,gable,False,14,13,3,0,3,1,3
1761,14.5833,13.25,1.66,0.1533,0.1533,0.42,3,high,house,gable,False,14,13,3,1,1,1,1
1762,14.9167,13.25,1.64,0.1533,0.1533,0.84,6,high,house,gable,False,14,13,5,1,1,1,1
1763,14.25,13.5833,1.686,0.46,0.1533,0.84,6,high,house,gable,False,14,13,0,3,3,1,3
1764,14.75,13.6667,1.66,0.46,0.3067,0.84,6,high,house,gable,False,14,13,3,3,3,2,6
1765,14.0833,13.8333,1.699,0.1533,0.3067,0.56,4,high,house,hip,False,14,13,0,4,1,2,2
1766,14.4167,13.9167,1.684,0.46,0.1533,0.7,5,high,house,gable,False,14,13,1,5,3,1,3
1767,14.9167,13.9167,1.654,0.1533,0.1533,0.84,6,high,house,gable,False,14,13,5,5,1,1,1
1768,14.5,14.1667,1.682,0.3067,0.3067,0.84,6,high,house,gable,False,14,14,2,0,2,2,4
1769,14.8333,14.0833,1.662,0.3067,0.1533,0.84,6,high,house,gable,False,14,14,4,0,2,1,2
1770,14.9167,14.4167,1.659,0.1533,0.46,0.84,6,high,house,hip,False,14,14,5,1,1,3,3
1771,14.0833,14.4167,1.705,0.1533,0.1533,0.7,5,high,house,gable,False,14,14,0,2,1,1,1
1772,14.5833,14.5833,1.679,0.1533,0.46,0.84,6,high,house,hip,False,14,14,3,2,1,3,3
1773,14.4167,14.5833,1.689,0.1533,0.1533,0.56,4,high,house,gable,False,14,14,2,3,1,1,1
1774,14.9167,14.8333,1.658,0.1533,0.3067,0.84,6,high,house,hip,False,14,14,5,4,1,2,2
1775,14.5833,14.9167,1.678,0.46,0.1533,0.84,6,high,house,gable,False,14,14,2,5,3,1,3
1776,14.25,15.0833,1.695,0.46,0.1533,0.84,6,high,house,gable,False,14,15,0,0,3,1,3
1777,14.9167,15.0833,1.657,0.1533,0.1533,0.56,4,high,house,gable,False,14,15,5,0,1,1,1
1778,14.3333,15.25,1.688,0.3067,0.1533,0.7,5,high,house,gable,False,14,15,1,1,2,1,2
1779,14.0833,15.5833,1.695,0.1533,0.46,0.7,5,high,house,hip,False,14,15,0,2,1,3,3
1780,14.25,15.5833,1.687,0.1533,0.1533,0.42,3,high,house,gable,False,14,15,1,3,1,1,1
1781,14.5,15.75,1.67,0.3067,0.1533,0.7,5,high,house,gable,False,14,15,2,4,2,1,2
1782,14.25,15.9167,1.679,0.46,0.1533,0.56,4,high,house,gable,False,14,15,0,5,3,1,3
1783,14.25,16.0833,1.674,0.46,0.1533,0.84,6,high,house,gable,False,14,16,0,0,3,1,3
1784,14.8333,16.0833,1.641,0.3067,0.1533,0.84,6,high,house,gable,False,14,16,4,0,2,1,2
1785,14.0833,16.25,1.676,0.1533,0.1533,0.42,3,high,house,gable,False,14,16,0,1,1,1,1
1786,14.5,16.25,1.655,0.3067,0.1533,0.7,5,high,house,gable,False,14,16,2,1,2,1,2
1787,14.9167,16.4167,1.624,0.1533,0.46,0.84,6,high,house,hip,False,14,16,5,1,1,3,3
1788,14.25,16.5,1.659,0.1533,0.3067,0.7,5,high,house,hip,False,14,16,1,2,1,2,2
1789,14.75,16.4167,1.635,0.1533,0.1533,0.42,3,high,house,gable,False,14,16,4,2,1,1,1
1790,14.0833,16.75,1.656,0.1533,0.46,0.7,5,high,house,hip,False,14,16,0,3,1,3,3
1791,14.5,16.5833,1.643,0.3067,0.1533,0.98,7,high,house,gable,False,14,16,2,3,2,1,2
1792,14.5833,16.75,1.631,0.1533,0.1533,0.56,4,high,house,gable,False,14,16,3,4,1,1,1
1793,14.9167,16.8333,1.607,0.1533,0.3067,0.84,6,high,house,hip,False,14,16,5,4,1,2,2
1794,14.3333,16.9167,1.637,0.3067,0.1533,0.84,6,high,house,gable,False,14,16,1,5,2,1,2
1795,14.75,16.9167,1.613,0.1533,0.1533,0.42,3,high,house,gable,False,14,16,4,5,1,1,1
1796,14.3333,17.1667,1.624,0.3067,0.3067,0.84,6,high,house,gable,False,14,17,1,0,2,2,4
1797,14.5833,17.0833,1.615,0.1533,0.1533,0.84,6,high,house,gable,False,14,17,3,0,1,1,1
1798,14.0833,17.3333,1.627,0.1533,0.3067,0.56,4,high,house,hip,False,14,17,0,1,1,2,2
1799,14.5833,17.4167,1.597,0.46,0.1533,0.98,7,high,house,gable,False,14,17,2,2,3,1,3
1800,14.9167,17.5,1.572,0.1533,0.3067,0.84,6,high,house,hip,False,14,17,5,2,1,2,2
1801,14.3333,17.5833,1.601,0.3067,0.1533,0.56,4,high,house,gable,False,14,17,1,3,2,1,2
1802,14.75,17.5833,1.577,0.1533,0.1533,0.84,6,high,house,gable,False,14,17,4,3,1,1,1
1803,14.5833,17.8333,1.572,0.1533,0.3067,0.56,4,high,house,hip,False,14,17,3,4,1,2,2
1804,14.75,17.9167,1.556,0.1533,0.1533,0.56,4,high,house,gable,False,14,17,4,5,1,1,1
1805,14.5833,18.0833,1.555,0.46,0.1533,0.7,5,high,house,gable,False,14,18,2,0,3,1,3
1806,14.9167,18.0833,1.535,0.1533,0.1533,0.84,6,high,house,gable,False,14,18,5,0,1,1,1
1807,14.75,18.25,1.534,0.1533,0.1533,0.56,4,high,house,gable,False,14,18,4,1,1,1,1
1808,14.25,18.4167,1.549,0.46,0.1533,0.98,7,high,house,gable,False,14,18,0,2,3,1,3
1809,14.5833,18.4167,1.531,0.1533,0.1533,0.56,4,high,house,gable,False,14,18,3,2,1,1,1
1810,14.9167,18.5,1.505,0.1533,0.3067,0.56,4,high,house,hip,False,14,18,5,2,1,2,2
1811,14.0833,18.75,1.532,0.1533,0.46,0.7,5,high,house,hip,False,14,18,0,3,1,3,3
1812,14.75,18.75,1.496,0.1533,0.46,0.84,6,high,house,hip,False,14,18,4,3,1,3,3
1813,14.5833,18.8333,1.5,0.1533,0.3067,0.7,5,high,house,hip,False,14,18,3,4,1,2,2
1814,14.3333,18.9167,1.507,0.3067,0.1533,0.7,5,high,house,gable,False,14,18,1,5,2,1,2
1815,14.9167,18.9167,1.473,0.1533,0.1533,0.42,3,high,house,gable,False,14,18,5,5,1,1,1
1816,14.25,20.0833,1.409,0.46,0.1533,0.84,6,high,house,gable,False,14,20,0,0,3,1,3
1817,14.75,20.0833,1.381,0.46,0.1533,0.56,4,high,house,gable,False,14,20,3,0,3,1,3
1818,14.0833,20.3333,1.393,0.1533,0.3067,0.84,6,high,house,hip,False,14,20,0,1,1,2,2
1819,14.4167,20.25,1.384,0.1533,0.1533,0.84,6,high,house,gable,False,14,20,2,1,1,1,1
1820,14.9167,20.3333,1.347,0.1533,0.3067,0.84,6,high,house,hip,False,14,20,5,1,1,2,2
1821,14.25,20.4167,1.377,0.1533,0.1533,0.56,4,high,house,gable,False,14,20,1,2,1,1,1
1822,14.6667,20.4167,1.354,0.3067,0.1533,0.98,7,high,house,gable,False,14,20,3,2,2,1,2
1823,14.5,20.8333,1.322,0.3067,0.3067,0.84,6,high,house,gable,False,14,20,2,4,2,2,4
1824,14.75,20.75,1.316,0.1533,0.1533,0.56,4,high,house,gable,False,14,20,4,4,1,1,1
1825,14.25,20.9167,1.327,0.1533,0.1533,0.84,6,high,house,gable,False,14,20,1,5,1,1,1
1826,14.25,21.0833,1.31,0.46,0.1533,0.56,4,medium,house,gable,False,14,21,0,0,3,1,3
1827,14.6667,21.25,1.27,0.3067,0.46,0.56,4,medium,house,hip,False,14,21,3,0,2,3,6
1828,14.9167,21.1667,1.264,0.1533,0.3067,0.42,3,medium,house,hip,False,14,21,5,0,1,2,2
1829,14.0833,21.4167,1.284,0.1533,0.46,0.56,4,medium,house,hip,False,14,21,0,1,1,3,3
1830,14.25,21.4167,1.276,0.1533,0.1533,0.42,3,medium,house,gable,False,14,21,1,2,1,1,1
1831,14.5,21.8333,1.218,0.3067,0.3067,0.56,4,medium,house,gable,False,14,21,2,4,2,2,4
1832,14.25,21.9167,1.223,0.1533,0.1533,0.28,2,medium,house,gable,False,14,21,1,5,1,1,1
1833,14.0833,23.5,1.06,0.1533,0.3067,0.42,3,low,house,hip,False,14,23,0,2,1,2,2
1834,14.4167,23.5833,1.033,0.1533,0.46,0.42,3,low,house,hip,False,14,23,2,2,1,3,3
1835,14.5833,23.4167,1.042,0.1533,0.1533,0.14,1,low,house,gable,False,14,23,3,2,1,1,1
1836,14.25,23.6667,1.033,0.1533,0.3067,0.14,1,low,house,hip,False,14,23,1,3,1,2,2
1837,14.75,23.75,0.996,0.1533,0.46,0.42,3,low,house,hip,False,14,23,4,3,1,3,3
1838,14.9167,23.5833,1.004,0.1533,0.1533,0.42,3,low,house,gable,False,14,23,5,3,1,1,1
1839,14.5833,23.8333,0.996,0.1533,0.3067,0.42,3,low,house,hip,False,14,23,3,4,1,2,2
1840,14.4167,23.9167,0.996,0.1533,0.1533,0.42,3,low,house,gable,False,14,23,2,5,1,1,1
1841,14.25,24.75,0.915,0.1533,0.46,0.42,3,low,house,hip,False,14,24,1,3,1,3,3
1842,14.0833,24.8333,0.914,0.1533,0.3067,0.28,2,low,house,hip,False,14,24,0,4,1,2,2
1843,14.9167,25.3333,0.815,0.1533,0.3067,0.42,3,low,house,hip,False,14,25,5,1,1,2,2
1844,14.75,25.5,0.807,0.1533,0.3067,0.28,2,low,house,hip,False,14,25,4,2,1,2,2
1845,15.5833,2.3333,0.63,0.1533,0.3067,0.42,3,low,house,hip,False,15,2,3,1,1,2,2
1846,15.4167,2.4167,0.647,0.1533,0.1533,0.42,3,low,house,gable,False,15,2,2,2,1,1,1
1847,15.5833,3.6667,0.763,0.1533,0.3067,0.28,2,low,house,hip,False,15,3,3,3,1,2,2
1848,15.4167,3.75,0.781,0.1533,0.1533,0.28,2,low,house,gable,False,15,3,2,4,1,1,1
1849,15.9167,4.25,0.803,0.1533,0.46,0.42,3,low,house,hip,False,15,4,5,0,1,3,3
1850,15.75,4.3333,0.821,0.1533,0.3067,0.42,3,low,house,hip,False,15,4,4,1,1,2,2
1851,15.9167,4.5833,0.837,0.1533,0.1533,0.42,3,low,house,gable,False,15,4,5,3,1,1,1
1852,15.25,5.25,0.949,0.1533,0.1533,0.28,2,low,house,gable,False,15,5,1,1,1,1,1
1853,15.5833,5.4167,0.946,0.46,0.1533,0.42,3,low,house,gable,False,15,5,2,2,3,1,3
1854,15.8333,5.5833,0.948,0.3067,0.1533,0.42,3,low,house,gable,False,15,5,4,3,2,1,2
1855,15.3333,6.0833,1.033,0.3067,0.1533,0.56,4,medium,house,gable,False,15,6,1,0,2,1,2
1856,15.8333,6.1667,1.01,0.3067,0.3067,0.56,4,medium,house,gable,False,15,6,4,0,2,2,4
1857,15.5,6.25,1.04,0.3067,0.1533,0.56,4,medium,house,gable,False,15,6,2,1,2,1,2
1858,15.75,6.4167,1.042,0.1533,0.1533,0.28,2,medium,house,gable,False,15,6,4,2,1,1,1
1859,15.1667,6.5833,1.097,0.3067,0.1533,0.56,4,medium,house,gable,False,15,6,0,3,2,1,2
1860,15.5833,6.6667,1.079,0.1533,0.3067,0.42,3,medium,house,hip,False,15,6,3,3,1,2,2
1861,15.9167,6.75,1.066,0.1533,0.46,0.56,4,medium,house,hip,False,15,6,5,3,1,3,3
1862,15.3333,6.8333,1.113,0.3067,0.3067,0.56,4,medium,house,gable,False,15,6,1,4,2,2,4
1863,15.75,6.8333,1.086,0.1533,0.3067,0.56,4,medium,house,hip,False,15,6,4,4,1,2,2
1864,15.0833,6.9167,1.138,0.1533,0.1533,0.42,3,medium,house,gable,False,15,6,0,5,1,1,1
1865,15.25,7.5,1.189,0.1533,0.3067,0.42,3,low,house,hip,False,15,7,1,2,1,2,2
1866,15.0833,7.5833,1.208,0.1533,0.1533,0.14,1,low,house,gable,False,15,7,0,3,1,1,1
1867,15.4167,7.5833,1.187,0.1533,0.1533,0.14,1,low,house,gable,False,15,7,2,3,1,1,1
1868,15.5833,8.0833,1.226,0.46,0.1533,0.56,4,medium,house,gable,False,15,8,2,0,3,1,3
1869,15.5833,8.25,1.243,0.1533,0.1533,0.56,4,medium,house,gable,False,15,8,3,1,1,1,1
1870,15.4167,8.4167,1.271,0.1533,0.1533,0.42,3,medium,house,gable,False,15,8,2,2,1,1,1
1871,15.75,8.5833,1.264,0.1533,0.46,0.56,4,medium,house,hip,False,15,8,4,2,1,3,3
1872,15.1667,8.6667,1.312,0.3067,0.3067,0.56,4,medium,house,gable,False,15,8,0,3,2,2,4
1873,15.5833,8.5833,1.276,0.1533,0.1533,0.42,3,medium,house,gable,False,15,8,3,3,1,1,1
1874,15.0833,8.9167,1.342,0.1533,0.1533,0.56,4,medium,house,gable,False,15,8,0,5,1,1,1
1875,15.25,10.25,1.448,0.1533,0.46,0.84,6,high,house,hip,False,15,10,1,0,1,3,3
1876,15.4167,10.0833,1.423,0.1533,0.1533,0.56,4,high,house,gable,False,15,10,2,0,1,1,1
1877,15.8333,10.0833,1.392,0.3067,0.1533,0.42,3,high,house,gable,False,15,10,4,0,2,1,2
1878,15.0833,10.3333,1.466,0.1533,0.3067,0.7,5,high,house,hip,False,15,10,0,1,1,2,2
1879,15.5833,10.4167,1.438,0.1533,0.46,0.7,5,high,house,hip,False,15,10,3,1,1,3,3
1880,15.9167,10.3333,1.405,0.1533,0.3067,0.7,5,high,house,hip,False,15,10,5,1,1,2,2
1881,15.4167,10.4167,1.45,0.1533,0.1533,0.7,5,high,house,gable,False,15,10,2,2,1,1,1
1882,15.25,10.75,1.487,0.1533,0.46,0.56,4,high,house,hip,False,15,10,1,3,1,3,3
1883,15.0833,10.75,1.498,0.1533,0.1533,0.56,4,high,house,gable,False,15,10,0,4,1,1,1
1884,15.5833,10.8333,1.469,0.1533,0.3067,0.7,5,high,house,hip,False,15,10,3,4,1,2,2
1885,15.4167,10.9167,1.487,0.1533,0.1533,0.7,5,high,house,gable,False,15,10,2,5,1,1,1
1886,15.5,11.0833,1.492,0.3067,0.1533,0.56,4,high,house,gable,False,15,11,2,0,2,1,2
1887,15.9167,11.1667,1.465,0.1533,0.3067,0.84,6,high,house,hip,False,15,11,5,0,1,2,2
1888,15.25,11.25,1.522,0.1533,0.1533,0.7,5,high,house,gable,False,15,11,1,1,1,1,1
1889,15.6667,11.25,1.491,0.3067,0.1533,0.84,6,high,house,gable,False,15,11,3,1,2,1,2
1890,15.4167,11.4167,1.52,0.1533,0.1533,0.56,4,high,house,gable,False,15,11,2,2,1,1,1
1891,15.75,11.5,1.5,0.1533,0.3067,0.84,6,high,house,hip,False,15,11,4,2,1,2,2
1892,15.1667,11.5833,1.548,0.3067,0.1533,0.7,5,high,house,gable,False,15,11,0,3,2,1,2
1893,15.5833,11.75,1.528,0.1533,0.46,0.84,6,high,house,hip,False,15,11,3,3,1,3,3
1894,15.9167,11.75,1.501,0.1533,0.46,0.84,6,high,house,hip,False,15,11,5,3,1,3,3
1895,15.4167,11.8333,1.545,0.1533,0.3067,0.84,6,high,house,hip,False,15,11,2,4,1,2,2
1896,15.75,11.9167,1.524,0.1533,0.1533,0.42,3,high,house,gable,False,15,11,4,5,1,1,1
1897,15.25,12.0833,1.57,0.46,0.1533,0.84,6,high,house,gable,False,15,12,0,0,3,1,3
1898,15.5833,12.1667,1.55,0.1533,0.3067,0.84,6,high,house,hip,False,15,12,3,0,1,2,2
1899,15.0833,12.3333,1.594,0.1533,0.3067,0.56,4,high,house,hip,False,15,12,0,1,1,2,2
1900,15.4167,12.25,1.566,0.1533,0.1533,0.7,5,high,house,gable,False,15,12,2,1,1,1,1
1901,15.9167,12.3333,1.531,0.1533,0.3067,0.84,6,high,house,hip,False,15,12,5,1,1,2,2
1902,15.25,12.5833,1.594,0.1533,0.46,0.84,6,high,house,hip,False,15,12,1,2,1,3,3
1903,15.75,12.4167,1.548,0.1533,0.1533,0.84,6,high,house,gable,False,15,12,4,2,1,1,1
1904,15.5,12.5833,1.575,0.3067,0.1533,0.56,4,high,house,gable,False,15,12,2,3,2,1,2
1905,15.0833,12.75,1.612,0.1533,0.1533,0.42,3,high,house,gable,False,15,12,0,4,1,1,1
1906,15.5833,12.8333,1.578,0.1533,0.3067,0.56,4,high,house,hip,False,15,12,3,4,1,2,2
1907,15.4167,12.9167,1.594,0.1533,0.1533,0.56,4,high,house,gable,False,15,12,2,5,1,1,1
1908,15.25,14.1667,1.634,0.46,0.3067,0.84,6,high,house,gable,False,15,14,0,0,3,2,6
1909,15.8333,14.1667,1.589,0.3067,0.3067,0.84,6,high,house,gable,False,15,14,4,0,2,2,4
1910,15.5833,14.3333,1.61,0.1533,0.3067,0.56,4,high,house,hip,False,15,14,3,1,1,2,2
1911,15.4167,14.4167,1.624,0.1533,0.1533,0.98,7,high,house,gable,False,15,14,2,2,1,1,1
1912,15.9167,14.4167,1.583,0.1533,0.1533,0.42,3,high,house,gable,False,15,14,5,2,1,1,1
1913,15.75,14.75,1.597,0.1533,0.46,0.84,6,high,house,hip,False,15,14,4,3,1,3,3
1914,15.0833,14.75,1.648,0.1533,0.1533,0.56,4,high,house,gable,False,15,14,0,4,1,1,1
1915,15.5,14.8333,1.617,0.3067,0.3067,0.84,6,high,house,gable,False,15,14,2,4,2,2,4
1916,15.9167,14.8333,1.583,0.1533,0.3067,0.42,3,high,house,hip,False,15,14,5,4,1,2,2
1917,15.25,14.9167,1.635,0.1533,0.1533,0.56,4,high,house,gable,False,15,14,1,5,1,1,1
1918,15.4167,15.0833,1.621,0.46,0.1533,0.7,5,high,house,gable,False,15,15,1,0,3,1,3
1919,15.8333,15.0833,1.588,0.3067,0.1533,0.7,5,high,house,gable,False,15,15,4,0,2,1,2
1920,15.4167,15.25,1.619,0.1533,0.1533,0.56,4,high,house,gable,False,15,15,2,1,1,1,1
1921,15.9167,15.3333,1.578,0.1533,0.3067,0.7,5,high,house,hip,False,15,15,5,1,1,2,2
1922,15.25,15.4167,1.629,0.1533,0.1533,0.84,6,high,house,gable,False,15,15,1,2,1,1,1
1923,15.6667,15.4167,1.597,0.3067,0.1533,0.98,7,high,house,gable,False,15,15,3,2,2,1,2
1924,15.4167,15.75,1.61,0.1533,0.46,0.84,6,high,house,hip,False,15,15,2,3,1,3,3
1925,15.1667,15.75,1.628,0.3067,0.1533,0.84,6,high,house,gable,False,15,15,0,4,2,1,2
1926,15.5833,15.8333,1.595,0.1533,0.3067,0.7,5,high,house,hip,False,15,15,3,4,1,2,2
1927,15.9167,15.8333,1.568,0.1533,0.3067,0.7,5,high,house,hip,False,15,15,5,4,1,2,2
1928,15.0833,15.9167,1.63,0.1533,0.1533,0.42,3,high,house,gable,False,15,15,0,5,1,1,1
1929,15.75,15.9167,1.579,0.1533,0.1533,0.42,3,high,house,gable,False,15,15,4,5,1,1,1
1930,15.0833,16.25,1.619,0.1533,0.46,0.7,5,high,house,hip,False,15,16,0,0,1,3,3
1931,15.8333,16.0833,1.568,0.3067,0.1533,0.84,6,high,house,gable,False,15,16,4,0,2,1,2
1932,15.9167,16.3333,1.553,0.1533,0.3067,0.84,6,high,house,hip,False,15,16,5,1,1,2,2
1933,15.4167,16.4167,1.589,0.46,0.1533,0.56,4,high,house,gable,False,15,16,1,2,3,1,3
1934,15.75,16.4167,1.563,0.1533,0.1533,0.42,3,high,house,gable,False,15,16,4,2,1,1,1
1935,15.1667,16.8333,1.59,0.3067,0.3067,0.7,5,high,house,gable,False,15,16,0,4,2,2,4
1936,15.5833,16.75,1.563,0.46,0.1533,0.56,4,high,house,gable,False,15,16,2,4,3,1,3
1937,15.9167,16.8333,1.532,0.1533,0.3067,0.56,4,high,house,hip,False,15,16,5,4,1,2,2
1938,15.6667,16.9167,1.549,0.3067,0.1533,0.84,6,high,house,gable,False,15,16,3,5,2,1,2
1939,15.5833,17.5833,1.52,0.11,0.11,2.66,19,high,tower,flat,True,15,17,3,3,1,1,1
1940,15.25,17.0833,1.572,0.46,0.1533,0.7,5,high,house,gable,False,15,17,0,0,3,1,3
1941,15.75,17.0833,1.534,0.46,0.1533,0.56,4,high,house,gable,False,15,17,3,0,3,1,3
1942,15.0833,17.25,1.575,0.1533,0.1533,0.56,4,high,house,gable,False,15,17,0,1,1,1,1
1943,15.4167,17.3333,1.547,0.1533,0.3067,0.98,7,high,house,hip,False,15,17,2,1,1,2,2
1944,15.8333,17.25,1.519,0.3067,0.1533,0.84,6,high,house,gable,False,15,17,4,1,2,1,2
1945,15.25,17.4167,1.554,0.1533,0.1533,0.7,5,high,house,gable,False,15,17,1,2,1,1,1
1946,15.5833,17.4167,1.53,0.1533,0.1533,0.98,7,high,house,gable,False,15,17,3,2,1,1,1
1947,15.8333,17.5833,1.5,0.3067,0.1533,0.84,6,high,house,gable,False,15,17,4,3,2,1,2
1948,15.5,17.8333,1.511,0.3067,0.3067,0.7,5,high,house,gable,False,15,17,2,4,2,2,4
1949,15.9167,17.8333,1.478,0.1533,0.3067,0.56,4,high,house,hip,False,15,17,5,4,1,2,2
1950,15.1667,17.9167,1.529,0.3067,0.1533,0.84,6,high,house,gable,False,15,17,0,5,2,1,2
1951,15.75,17.9167,1.486,0.1533,0.1533,0.42,3,high,house,gable,False,15,17,4,5,1,1,1
1952,15.25,18.0833,1.513,0.46,0.1533,0.7,5,high,house,gable,False,15,18,0,0,3,1,3
1953,15.75,18.0833,1.475,0.46,0.1533,0.7,5,high,house,gable,False,15,18,3,0,3,1,3
1954,15.0833,18.3333,1.507,0.1533,0.3067,0.7,5,high,house,hip,False,15,18,0,1,1,2,2
1955,15.4167,18.4167,1.477,0.1533,0.46,0.98,7,high,house,hip,False,15,18,2,1,1,3,3
1956,15.8333,18.4167,1.446,0.3067,0.46,0.84,6,high,house,hip,False,15,18,4,1,2,3,6
1957,15.25,18.5,1.483,0.1533,0.3067,0.7,5,high,house,hip,False,15,18,1,2,1,2,2
1958,15.5833,18.5833,1.453,0.1533,0.1533,0.98,7,high,house,gable,False,15,18,3,3,1,1,1
1959,15.25,20.0833,1.349,0.46,0.1533,0.84,6,high,house,gable,False,15,20,0,0,3,1,3
1960,15.5833,20.1667,1.318,0.1533,0.3067,0.84,6,high,house,hip,False,15,20,3,0,1,2,2
1961,15.9167,20.25,1.286,0.1533,0.46,0.56,4,high,house,hip,False,15,20,5,0,1,3,3
1962,15.0833,20.4167,1.328,0.1533,0.46,0.84,6,high,house,hip,False,15,20,0,1,1,3,3
1963,15.75,20.25,1.298,0.1533,0.1533,0.84,6,high,house,gable,False,15,20,4,1,1,1,1
1964,15.3333,20.5,1.304,0.3067,0.3067,0.84,6,high,house,gable,False,15,20,1,2,2,2,4
1965,15.75,20.5833,1.266,0.46,0.1533,0.84,6,high,house,gable,False,15,20,3,3,3,1,3
1966,15.25,21.0833,1.251,0.46,0.1533,0.7,5,high,house,gable,False,15,21,0,0,3,1,3
1967,15.75,21.0833,1.217,0.46,0.1533,0.84,6,high,house,gable,False,15,21,3,0,3,1,3
1968,15.25,21.4167,1.217,0.1533,0.46,0.84,6,high,house,hip,False,15,21,1,1,1,3,3
1969,15.5833,21.3333,1.203,0.1533,0.3067,0.98,7,high,house,hip,False,15,21,3,1,1,2,2
1970,15.9167,21.3333,1.18,0.1533,0.3067,0.7,5,high,house,hip,False,15,21,5,1,1,2,2
1971,15.0833,21.5,1.219,0.1533,0.3067,0.56,4,high,house,hip,False,15,21,0,2,1,2,2
1972,15.4167,21.4167,1.206,0.1533,0.1533,0.84,6,high,house,gable,False,15,21,2,2,1,1,1
1973,15.75,21.5,1.175,0.1533,0.3067,0.84,6,high,house,hip,False,15,21,4,2,1,2,2
1974,15.3333,21.8333,1.168,0.3067,0.3067,0.7,5,high,house,gable,False,15,21,1,4,2,2,4
1975,15.9167,21.75,1.137,0.1533,0.1533,0.84,6,high,house,gable,False,15,21,5,4,1,1,1
1976,15.0833,21.9167,1.175,0.1533,0.1533,0.7,5,high,house,gable,False,15,21,0,5,1,1,1
1977,15.6667,21.9167,1.137,0.3067,0.1533,0.7,5,high,house,gable,False,15,21,3,5,2,1,2
1978,15.0833,22.0833,1.157,0.1533,0.1533,0.7,5,high,house,gable,False,15,22,0,0,1,1,1
1979,15.5833,22.0833,1.125,0.46,0.1533,0.7,5,high,house,gable,False,15,22,2,0,3,1,3
1980,15.4167,22.25,1.118,0.1533,0.1533,0.7,5,high,house,gable,False,15,22,2,1,1,1,1
1981,15.9167,22.4167,1.067,0.1533,0.46,0.84,6,high,house,hip,False,15,22,5,1,1,3,3
1982,15.25,22.4167,1.111,0.1533,0.1533,0.84,6,high,house,gable,False,15,22,1,2,1,1,1
1983,15.5833,22.5833,1.072,0.1533,0.46,0.84,6,high,house,hip,False,15,22,3,2,1,3,3
1984,15.75,22.4167,1.078,0.1533,0.1533,0.7,5,high,house,gable,False,15,22,4,2,1,1,1
1985,15.0833,22.75,1.085,0.1533,0.46,0.84,6,high,house,hip,False,15,22,0,3,1,3,3
1986,15.9167,22.8333,1.023,0.1533,0.3067,0.84,6,high,house,hip,False,15,22,5,4,1,2,2
1987,15.5833,22.9167,1.036,0.46,0.1533,0.7,5,high,house,gable,False,15,22,2,5,3,1,3
1988,15.0833,23.1667,1.04,0.1533,0.3067,0.42,3,medium,house,hip,False,15,23,0,0,1,2,2
1989,15.4167,23.25,1.01,0.1533,0.46,0.42,3,medium,house,hip,False,15,23,2,0,1,3,3
1990,15.25,23.3333,1.012,0.1533,0.3067,0.56,4,medium,house,hip,False,15,23,1,1,1,2,2
1991,15.75,23.3333,0.98,0.1533,0.3067,0.56,4,medium,house,hip,False,15,23,4,1,1,2,2
1992,15.5833,23.4167,0.982,0.1533,0.1533,0.42,3,medium,house,gable,False,15,23,3,2,1,1,1
1993,15.9167,23.4167,0.96,0.1533,0.1533,0.56,4,medium,house,gable,False,15,23,5,2,1,1,1
1994,15.8333,23.9167,0.912,0.3067,0.1533,0.42,3,medium,house,gable,False,15,23,4,5,2,1,2
1995,15.1667,24.1667,0.926,0.3067,0.3067,0.42,3,low,house,gable,False,15,24,0,0,2,2,4
1996,15.4167,24.0833,0.92,0.1533,0.1533,0.28,2,low,house,gable,False,15,24,2,0,1,1,1
1997,15.75,25.0833,0.792,0.46,0.1533,0.42,3,low,house,gable,False,15,25,3,0,3,1,3
1998,15.9167,25.25,0.765,0.1533,0.1533,0.28,2,low,house,gable,False,15,25,5,1,1,1,1
1999,15.25,25.8333,0.743,0.1533,0.3067,0.28,2,low,house,hip,False,15,25,1,4,1,2,2
2000,15.0833,25.9167,0.744,0.1533,0.1533,0.42,3,low,house,gable,False,15,25,0,5,1,1,1
2001,15.25,26.75,0.649,0.1533,0.1533,0.42,3,low,house,gable,False,15,26,1,4,1,1,1
2002,16.1667,2.8333,0.646,0.3067,0.3067,0.42,3,low,house,gable,False,16,2,0,4,2,2,4
2003,16.4167,2.9167,0.64,0.1533,0.1533,0.14,1,low,house,gable,False,16,2,2,5,1,1,1
2004,16.4167,4.25,0.772,0.1533,0.46,0.42,3,low,house,hip,False,16,4,2,0,1,3,3
2005,16.5833,4.0833,0.745,0.1533,0.1533,0.42,3,low,house,gable,False,16,4,3,0,1,1,1
2006,16.25,4.25,0.782,0.1533,0.1533,0.14,1,low,house,gable,False,16,4,1,1,1,1,1
2007,16.75,4.3333,0.76,0.1533,0.3067,0.14,1,low,house,hip,False,16,4,4,1,1,2,2
2008,16.5833,4.4167,0.779,0.1533,0.1533,0.42,3,low,house,gable,False,16,4,3,2,1,1,1
2009,16.6667,5.3333,0.867,0.3067,0.3067,0.42,3,low,house,gable,False,16,5,3,1,2,2,4
2010,16.9167,5.5,0.867,0.1533,0.3067,0.28,2,low,house,hip,False,16,5,5,2,1,2,2
2011,16.75,5.75,0.904,0.1533,0.46,0.42,3,low,house,hip,False,16,5,4,3,1,3,3
2012,16.5833,5.75,0.915,0.1533,0.1533,0.42,3,low,house,gable,False,16,5,3,4,1,1,1
2013,16.0833,6.25,1.002,0.1533,0.46,0.42,3,medium,house,hip,False,16,6,0,0,1,3,3
2014,16.25,6.0833,0.973,0.1533,0.1533,0.28,2,medium,house,gable,False,16,6,1,0,1,1,1
2015,16.75,6.1667,0.947,0.1533,0.3067,0.56,4,medium,house,hip,False,16,6,4,0,1,2,2
2016,16.9167,6.4167,0.96,0.1533,0.46,0.56,4,medium,house,hip,False,16,6,5,1,1,3,3
2017,16.25,6.5,1.016,0.1533,0.3067,0.56,4,medium,house,hip,False,16,6,1,2,1,2,2
2018,16.5833,6.5,0.993,0.1533,0.3067,0.42,3,medium,house,hip,False,16,6,3,2,1,2,2
2019,16.0833,6.6667,1.045,0.1533,0.3067,0.56,4,medium,house,hip,False,16,6,0,3,1,2,2
2020,16.8333,6.8333,1.008,0.3067,0.3067,0.56,4,medium,house,gable,False,16,6,4,4,2,2,4
2021,16.25,7.0833,1.077,0.46,0.1533,0.42,3,medium,house,gable,False,16,7,0,0,3,1,3
2022,16.75,7.1667,1.048,0.46,0.3067,0.56,4,medium,house,gable,False,16,7,3,0,3,2,6
2023,16.0833,7.3333,1.114,0.1533,0.3067,0.42,3,medium,house,hip,False,16,7,0,1,1,2,2
2024,16.4167,7.25,1.081,0.1533,0.1533,0.28,2,medium,house,gable,False,16,7,2,1,1,1,1
2025,16.25,7.4167,1.111,0.1533,0.1533,0.42,3,medium,house,gable,False,16,7,1,2,1,1,1
2026,16.9167,7.4167,1.06,0.1533,0.1533,0.42,3,medium,house,gable,False,16,7,5,2,1,1,1
2027,16.75,7.5833,1.09,0.1533,0.1533,0.28,2,medium,house,gable,False,16,7,4,3,1,1,1
2028,16.0833,7.75,1.157,0.1533,0.1533,0.42,3,medium,house,gable,False,16,7,0,4,1,1,1
2029,16.5833,7.75,1.119,0.1533,0.1533,0.42,3,medium,house,gable,False,16,7,3,4,1,1,1
2030,16.9167,7.75,1.093,0.1533,0.1533,0.56,4,medium,house,gable,False,16,7,5,4,1,1,1
2031,16.1667,8.0833,1.184,0.3067,0.1533,0.56,4,medium,house,gable,False,16,8,0,0,2,1,2
2032,16.75,8.25,1.154,0.1533,0.46,0.56,4,medium,house,hip,False,16,8,4,0,1,3,3
2033,16.3333,8.3333,1.195,0.3067,0.3067,0.56,4,medium,house,gable,False,16,8,1,1,2,2,4
2034,16.9167,8.25,1.141,0.1533,0.1533,0.28,2,medium,house,gable,False,16,8,5,1,1,1,1
2035,16.0833,8.5833,1.239,0.1533,0.46,0.56,4,medium,house,hip,False,16,8,0,2,1,3,3
2036,16.25,8.75,1.242,0.1533,0.46,0.28,2,medium,house,hip,False,16,8,1,3,1,3,3
2037,16.75,8.5833,1.186,0.46,0.1533,0.56,4,medium,house,gable,False,16,8,3,3,3,1,3
2038,16.9167,8.75,1.187,0.1533,0.1533,0.28,2,medium,house,gable,False,16,8,5,4,1,1,1
2039,16.4167,8.9167,1.244,0.1533,0.1533,0.28,2,medium,house,gable,False,16,8,2,5,1,1,1
2040,16.0833,9.25,1.301,0.1533,0.46,0.7,5,high,house,hip,False,16,9,0,0,1,3,3
2041,16.5833,9.0833,1.245,0.46,0.1533,0.56,4,high,house,gable,False,16,9,2,0,3,1,3
2042,16.9167,9.25,1.231,0.1533,0.46,0.7,5,high,house,hip,False,16,9,5,0,1,3,3
2043,16.25,9.4167,1.302,0.1533,0.46,0.56,4,high,house,hip,False,16,9,1,1,1,3,3
2044,16.5833,9.4167,1.275,0.1533,0.46,0.98,7,high,house,hip,False,16,9,3,1,1,3,3
2045,16.0833,9.5833,1.33,0.1533,0.1533,0.7,5,high,house,gable,False,16,9,0,3,1,1,1
2046,16.4167,9.5833,1.303,0.1533,0.1533,0.7,5,high,house,gable,False,16,9,2,3,1,1,1
2047,16.8333,9.5833,1.267,0.3067,0.1533,0.84,6,high,house,gable,False,16,9,4,3,2,1,2
2048,16.25,10.0833,1.358,0.46,0.1533,0.7,5,high,house,gable,False,16,10,0,0,3,1,3
2049,16.75,10.0833,1.315,0.46,0.1533,0.7,5,high,house,gable,False,16,10,3,0,3,1,3
2050,16.25,10.4167,1.384,0.1533,0.46,0.84,6,high,house,hip,False,16,10,1,1,1,3,3
2051,16.9167,10.4167,1.325,0.1533,0.46,0.84,6,high,house,hip,False,16,10,5,1,1,3,3
2052,16.0833,10.5,1.405,0.1533,0.3067,0.84,6,high,house,hip,False,16,10,0,2,1,2,2
2053,16.6667,10.4167,1.348,0.3067,0.1533,0.7,5,high,house,gable,False,16,10,3,2,2,1,2
2054,16.4167,10.5833,1.382,0.1533,0.1533,0.7,5,high,house,gable,False,16,10,2,3,1,1,1
2055,16.75,10.5833,1.353,0.1533,0.1533,0.42,3,high,house,gable,False,16,10,4,3,1,1,1
2056,16.4167,10.9167,1.406,0.1533,0.1533,0.7,5,high,house,gable,False,16,10,2,5,1,1,1
2057,16.0833,11.25,1.457,0.1533,0.46,0.84,6,high,house,hip,False,16,11,0,0,1,3,3
2058,16.5833,11.0833,1.402,0.46,0.1533,0.7,5,high,house,gable,False,16,11,2,0,3,1,3
2059,16.9167,11.25,1.382,0.1533,0.46,0.84,6,high,house,hip,False,16,11,5,0,1,3,3
2060,16.25,11.4167,1.453,0.1533,0.46,0.7,5,high,house,hip,False,16,11,1,1,1,3,3
2061,16.75,11.25,1.398,0.1533,0.1533,0.56,4,high,house,gable,False,16,11,4,1,1,1,1
2062,16.0833,11.5833,1.477,0.1533,0.1533,0.56,4,high,house,gable,False,16,11,0,3,1,1,1
2063,16.5833,11.5833,1.433,0.46,0.1533,0.84,6,high,house,gable,False,16,11,2,3,3,1,3
2064,16.9167,11.5833,1.402,0.1533,0.1533,0.7,5,high,house,gable,False,16,11,5,3,1,1,1
2065,16.75,11.9167,1.436,0.1533,0.1533,0.42,3,high,house,gable,False,16,11,4,5,1,1,1
2066,16.4167,12.0833,1.475,0.46,0.1533,0.7,5,high,house,gable,False,16,12,1,0,3,1,3
2067,16.4167,12.5833,1.498,0.1533,0.46,0.98,7,high,house,hip,False,16,12,2,2,1,3,3
2068,16.5833,12.4167,1.475,0.1533,0.1533,0.7,5,high,house,gable,False,16,12,3,2,1,1,1
2069,16.9167,12.4167,1.443,0.1533,0.1533,0.84,6,high,house,gable,False,16,12,5,2,1,1,1
2070,16.25,12.5833,1.513,0.1533,0.1533,0.42,3,high,house,gable,False,16,12,1,3,1,1,1
2071,16.75,12.75,1.472,0.1533,0.46,0.7,5,high,house,hip,False,16,12,4,3,1,3,3
2072,16.0833,12.8333,1.537,0.1533,0.3067,0.84,6,high,house,hip,False,16,12,0,4,1,2,2
2073,16.9167,12.8333,1.459,0.1533,0.3067,0.84,6,high,house,hip,False,16,12,5,4,1,2,2
2074,16.4167,12.9167,1.51,0.46,0.1533,0.7,5,high,house,gable,False,16,12,1,5,3,1,3
2075,16.6667,13.0833,1.492,0.3067,0.1533,0.56,4,high,house,gable,False,16,13,3,0,2,1,2
2076,16.5833,13.4167,1.509,0.46,0.1533,0.7,5,high,house,gable,False,16,13,2,2,3,1,3
2077,16.9167,13.4167,1.476,0.1533,0.1533,0.56,4,high,house,gable,False,16,13,5,2,1,1,1
2078,16.0833,13.6667,1.56,0.1533,0.3067,0.7,5,high,house,hip,False,16,13,0,3,1,2,2
2079,16.4167,13.6667,1.53,0.1533,0.3067,0.7,5,high,house,hip,False,16,13,2,3,1,2,2
2080,16.75,13.75,1.499,0.1533,0.46,0.7,5,high,house,hip,False,16,13,4,3,1,3,3
2081,16.25,13.8333,1.548,0.1533,0.3067,0.56,4,high,house,hip,False,16,13,1,4,1,2,2
2082,16.9167,13.8333,1.484,0.1533,0.3067,0.84,6,high,house,hip,False,16,13,5,4,1,2,2
2083,16.5833,13.9167,1.518,0.1533,0.1533,0.42,3,high,house,gable,False,16,13,3,5,1,1,1
2084,16.25,14.0833,1.551,0.46,0.1533,0.84,6,high,house,gable,False,16,14,0,0,3,1,3
2085,16.75,14.0833,1.504,0.46,0.1533,0.84,6,high,house,gable,False,16,14,3,0,3,1,3
2086,16.3333,14.25,1.545,0.3067,0.1533,0.56,4,high,house,gable,False,16,14,1,1,2,1,2
2087,16.9167,14.4167,1.49,0.1533,0.46,0.84,6,high,house,hip,False,16,14,5,1,1,3,3
2088,16.1667,14.4167,1.561,0.3067,0.1533,0.56,4,high,house,gable,False,16,14,0,2,2,1,2
2089,16.6667,14.4167,1.515,0.3067,0.1533,0.7,5,high,house,gable,False,16,14,3,2,2,1,2
2090,16.0833,14.5833,1.569,0.1533,0.1533,0.56,4,high,house,gable,False,16,14,0,3,1,1,1
2091,16.4167,14.5833,1.539,0.1533,0.1533,0.7,5,high,house,gable,False,16,14,2,3,1,1,1
2092,16.25,14.8333,1.554,0.1533,0.3067,0.7,5,high,house,hip,False,16,14,1,4,1,2,2
2093,16.6667,14.8333,1.514,0.3067,0.3067,0.84,6,high,house,gable,False,16,14,3,4,2,2,4
2094,16.0833,14.9167,1.568,0.1533,0.1533,0.7,5,high,house,gable,False,16,14,0,5,1,1,1
2095,16.4167,14.9167,1.538,0.1533,0.1533,0.7,5,high,house,gable,False,16,14,2,5,1,1,1
2096,16.9167,14.9167,1.489,0.1533,0.1533,0.56,4,high,house,gable,False,16,14,5,5,1,1,1
2097,16.5833,16.0833,1.501,0.46,0.1533,0.84,6,high,house,gable,False,16,16,2,0,3,1,3
2098,16.9167,16.0833,1.468,0.1533,0.1533,0.7,5,high,house,gable,False,16,16,5,0,1,1,1
2099,16.0833,16.25,1.541,0.1533,0.1533,0.56,4,high,house,gable,False,16,16,0,1,1,1,1
2100,16.4167,16.4167,1.505,0.1533,0.46,0.84,6,high,house,hip,False,16,16,2,1,1,3,3
2101,16.75,16.4167,1.474,0.1533,0.46,0.84,6,high,house,hip,False,16,16,4,1,1,3,3
2102,16.9167,16.5833,1.452,0.1533,0.46,0.56,4,high,house,hip,False,16,16,5,2,1,3,3
2103,16.5833,16.5833,1.484,0.1533,0.1533,0.56,4,high,house,gable,False,16,16,3,3,1,1,1
2104,16.4167,16.8333,1.489,0.1533,0.3067,0.84,6,high,house,hip,False,16,16,2,4,1,2,2
2105,16.75,16.9167,1.454,0.46,0.1533,0.84,6,high,house,gable,False,16,16,3,5,3,1,3
2106,16.4167,17.1667,1.473,0.46,0.3067,0.84,6,high,house,gable,False,16,17,1,0,3,2,6
2107,16.8333,17.0833,1.438,0.3067,0.1533,0.7,5,high,house,gable,False,16,17,4,0,2,1,2
2108,16.9167,17.3333,1.418,0.1533,0.3067,0.84,6,high,house,hip,False,16,17,5,1,1,2,2
2109,16.1667,17.5,1.477,0.3067,0.3067,0.7,5,high,house,gable,False,16,17,0,2,2,2,4
2110,16.5833,17.4167,1.445,0.1533,0.1533,0.56,4,high,house,gable,False,16,17,3,2,1,1,1
2111,16.75,17.75,1.41,0.1533,0.46,0.7,5,high,house,hip,False,16,17,4,3,1,3,3
2112,16.5,17.8333,1.428,0.3067,0.3067,0.84,6,high,house,gable,False,16,17,2,4,2,2,4
2113,16.9167,17.8333,1.39,0.1533,0.3067,0.84,6,high,house,hip,False,16,17,5,4,1,2,2
2114,16.25,17.9167,1.445,0.1533,0.1533,0.42,3,high,house,gable,False,16,17,1,5,1,1,1
2115,16.25,18.4167,1.412,0.46,0.1533,0.98,7,high,house,gable,False,16,18,0,2,3,1,3
2116,16.75,18.4167,1.367,0.46,0.1533,0.98,7,high,house,gable,False,16,18,3,2,3,1,3
2117,16.4167,18.5833,1.385,0.46,0.1533,0.98,7,high,house,gable,False,16,18,1,3,3,1,3
2118,16.9167,18.75,1.328,0.1533,0.46,0.84,6,high,house,hip,False,16,18,5,3,1,3,3
2119,16.1667,18.8333,1.388,0.3067,0.3067,0.84,6,high,house,gable,False,16,18,0,4,2,2,4
2120,16.5833,18.9167,1.346,0.46,0.1533,0.56,4,high,house,gable,False,16,18,2,5,3,1,3
2121,16.5,19.1667,1.333,0.3067,0.3067,0.84,6,high,house,gable,False,16,19,2,0,2,2,4
2122,16.75,19.0833,1.318,0.1533,0.1533,0.42,3,high,house,gable,False,16,19,4,0,1,1,1
2123,16.0833,19.4167,1.347,0.1533,0.46,0.7,5,high,house,hip,False,16,19,0,1,1,3,3
2124,16.9167,19.4167,1.277,0.1533,0.46,0.7,5,high,house,hip,False,16,19,5,1,1,3,3
2125,16.5833,19.5833,1.292,0.1533,0.46,0.7,5,high,house,hip,False,16,19,3,2,1,3,3
2126,16.25,19.75,1.305,0.1533,0.46,0.84,6,high,house,hip,False,16,19,1,3,1,3,3
2127,16.9167,19.8333,1.242,0.1533,0.3067,0.7,5,high,house,hip,False,16,19,5,4,1,2,2
2128,16.0833,19.9167,1.304,0.1533,0.1533,0.84,6,high,house,gable,False,16,19,0,5,1,1,1
2129,16.6667,19.9167,1.256,0.3067,0.1533,0.84,6,high,house,gable,False,16,19,3,5,2,1,2
2130,16.5833,20.25,1.233,0.1533,0.46,0.84,6,high,house,hip,False,16,20,3,0,1,3,3
2131,16.9167,20.25,1.206,0.1533,0.46,0.84,6,high,house,hip,False,16,20,5,0,1,3,3
2132,16.4167,20.25,1.247,0.1533,0.1533,0.42,3,high,house,gable,False,16,20,2,1,1,1,1
2133,16.75,20.25,1.22,0.1533,0.1533,0.56,4,high,house,gable,False,16,20,4,1,1,1,1
2134,16.1667,20.75,1.219,0.3067,0.46,0.84,6,high,house,hip,False,16,20,0,3,2,3,6
2135,16.5833,20.75,1.187,0.1533,0.46,0.98,7,high,house,hip,False,16,20,3,3,1,3,3
2136,16.9167,20.75,1.16,0.1533,0.46,0.7,5,high,house,hip,False,16,20,5,3,1,3,3
2137,16.75,20.9167,1.157,0.1533,0.1533,0.84,6,high,house,gable,False,16,20,4,5,1,1,1
2138,16.25,21.0833,1.18,0.46,0.1533,0.7,5,high,house,gable,False,16,21,0,0,3,1,3
2139,16.5833,21.1667,1.146,0.1533,0.3067,0.7,5,high,house,hip,False,16,21,3,0,1,2,2
2140,16.0833,21.4167,1.159,0.1533,0.46,0.84,6,high,house,hip,False,16,21,0,1,1,3,3
2141,16.3333,21.4167,1.141,0.3067,0.1533,0.84,6,high,house,gable,False,16,21,1,2,2,1,2
2142,16.8333,21.5,1.094,0.3067,0.3067,0.84,6,high,house,gable,False,16,21,4,2,2,2,4
2143,16.4167,21.75,1.101,0.1533,0.46,0.84,6,high,house,hip,False,16,21,2,3,1,3,3
2144,16.0833,21.8333,1.117,0.1533,0.3067,0.42,3,high,house,hip,False,16,21,0,4,1,2,2
2145,16.9167,21.75,1.063,0.1533,0.1533,0.42,3,high,house,gable,False,16,21,5,4,1,1,1
2146,16.25,21.9167,1.096,0.1533,0.1533,0.56,4,high,house,gable,False,16,21,1,5,1,1,1
2147,16.5833,21.9167,1.071,0.1533,0.1533,0.56,4,high,house,gable,False,16,21,3,5,1,1,1
2148,16.25,22.0833,1.079,0.46,0.1533,0.84,6,high,house,gable,False,16,22,0,0,3,1,3
2149,16.75,22.0833,1.042,0.46,0.1533,0.84,6,high,house,gable,False,16,22,3,0,3,1,3
2150,16.0833,22.4167,1.056,0.1533,0.46,0.7,5,high,house,hip,False,16,22,0,1,1,3,3
2151,16.4167,22.25,1.049,0.1533,0.1533,0.7,5,high,house,gable,False,16,22,2,1,1,1,1
2152,16.75,22.3333,1.017,0.1533,0.3067,0.7,5,high,house,hip,False,16,22,4,1,1,2,2
2153,16.25,22.4167,1.044,0.1533,0.1533,0.56,4,high,house,gable,False,16,22,1,2,1,1,1
2154,16.5833,22.4167,1.02,0.1533,0.1533,0.98,7,high,house,gable,False,16,22,3,2,1,1,1
2155,16.9167,22.4167,0.996,0.1533,0.1533,0.42,3,high,house,gable,False,16,22,5,2,1,1,1
2156,16.3333,22.8333,0.994,0.3067,0.3067,0.84,6,high,house,gable,False,16,22,1,4,2,2,4
2157,16.75,22.75,0.974,0.46,0.1533,0.84,6,high,house,gable,False,16,22,3,4,3,1,3
2158,16.0833,22.9167,1.003,0.1533,0.1533,0.56,4,high,house,gable,False,16,22,0,5,1,1,1
2159,16.8333,22.9167,0.951,0.3067,0.1533,0.7,5,high,house,gable,False,16,22,4,5,2,1,2
2160,16.5833,23.0833,0.951,0.1533,0.1533,0.28,2,medium,house,gable,False,16,23,3,0,1,1,1
2161,16.0833,23.5,0.94,0.1533,0.3067,0.56,4,medium,house,hip,False,16,23,0,2,1,2,2
2162,16.75,23.4167,0.905,0.46,0.1533,0.56,4,medium,house,gable,False,16,23,3,2,3,1,3
2163,16.4167,23.5833,0.91,0.46,0.1533,0.42,3,medium,house,gable,False,16,23,1,3,3,1,3
2164,16.9167,23.75,0.859,0.1533,0.46,0.56,4,medium,house,hip,False,16,23,5,3,1,3,3
2165,16.5833,23.75,0.881,0.46,0.1533,0.56,4,medium,house,gable,False,16,23,2,4,3,1,3
2166,16.3333,23.9167,0.88,0.3067,0.1533,0.56,4,medium,house,gable,False,16,23,1,5,2,1,2
2167,16.75,23.9167,0.853,0.1533,0.1533,0.42,3,medium,house,gable,False,16,23,4,5,1,1,1
2168,16.5833,26.75,0.575,0.1533,0.1533,0.28,2,low,house,gable,False,16,26,3,4,1,1,1
2169,17.0833,2.5833,0.572,0.1533,0.46,0.42,3,low,house,hip,False,17,2,0,2,1,3,3
2170,17.25,2.5833,0.563,0.1533,0.1533,0.42,3,low,house,gable,False,17,2,1,3,1,1,1
2171,17.6667,2.75,0.557,0.3067,0.1533,0.28,2,low,house,gable,False,17,2,3,4,2,1,2
2172,17.4167,2.9167,0.585,0.46,0.1533,0.42,3,low,house,gable,False,17,2,1,5,3,1,3
2173,17.0833,4.1667,0.723,0.1533,0.3067,0.42,3,low,house,hip,False,17,4,0,0,1,2,2
2174,17.25,4.25,0.721,0.1533,0.1533,0.14,1,low,house,gable,False,17,4,1,1,1,1,1
2175,17.4167,5.6667,0.85,0.1533,0.3067,0.42,3,low,house,hip,False,17,5,2,3,1,2,2
2176,17.25,5.75,0.87,0.1533,0.1533,0.14,1,low,house,gable,False,17,5,1,4,1,1,1
2177,17.5833,5.75,0.847,0.1533,0.1533,0.28,2,low,house,gable,False,17,5,3,4,1,1,1
2178,17.25,6.0833,0.903,0.46,0.1533,0.56,4,medium,house,gable,False,17,6,0,0,3,1,3
2179,17.75,6.25,0.883,0.1533,0.46,0.56,4,medium,house,hip,False,17,6,4,0,1,3,3
2180,17.9167,6.0833,0.856,0.1533,0.1533,0.28,2,medium,house,gable,False,17,6,5,0,1,1,1
2181,17.4167,6.25,0.907,0.46,0.1533,0.42,3,medium,house,gable,False,17,6,1,1,3,1,3
2182,17.0833,6.4167,0.948,0.1533,0.1533,0.28,2,medium,house,gable,False,17,6,0,2,1,1,1
2183,17.9167,6.4167,0.887,0.1533,0.1533,0.42,3,medium,house,gable,False,17,6,5,2,1,1,1
2184,17.25,6.5833,0.952,0.1533,0.1533,0.56,4,medium,house,gable,False,17,6,1,3,1,1,1
2185,17.4167,6.9167,0.973,0.1533,0.1533,0.28,2,medium,house,gable,False,17,6,2,5,1,1,1
2186,17.25,7.0833,1.002,0.46,0.1533,0.56,4,medium,house,gable,False,17,7,0,0,3,1,3
2187,17.5833,7.25,0.992,0.1533,0.46,0.56,4,medium,house,hip,False,17,7,3,0,1,3,3
2188,17.75,7.0833,0.963,0.1533,0.1533,0.56,4,medium,house,gable,False,17,7,4,0,1,1,1
2189,17.0833,7.3333,1.039,0.1533,0.3067,0.56,4,medium,house,hip,False,17,7,0,1,1,2,2
2190,17.4167,7.25,1.005,0.1533,0.1533,0.42,3,medium,house,gable,False,17,7,2,1,1,1,1
2191,17.9167,7.25,0.965,0.1533,0.1533,0.42,3,medium,house,gable,False,17,7,5,1,1,1,1
2192,17.25,7.4167,1.034,0.1533,0.1533,0.42,3,medium,house,gable,False,17,7,1,2,1,1,1
2193,17.75,7.4167,0.994,0.1533,0.1533,0.42,3,medium,house,gable,False,17,7,4,2,1,1,1
2194,17.1667,8.0833,1.104,0.3067,0.1533,0.7,5,high,house,gable,False,17,8,0,0,2,1,2
2195,17.75,8.1667,1.063,0.46,0.3067,0.7,5,high,house,gable,False,17,8,3,0,3,2,6
2196,17.3333,8.25,1.106,0.3067,0.1533,0.84,6,high,house,gable,False,17,8,1,1,2,1,2
2197,17.4167,8.5833,1.129,0.46,0.1533,0.98,7,high,house,gable,False,17,8,1,3,3,1,3
2198,17.8333,8.6667,1.1,0.3067,0.3067,0.84,6,high,house,gable,False,17,8,4,3,2,2,4
2199,17.0833,8.8333,1.18,0.1533,0.3067,0.84,6,high,house,hip,False,17,8,0,4,1,2,2
2200,17.4167,8.75,1.144,0.1533,0.1533,0.56,4,high,house,gable,False,17,8,2,4,1,1,1
2201,17.25,8.9167,1.173,0.1533,0.1533,0.84,6,high,house,gable,False,17,8,1,5,1,1,1
2202,17.75,8.9167,1.129,0.1533,0.1533,0.84,6,high,house,gable,False,17,8,4,5,1,1,1
2203,17.25,10.0833,1.269,0.46,0.1533,0.84,6,high,house,gable,False,17,10,0,0,3,1,3
2204,17.8333,10.25,1.226,0.3067,0.46,0.84,6,high,house,hip,False,17,10,4,0,2,3,6
2205,17.0833,10.4167,1.31,0.1533,0.46,0.84,6,high,house,hip,False,17,10,0,1,1,3,3
2206,17.4167,10.4167,1.278,0.1533,0.46,0.98,7,high,house,hip,False,17,10,2,1,1,3,3
2207,17.5833,10.25,1.25,0.1533,0.1533,0.7,5,high,house,gable,False,17,10,3,1,1,1,1
2208,17.25,10.5833,1.306,0.1533,0.1533,0.42,3,high,house,gable,False,17,10,1,3,1,1,1
2209,17.6667,10.5833,1.265,0.3067,0.1533,0.7,5,high,house,gable,False,17,10,3,3,2,1,2
2210,17.9167,10.8333,1.257,0.1533,0.3067,0.42,3,high,house,hip,False,17,10,5,4,1,2,2
2211,17.0833,10.9167,1.345,0.1533,0.1533,0.7,5,high,house,gable,False,17,10,0,5,1,1,1
2212,17.6667,10.9167,1.287,0.3067,0.1533,0.7,5,high,house,gable,False,17,10,3,5,2,1,2
2213,17.0833,11.25,1.366,0.1533,0.46,0.84,6,high,house,hip,False,17,11,0,0,1,3,3
2214,17.5833,11.0833,1.306,0.46,0.1533,0.84,6,high,house,gable,False,17,11,2,0,3,1,3
2215,17.9167,11.25,1.282,0.1533,0.46,0.7,5,high,house,hip,False,17,11,5,0,1,3,3
2216,17.5833,11.4167,1.326,0.1533,0.46,0.84,6,high,house,hip,False,17,11,3,1,1,3,3
2217,17.25,11.5833,1.369,0.1533,0.46,0.7,5,high,house,hip,False,17,11,1,2,1,3,3
2218,17.75,11.4167,1.309,0.1533,0.1533,0.7,5,high,house,gable,False,17,11,4,2,1,1,1
2219,17.0833,11.75,1.395,0.1533,0.46,0.84,6,high,house,hip,False,17,11,0,3,1,3,3
2220,17.9167,11.5833,1.3,0.1533,0.1533,0.42,3,high,house,gable,False,17,11,5,3,1,1,1
2221,17.5833,11.75,1.344,0.1533,0.1533,0.42,3,high,house,gable,False,17,11,3,4,1,1,1
2222,17.25,12.0833,1.395,0.46,0.1533,0.84,6,high,house,gable,False,17,12,0,0,3,1,3
2223,17.75,12.0833,1.343,0.46,0.1533,0.84,6,high,house,gable,False,17,12,3,0,3,1,3
2224,17.0833,12.25,1.419,0.1533,0.1533,0.56,4,high,house,gable,False,17,12,0,1,1,1,1
2225,17.8333,12.25,1.341,0.3067,0.1533,0.84,6,high,house,gable,False,17,12,4,1,2,1,2
2226,17.4167,12.4167,1.392,0.46,0.1533,0.98,7,high,house,gable,False,17,12,1,2,3,1,3
2227,17.4167,12.5833,1.399,0.1533,0.1533,0.84,6,high,house,gable,False,17,12,2,3,1,1,1
2228,17.6667,12.8333,1.381,0.3067,0.3067,0.84,6,high,house,gable,False,17,12,3,4,2,2,4
2229,17.4167,12.9167,1.411,0.1533,0.1533,0.84,6,high,house,gable,False,17,12,2,5,1,1,1
2230,17.9167,12.9167,1.357,0.1533,0.1533,0.42,3,high,house,gable,False,17,12,5,5,1,1,1
2231,17.25,13.5833,1.446,0.11,0.11,1.54,11,high,tower,flat,True,17,13,1,3,1,1,1
2232,17.6667,13.0833,1.389,0.3067,0.1533,0.84,6,high,house,gable,False,17,13,3,0,2,1,2
2233,17.0833,13.5833,1.463,0.1533,0.46,0.7,5,high,house,hip,False,17,13,0,2,1,3,3
2234,17.4167,13.5,1.426,0.1533,0.3067,0.84,6,high,house,hip,False,17,13,2,2,1,2,2
2235,17.8333,13.4167,1.379,0.3067,0.1533,0.84,6,high,house,gable,False,17,13,4,2,2,1,2
2236,17.5833,13.5833,1.41,0.1533,0.1533,0.56,4,high,house,gable,False,17,13,3,3,1,1,1
2237,17.9167,13.75,1.377,0.1533,0.46,0.7,5,high,house,hip,False,17,13,5,3,1,3,3
2238,17.25,13.8333,1.45,0.1533,0.3067,0.56,4,high,house,hip,False,17,13,1,4,1,2,2
2239,17.5833,13.9167,1.416,0.46,0.1533,0.7,5,high,house,gable,False,17,13,2,5,3,1,3
2240,17.25,14.0833,1.453,0.46,0.1533,0.84,6,high,house,gable,False,17,14,0,0,3,1,3
2241,17.75,14.0833,1.399,0.46,0.1533,0.84,6,high,house,gable,False,17,14,3,0,3,1,3
2242,17.0833,14.25,1.472,0.1533,0.1533,0.42,3,high,house,gable,False,17,14,0,1,1,1,1
2243,17.9167,14.25,1.382,0.1533,0.1533,0.56,4,high,house,gable,False,17,14,5,1,1,1,1
2244,17.25,14.5,1.456,0.1533,0.3067,0.84,6,high,house,hip,False,17,14,1,2,1,2,2
2245,17.6667,14.4167,1.411,0.3067,0.1533,0.84,6,high,house,gable,False,17,14,3,2,2,1,2
2246,17.4167,14.75,1.438,0.1533,0.46,0.98,7,high,house,hip,False,17,14,2,3,1,3,3
2247,17.8333,14.6667,1.393,0.3067,0.3067,0.84,6,high,house,gable,False,17,14,4,3,2,2,4
2248,17.5833,14.8333,1.42,0.1533,0.3067,0.84,6,high,house,hip,False,17,14,3,4,1,2,2
2249,17.9167,14.9167,1.383,0.1533,0.1533,0.7,5,high,house,gable,False,17,14,5,5,1,1,1
2250,17.75,15.0833,1.4,0.46,0.1533,0.84,6,high,house,gable,False,17,15,3,0,3,1,3
2251,17.5,15.25,1.425,0.3067,0.1533,0.84,6,high,house,gable,False,17,15,2,1,2,1,2
2252,17.9167,15.4167,1.378,0.1533,0.46,0.84,6,high,house,hip,False,17,15,5,1,1,3,3
2253,17.1667,15.5,1.457,0.3067,0.3067,0.84,6,high,house,gable,False,17,15,0,2,2,2,4
2254,17.5833,15.5833,1.411,0.1533,0.46,0.84,6,high,house,hip,False,17,15,3,2,1,3,3
2255,17.9167,15.8333,1.37,0.1533,0.3067,0.84,6,high,house,hip,False,17,15,5,4,1,2,2
2256,17.25,15.9167,1.439,0.46,0.1533,0.7,5,high,house,gable,False,17,15,0,5,3,1,3
2257,17.75,15.9167,1.386,0.1533,0.1533,0.7,5,high,house,gable,False,17,15,4,5,1,1,1
2258,17.25,16.0833,1.435,0.46,0.1533,0.84,6,high,house,gable,False,17,16,0,0,3,1,3
2259,17.75,16.25,1.377,0.1533,0.46,0.84,6,high,house,hip,False,17,16,4,0,1,3,3
2260,17.0833,16.4167,1.441,0.1533,0.46,0.84,6,high,house,hip,False,17,16,0,1,1,3,3
2261,17.5833,16.25,1.395,0.1533,0.1533,0.56,4,high,house,gable,False,17,16,3,1,1,1,1
2262,17.9167,16.4167,1.353,0.1533,0.46,0.84,6,high,house,hip,False,17,16,5,1,1,3,3
2263,17.3333,16.4167,1.415,0.3067,0.1533,0.7,5,high,house,gable,False,17,16,1,2,2,1,2
2264,17.4167,16.5833,1.401,0.1533,0.1533,0.56,4,high,house,gable,False,17,16,2,3,1,1,1
2265,17.75,16.5833,1.366,0.1533,0.1533,0.84,6,high,house,gable,False,17,16,4,3,1,1,1
2266,17.0833,16.8333,1.425,0.1533,0.3067,0.84,6,high,house,hip,False,17,16,0,4,1,2,2
2267,17.5833,16.75,1.377,0.1533,0.1533,0.84,6,high,house,gable,False,17,16,3,4,1,1,1
2268,17.9167,16.8333,1.338,0.1533,0.3067,0.84,6,high,house,hip,False,17,16,5,4,1,2,2
2269,17.25,16.9167,1.404,0.1533,0.1533,0.42,3,high,house,gable,False,17,16,1,5,1,1,1
2270,17.75,16.9167,1.353,0.1533,0.1533,0.56,4,high,house,gable,False,17,16,4,5,1,1,1
2271,17.1667,17.1667,1.401,0.3067,0.3067,0.84,6,high,house,gable,False,17,17,0,0,2,2,4
2272,17.5833,17.0833,1.363,0.46,0.1533,0.84,6,high,house,gable,False,17,17,2,0,3,1,3
2273,17.9167,17.1667,1.324,0.1533,0.3067,0.7,5,high,house,hip,False,17,17,5,0,1,2,2
2274,17.5833,17.3333,1.351,0.1533,0.3067,0.98,7,high,house,hip,False,17,17,3,1,1,2,2
2275,17.4167,17.4167,1.364,0.1533,0.1533,0.56,4,high,house,gable,False,17,17,2,2,1,1,1
2276,17.0833,17.8333,1.374,0.1533,0.3067,0.84,6,high,house,hip,False,17,17,0,4,1,2,2
2277,17.4167,17.8333,1.341,0.1533,0.3067,0.84,6,high,house,hip,False,17,17,2,4,1,2,2
2278,17.75,17.8333,1.307,0.1533,0.3067,0.7,5,high,house,hip,False,17,17,4,4,1,2,2
2279,17.25,17.9167,1.352,0.1533,0.1533,0.56,4,high,house,gable,False,17,17,1,5,1,1,1
2280,17.5833,17.9167,1.319,0.1533,0.1533,0.42,3,high,house,gable,False,17,17,3,5,1,1,1
2281,17.9167,17.9167,1.285,0.1533,0.1533,0.7,5,high,house,gable,False,17,17,5,5,1,1,1
2282,17.4167,18.0833,1.326,0.1533,0.1533,0.84,6,high,house,gable,False,17,18,2,0,1,1,1
2283,17.8333,18.0833,1.284,0.3067,0.1533,0.84,6,high,house,gable,False,17,18,4,0,2,1,2
2284,17.25,18.25,1.332,0.1533,0.1533,0.7,5,high,house,gable,False,17,18,1,1,1,1,1
2285,17.9167,18.25,1.266,0.1533,0.1533,0.84,6,high,house,gable,False,17,18,5,1,1,1,1
2286,17.0833,18.5833,1.325,0.1533,0.46,0.56,4,high,house,hip,False,17,18,0,2,1,3,3
2287,17.6667,18.4167,1.28,0.3067,0.1533,0.7,5,high,house,gable,False,17,18,3,2,2,1,2
2288,17.3333,18.5833,1.301,0.3067,0.1533,0.56,4,high,house,gable,False,17,18,1,3,2,1,2
2289,17.8333,18.75,1.241,0.3067,0.46,0.84,6,high,house,hip,False,17,18,4,3,2,3,6
2290,17.5,18.75,1.274,0.3067,0.1533,0.84,6,high,house,gable,False,17,18,2,4,2,1,2
2291,17.25,18.9167,1.285,0.46,0.1533,0.7,5,high,house,gable,False,17,18,0,5,3,1,3
2292,17.25,19.1667,1.267,0.46,0.3067,0.84,6,high,house,gable,False,17,19,0,0,3,2,6
2293,17.6667,19.1667,1.227,0.3067,0.3067,0.84,6,high,house,gable,False,17,19,3,0,2,2,4
2294,17.9167,19.0833,1.21,0.1533,0.1533,0.42,3,high,house,gable,False,17,19,5,0,1,1,1
2295,17.4167,19.5,1.225,0.1533,0.3067,0.7,5,high,house,hip,False,17,19,2,2,1,2,2
2296,17.1667,19.8333,1.22,0.3067,0.3067,0.7,5,high,house,gable,False,17,19,0,4,2,2,4
2297,17.8333,19.8333,1.16,0.3067,0.3067,0.84,6,high,house,gable,False,17,19,4,4,2,2,4
2298,17.5,19.9167,1.183,0.3067,0.1533,0.56,4,high,house,gable,False,17,19,2,5,2,1,2
2299,17.0833,20.1667,1.199,0.1533,0.3067,0.84,6,high,house,hip,False,17,20,0,0,1,2,2
2300,17.4167,20.25,1.162,0.1533,0.46,0.84,6,high,house,hip,False,17,20,2,0,1,3,3
2301,17.8333,20.1667,1.133,0.3067,0.3067,0.84,6,high,house,gable,False,17,20,4,0,2,2,4
2302,17.25,20.4167,1.162,0.1533,0.46,0.7,5,high,house,hip,False,17,20,1,1,1,3,3
2303,17.75,20.5833,1.104,0.1533,0.46,0.7,5,high,house,hip,False,17,20,4,2,1,3,3
2304,17.0833,20.5833,1.161,0.1533,0.1533,0.7,5,high,house,gable,False,17,20,0,3,1,1,1
2305,17.3333,20.8333,1.117,0.3067,0.3067,0.84,6,high,house,gable,False,17,20,1,4,2,2,4
2306,17.9167,20.8333,1.068,0.1533,0.3067,0.84,6,high,house,hip,False,17,20,5,4,1,2,2
2307,17.0833,20.9167,1.13,0.1533,0.1533,0.7,5,high,house,gable,False,17,20,0,5,1,1,1
2308,17.5833,20.9167,1.089,0.1533,0.1533,0.42,3,high,house,gable,False,17,20,3,5,1,1,1
2309,17.25,21.0833,1.101,0.46,0.1533,0.7,5,high,house,gable,False,17,21,0,0,3,1,3
2310,17.5833,21.25,1.058,0.1533,0.46,0.7,5,high,house,hip,False,17,21,3,0,1,3,3
2311,17.0833,21.4167,1.083,0.1533,0.46,0.84,6,high,house,hip,False,17,21,0,1,1,3,3
2312,17.25,21.4167,1.069,0.1533,0.1533,0.42,3,high,house,gable,False,17,21,1,2,1,1,1
2313,17.8333,21.5,1.015,0.3067,0.3067,0.84,6,high,house,gable,False,17,21,4,2,2,2,4
2314,17.5,21.5833,1.034,0.3067,0.1533,0.98,7,high,house,gable,False,17,21,2,3,2,1,2
2315,17.25,21.75,1.037,0.1533,0.1533,0.84,6,high,house,gable,False,17,21,1,4,1,1,1
2316,17.4167,21.9167,1.008,0.1533,0.1533,0.84,6,high,house,gable,False,17,21,2,5,1,1,1
2317,17.5833,24.25,0.766,0.46,0.1533,0.42,3,low,house,gable,False,17,24,2,1,3,1,3
2318,17.6667,24.4167,0.744,0.3067,0.1533,0.28,2,low,house,gable,False,17,24,3,2,2,1,2
2319,17.1667,24.8333,0.733,0.3067,0.3067,0.42,3,low,house,gable,False,17,24,0,4,2,2,4
2320,17.6667,25.3333,0.655,0.3067,0.3067,0.42,3,low,house,gable,False,17,25,3,1,2,2,4
2321,17.9167,25.25,0.649,0.1533,0.1533,0.14,1,low,house,gable,False,17,25,5,1,1,1,1
2322,17.4167,25.5833,0.645,0.1533,0.1533,0.42,3,low,house,gable,False,17,25,2,3,1,1,1
2323,18.4167,2.25,0.48,0.1533,0.46,0.42,3,low,house,hip,False,18,2,2,0,1,3,3
2324,18.25,2.4167,0.501,0.1533,0.46,0.42,3,low,house,hip,False,18,2,1,1,1,3,3
2325,18.5,2.5833,0.505,0.3067,0.1533,0.42,3,low,house,gable,False,18,2,2,3,2,1,2
2326,18.4167,2.75,0.523,0.1533,0.1533,0.28,2,low,house,gable,False,18,2,2,4,1,1,1
2327,18.1667,4.25,0.668,0.3067,0.46,0.42,3,low,house,hip,False,18,4,0,0,2,3,6
2328,18.4167,4.1667,0.647,0.1533,0.3067,0.42,3,low,house,hip,False,18,4,2,0,1,2,2
2329,18.25,4.75,0.709,0.1533,0.46,0.42,3,low,house,hip,False,18,4,1,3,1,3,3
2330,18.0833,4.9167,0.735,0.1533,0.1533,0.28,2,low,house,gable,False,18,4,0,5,1,1,1
2331,18.9167,5.3333,0.721,0.1533,0.3067,0.14,1,low,house,hip,False,18,5,5,1,1,2,2
2332,18.75,5.4167,0.739,0.1533,0.1533,0.42,3,low,house,gable,False,18,5,4,2,1,1,1
2333,18.4167,6.5,0.859,0.46,0.3067,0.56,4,medium,house,gable,False,18,6,1,2,3,2,6
2334,18.8333,6.4167,0.821,0.3067,0.1533,0.56,4,medium,house,gable,False,18,6,4,2,2,1,2
2335,18.0833,6.5833,0.891,0.1533,0.1533,0.56,4,medium,house,gable,False,18,6,0,3,1,1,1
2336,18.9167,6.6667,0.837,0.1533,0.3067,0.56,4,medium,house,hip,False,18,6,5,3,1,2,2
2337,18.5833,6.75,0.869,0.46,0.1533,0.42,3,medium,house,gable,False,18,6,2,4,3,1,3
2338,18.75,6.9167,0.871,0.1533,0.1533,0.28,2,medium,house,gable,False,18,6,4,5,1,1,1
2339,18.5833,7.0833,0.898,0.46,0.1533,0.7,5,high,house,gable,False,18,7,2,0,3,1,3
2340,18.9167,7.25,0.887,0.1533,0.46,0.56,4,high,house,hip,False,18,7,5,0,1,3,3
2341,18.4167,7.25,0.926,0.1533,0.1533,0.42,3,high,house,gable,False,18,7,2,1,1,1,1
2342,18.75,7.5,0.921,0.1533,0.3067,0.42,3,high,house,hip,False,18,7,4,2,1,2,2
2343,18.4167,7.75,0.97,0.1533,0.46,0.84,6,high,house,hip,False,18,7,2,3,1,3,3
2344,18.5833,7.5833,0.942,0.1533,0.1533,0.98,7,high,house,gable,False,18,7,3,3,1,1,1
2345,18.9167,7.6667,0.922,0.1533,0.3067,0.7,5,high,house,hip,False,18,7,5,3,1,2,2
2346,18.6667,7.9167,0.964,0.3067,0.1533,0.84,6,high,house,gable,False,18,7,3,5,2,1,2
2347,18.1667,8.1667,1.027,0.3067,0.3067,0.84,6,high,house,gable,False,18,8,0,0,2,2,4
2348,18.4167,8.0833,0.999,0.1533,0.1533,0.56,4,high,house,gable,False,18,8,2,0,1,1,1
2349,18.0833,8.5833,1.071,0.1533,0.46,0.84,6,high,house,hip,False,18,8,0,2,1,3,3
2350,18.4167,8.5833,1.041,0.1533,0.46,0.98,7,high,house,hip,False,18,8,2,2,1,3,3
2351,18.75,8.5,1.005,0.1533,0.3067,0.84,6,high,house,hip,False,18,8,4,2,1,2,2
2352,18.25,8.5833,1.056,0.1533,0.1533,0.56,4,high,house,gable,False,18,8,1,3,1,1,1
2353,18.9167,8.75,1.009,0.1533,0.46,0.7,5,high,house,hip,False,18,8,5,3,1,3,3
2354,18.25,8.9167,1.083,0.46,0.1533,0.84,6,high,house,gable,False,18,8,0,5,3,1,3
2355,18.75,8.9167,1.038,0.1533,0.1533,0.42,3,high,house,gable,False,18,8,4,5,1,1,1
2356,18.1667,9.0833,1.105,0.3067,0.1533,0.56,4,high,house,gable,False,18,9,0,0,2,1,2
2357,18.75,9.0833,1.05,0.46,0.1533,0.84,6,high,house,gable,False,18,9,3,0,3,1,3
2358,18.3333,9.3333,1.109,0.3067,0.3067,0.84,6,high,house,gable,False,18,9,1,1,2,2,4
2359,18.9167,9.3333,1.053,0.1533,0.3067,0.84,6,high,house,hip,False,18,9,5,1,1,2,2
2360,18.0833,9.4167,1.139,0.1533,0.1533,0.7,5,high,house,gable,False,18,9,0,2,1,1,1
2361,18.6667,9.4167,1.083,0.3067,0.1533,0.84,6,high,house,gable,False,18,9,3,2,2,1,2
2362,18.75,9.5833,1.088,0.1533,0.1533,0.7,5,high,house,gable,False,18,9,4,3,1,1,1
2363,18.25,9.8333,1.155,0.46,0.3067,0.84,6,high,house,gable,False,18,9,0,4,3,2,6
2364,18.5833,9.8333,1.122,0.1533,0.3067,0.7,5,high,house,hip,False,18,9,3,4,1,2,2
2365,18.75,9.9167,1.111,0.1533,0.1533,0.84,6,high,house,gable,False,18,9,4,5,1,1,1
2366,18.25,10.0833,1.173,0.46,0.1533,0.84,6,high,house,gable,False,18,10,0,0,3,1,3
2367,18.75,10.0833,1.123,0.46,0.1533,0.84,6,high,house,gable,False,18,10,3,0,3,1,3
2368,18.0833,10.25,1.201,0.1533,0.1533,0.84,6,high,house,gable,False,18,10,0,1,1,1,1
2369,18.4167,10.3333,1.173,0.1533,0.3067,0.98,7,high,house,hip,False,18,10,2,1,1,2,2
2370,18.75,10.4167,1.145,0.1533,0.46,0.56,4,high,house,hip,False,18,10,4,1,1,3,3
2371,18.9167,10.25,1.117,0.1533,0.1533,0.56,4,high,house,gable,False,18,10,5,1,1,1,1
2372,18.25,10.4167,1.196,0.1533,0.1533,0.56,4,high,house,gable,False,18,10,1,2,1,1,1
2373,18.0833,10.75,1.234,0.1533,0.46,0.42,3,high,house,hip,False,18,10,0,3,1,3,3
2374,18.4167,10.8333,1.205,0.46,0.3067,0.84,6,high,house,gable,False,18,10,1,4,3,2,6
2375,18.9167,10.8333,1.153,0.1533,0.3067,0.84,6,high,house,hip,False,18,10,5,4,1,2,2
2376,18.75,10.9167,1.175,0.1533,0.1533,0.42,3,high,house,gable,False,18,10,4,5,1,1,1
2377,18.25,11.0833,1.237,0.46,0.1533,0.7,5,high,house,gable,False,18,11,0,0,3,1,3
2378,18.8333,11.25,1.185,0.3067,0.46,0.84,6,high,house,hip,False,18,11,4,0,2,3,6
2379,18.0833,11.4167,1.274,0.1533,0.46,0.7,5,high,house,hip,False,18,11,0,1,1,3,3
2380,18.4167,11.3333,1.234,0.1533,0.3067,0.7,5,high,house,hip,False,18,11,2,1,1,2,2
2381,18.25,11.4167,1.256,0.1533,0.1533,0.56,4,high,house,gable,False,18,11,1,2,1,1,1
2382,18.75,11.5833,1.211,0.46,0.1533,0.98,7,high,house,gable,False,18,11,3,3,3,1,3
2383,18.0833,11.8333,1.295,0.1533,0.3067,0.7,5,high,house,hip,False,18,11,0,4,1,2,2
2384,18.4167,11.8333,1.259,0.1533,0.3067,0.84,6,high,house,hip,False,18,11,2,4,1,2,2
2385,18.8333,11.75,1.21,0.3067,0.1533,0.7,5,high,house,gable,False,18,11,4,4,2,1,2
2386,18.25,11.9167,1.281,0.1533,0.1533,0.56,4,high,house,gable,False,18,11,1,5,1,1,1
2387,18.25,12.25,1.296,0.1533,0.46,0.84,6,high,house,hip,False,18,12,1,0,1,3,3
2388,18.4167,12.0833,1.271,0.1533,0.1533,0.42,3,high,house,gable,False,18,12,2,0,1,1,1
2389,18.9167,12.25,1.222,0.1533,0.46,0.56,4,high,house,hip,False,18,12,5,0,1,3,3
2390,18.5833,12.4167,1.266,0.1533,0.46,0.7,5,high,house,hip,False,18,12,3,1,1,3,3
2391,18.4167,12.4167,1.284,0.1533,0.1533,0.84,6,high,house,gable,False,18,12,2,2,1,1,1
2392,18.9167,12.75,1.239,0.1533,0.46,0.84,6,high,house,hip,False,18,12,5,3,1,3,3
2393,18.25,12.8333,1.317,0.46,0.3067,0.84,6,high,house,gable,False,18,12,0,4,3,2,6
2394,18.5833,12.8333,1.28,0.1533,0.3067,0.84,6,high,house,hip,False,18,12,3,4,1,2,2
2395,18.5833,13.5833,1.298,0.11,0.11,2.24,16,high,tower,flat,True,18,13,3,3,1,1,1
2396,18.25,13.0833,1.325,0.46,0.1533,0.56,4,high,house,gable,False,18,13,0,0,3,1,3
2397,18.75,13.0833,1.268,0.46,0.1533,0.7,5,high,house,gable,False,18,13,3,0,3,1,3
2398,18.0833,13.4167,1.352,0.1533,0.46,0.7,5,high,house,hip,False,18,13,0,1,1,3,3
2399,18.4167,13.4167,1.314,0.1533,0.46,0.98,7,high,house,hip,False,18,13,2,1,1,3,3
2400,18.75,13.25,1.272,0.1533,0.1533,0.84,6,high,house,gable,False,18,13,4,1,1,1,1
2401,18.5833,13.4167,1.295,0.1533,0.1533,0.56,4,high,house,gable,False,18,13,3,2,1,1,1
2402,18.9167,13.5,1.258,0.1533,0.3067,0.56,4,high,house,hip,False,18,13,5,2,1,2,2
2403,18.25,13.5833,1.336,0.1533,0.1533,0.56,4,high,house,gable,False,18,13,1,3,1,1,1
2404,18.6667,13.8333,1.293,0.3067,0.3067,0.84,6,high,house,gable,False,18,13,3,4,2,2,4
2405,18.3333,13.9167,1.332,0.3067,0.1533,0.7,5,high,house,gable,False,18,13,1,5,2,1,2
2406,18.9167,13.9167,1.265,0.1533,0.1533,0.84,6,high,house,gable,False,18,13,5,5,1,1,1
2407,18.1667,14.25,1.354,0.3067,0.46,0.7,5,high,house,hip,False,18,14,0,0,2,3,6
2408,18.75,14.1667,1.287,0.46,0.3067,0.84,6,high,house,gable,False,18,14,3,0,3,2,6
2409,18.75,14.4167,1.288,0.1533,0.1533,0.42,3,high,house,gable,False,18,14,4,2,1,1,1
2410,18.5,14.6667,1.317,0.3067,0.3067,0.98,7,high,house,gable,False,18,14,2,3,2,2,4
2411,18.9167,14.75,1.269,0.1533,0.46,0.7,5,high,house,hip,False,18,14,5,3,1,3,3
2412,18.25,14.8333,1.346,0.1533,0.3067,0.84,6,high,house,hip,False,18,14,1,4,1,2,2
2413,18.0833,14.9167,1.364,0.1533,0.1533,0.7,5,high,house,gable,False,18,14,0,5,1,1,1
2414,18.4167,14.9167,1.326,0.1533,0.1533,0.7,5,high,house,gable,False,18,14,2,5,1,1,1
2415,18.75,14.9167,1.288,0.1533,0.1533,0.84,6,high,house,gable,False,18,14,4,5,1,1,1
2416,18.25,15.0833,1.344,0.46,0.1533,0.84,6,high,house,gable,False,18,15,0,0,3,1,3
2417,18.75,15.0833,1.286,0.46,0.1533,0.84,6,high,house,gable,False,18,15,3,0,3,1,3
2418,18.5,15.25,1.314,0.3067,0.1533,0.84,6,high,house,gable,False,18,15,2,1,2,1,2
2419,18.9167,15.4167,1.264,0.1533,0.46,0.7,5,high,house,hip,False,18,15,5,1,1,3,3
2420,18.0833,15.5,1.358,0.1533,0.3067,0.84,6,high,house,hip,False,18,15,0,2,1,2,2
2421,18.5833,15.5,1.301,0.1533,0.3067,0.98,7,high,house,hip,False,18,15,3,2,1,2,2
2422,18.3333,15.5833,1.328,0.3067,0.1533,0.84,6,high,house,gable,False,18,15,1,3,2,1,2
2423,18.75,15.5833,1.28,0.1533,0.1533,0.84,6,high,house,gable,False,18,15,4,3,1,1,1
2424,18.0833,16.0833,1.345,0.1533,0.1533,0.7,5,high,house,gable,False,18,16,0,0,1,1,1
2425,18.0833,16.5833,1.33,0.1533,0.46,0.56,4,high,house,hip,False,18,16,0,2,1,3,3
2426,18.25,16.4167,1.317,0.1533,0.1533,0.56,4,high,house,gable,False,18,16,1,2,1,1,1
2427,18.75,16.4167,1.261,0.46,0.1533,0.84,6,high,house,gable,False,18,16,3,2,3,1,3
2428,18.5,16.5833,1.283,0.3067,0.1533,0.84,6,high,house,gable,False,18,16,2,3,2,1,2
2429,18.9167,16.75,1.231,0.1533,0.46,0.84,6,high,house,hip,False,18,16,5,3,1,3,3
2430,18.5833,16.8333,1.265,0.1533,0.3067,0.56,4,high,house,hip,False,18,16,3,4,1,2,2
2431,18.25,16.9167,1.299,0.46,0.1533,0.84,6,high,house,gable,False,18,16,0,5,3,1,3
2432,18.75,16.9167,1.243,0.1533,0.1533,0.7,5,high,house,gable,False,18,16,4,5,1,1,1
2433,18.5833,17.0833,1.255,0.46,0.1533,0.7,5,high,house,gable,False,18,17,2,0,3,1,3
2434,18.9167,17.25,1.212,0.1533,0.46,0.84,6,high,house,hip,False,18,17,5,0,1,3,3
2435,18.25,17.25,1.284,0.1533,0.1533,0.7,5,high,house,gable,False,18,17,1,1,1,1,1
2436,18.5833,17.4167,1.241,0.1533,0.46,0.98,7,high,house,hip,False,18,17,3,1,1,3,3
2437,18.0833,17.5833,1.286,0.1533,0.46,0.84,6,high,house,hip,False,18,17,0,2,1,3,3
2438,18.4167,17.4167,1.259,0.1533,0.1533,0.7,5,high,house,gable,False,18,17,2,2,1,1,1
2439,18.25,17.75,1.26,0.1533,0.46,0.84,6,high,house,hip,False,18,17,1,3,1,3,3
2440,18.8333,17.5833,1.206,0.3067,0.1533,0.7,5,high,house,gable,False,18,17,4,3,2,1,2
2441,18.5833,17.8333,1.22,0.1533,0.3067,0.56,4,high,house,hip,False,18,17,3,4,1,2,2
2442,18.9167,17.8333,1.184,0.1533,0.3067,0.84,6,high,house,hip,False,18,17,5,4,1,2,2
2443,18.0833,17.9167,1.268,0.1533,0.1533,0.7,5,high,house,gable,False,18,17,0,5,1,1,1
2444,18.75,17.9167,1.198,0.1533,0.1533,0.84,6,high,house,gable,False,18,17,4,5,1,1,1
2445,18.0833,18.25,1.249,0.1533,0.46,0.84,6,high,house,hip,False,18,18,0,0,1,3,3
2446,18.5833,18.0833,1.206,0.46,0.1533,0.84,6,high,house,gable,False,18,18,2,0,3,1,3
2447,18.9167,18.25,1.162,0.1533,0.46,0.84,6,high,house,hip,False,18,18,5,0,1,3,3
2448,18.25,18.25,1.231,0.1533,0.1533,0.56,4,high,house,gable,False,18,18,1,1,1,1,1
2449,18.5833,18.4167,1.187,0.46,0.1533,0.98,7,high,house,gable,False,18,18,2,2,3,1,3
2450,18.1667,18.75,1.208,0.3067,0.46,0.7,5,high,house,hip,False,18,18,0,3,2,3,6
2451,18.8333,18.75,1.141,0.3067,0.46,0.84,6,high,house,hip,False,18,18,4,3,2,3,6
2452,18.5833,18.9167,1.155,0.1533,0.1533,0.42,3,high,house,gable,False,18,18,3,5,1,1,1
2453,18.25,19.0833,1.177,0.46,0.1533,0.84,6,high,house,gable,False,18,19,0,0,3,1,3
2454,18.5833,19.25,1.133,0.1533,0.46,0.84,6,high,house,hip,False,18,19,3,0,1,3,3
2455,18.25,19.3333,1.159,0.1533,0.3067,0.56,4,high,house,hip,False,18,19,1,1,1,2,2
2456,18.0833,19.5833,1.156,0.1533,0.46,0.84,6,high,house,hip,False,18,19,0,2,1,3,3
2457,18.4167,19.4167,1.137,0.1533,0.1533,0.56,4,high,house,gable,False,18,19,2,2,1,1,1
2458,18.5833,19.75,1.096,0.1533,0.46,0.7,5,high,house,hip,False,18,19,3,3,1,3,3
2459,18.3333,19.8333,1.114,0.3067,0.3067,0.84,6,high,house,gable,False,18,19,1,4,2,2,4
2460,18.0833,19.9167,1.13,0.1533,0.1533,0.7,5,high,house,gable,False,18,19,0,5,1,1,1
2461,18.5,20.0833,1.079,0.3067,0.1533,0.84,6,high,house,gable,False,18,20,2,0,2,1,2
2462,18.5833,20.25,1.058,0.1533,0.1533,0.42,3,high,house,gable,False,18,20,3,1,1,1,1
2463,18.25,20.4167,1.074,0.46,0.1533,0.7,5,high,house,gable,False,18,20,0,2,3,1,3
2464,18.8333,20.5,1.016,0.3067,0.3067,0.84,6,high,house,gable,False,18,20,4,2,2,2,4
2465,18.0833,20.75,1.061,0.1533,0.46,0.84,6,high,house,hip,False,18,20,0,3,1,3,3
2466,18.4167,20.75,1.032,0.1533,0.46,0.84,6,high,house,hip,False,18,20,2,3,1,3,3
2467,18.5833,20.5833,1.031,0.1533,0.1533,0.56,4,high,house,gable,False,18,20,3,3,1,1,1
2468,18.9167,20.8333,0.982,0.1533,0.3067,0.84,6,high,house,hip,False,18,20,5,4,1,2,2
2469,18.25,20.9167,1.032,0.1533,0.1533,0.7,5,high,house,gable,False,18,20,1,5,1,1,1
2470,18.6667,20.9167,0.997,0.3067,0.1533,0.84,6,high,house,gable,False,18,20,3,5,2,1,2
2471,18.3333,21.25,0.996,0.3067,0.46,0.42,3,medium,house,hip,False,18,21,1,0,2,3,6
2472,18.75,21.0833,0.976,0.46,0.1533,0.56,4,medium,house,gable,False,18,21,3,0,3,1,3
2473,18.0833,21.25,1.017,0.1533,0.1533,0.42,3,medium,house,gable,False,18,21,0,1,1,1,1
2474,18.75,21.4167,0.948,0.1533,0.46,0.56,4,medium,house,hip,False,18,21,4,1,1,3,3
2475,18.9167,21.4167,0.934,0.1533,0.1533,0.28,2,medium,house,gable,False,18,21,5,2,1,1,1
2476,18.5,21.5833,0.954,0.3067,0.1533,0.56,4,medium,house,gable,False,18,21,2,3,2,1,2
2477,18.0833,21.8333,0.964,0.1533,0.3067,0.42,3,medium,house,hip,False,18,21,0,4,1,2,2
2478,18.25,21.9167,0.943,0.1533,0.1533,0.56,4,medium,house,gable,False,18,21,1,5,1,1,1
2479,18.5,22.4167,0.879,0.3067,0.1533,0.28,2,low,house,gable,False,18,22,2,2,2,1,2
2480,18.25,22.75,0.866,0.1533,0.46,0.28,2,low,house,hip,False,18,22,1,3,1,3,3
2481,18.5833,22.5833,0.858,0.1533,0.1533,0.14,1,low,house,gable,False,18,22,3,3,1,1,1
2482,18.0833,22.8333,0.87,0.1533,0.3067,0.14,1,low,house,hip,False,18,22,0,4,1,2,2
2483,18.4167,22.75,0.855,0.1533,0.1533,0.42,3,low,house,gable,False,18,22,2,4,1,1,1
2484,18.25,24.1667,0.733,0.1533,0.3067,0.28,2,low,house,hip,False,18,24,1,0,1,2,2
2485,18.75,24.0833,0.711,0.46,0.1533,0.42,3,low,house,gable,False,18,24,3,0,3,1,3
2486,18.4167,24.3333,0.708,0.1533,0.3067,0.14,1,low,house,hip,False,18,24,2,1,1,2,2
2487,18.8333,24.25,0.692,0.3067,0.1533,0.42,3,low,house,gable,False,18,24,4,1,2,1,2
2488,18.9167,24.4167,0.672,0.1533,0.1533,0.14,1,low,house,gable,False,18,24,5,2,1,1,1
2489,18.75,25.5833,0.577,0.1533,0.46,0.42,3,low,house,hip,False,18,25,4,2,1,3,3
2490,18.9167,25.4167,0.584,0.1533,0.1533,0.28,2,low,house,gable,False,18,25,5,2,1,1,1
2491,18.5833,25.6667,0.577,0.1533,0.3067,0.42,3,low,house,hip,False,18,25,3,3,1,2,2
2492,18.9167,25.8333,0.548,0.1533,0.3067,0.28,2,low,house,hip,False,18,25,5,4,1,2,2
2493,18.75,25.9167,0.548,0.1533,0.1533,0.28,2,low,house,gable,False,18,25,4,5,1,1,1
2494,18.5,26.1667,0.537,0.3067,0.3067,0.28,2,low,house,gable,False,18,26,2,0,2,2,4
2495,18.75,26.0833,0.533,0.1533,0.1533,0.28,2,low,house,gable,False,18,26,4,0,1,1,1
2496,18.5833,26.4167,0.511,0.1533,0.1533,0.28,2,low,house,gable,False,18,26,3,2,1,1,1
2497,19.3333,2.0833,0.434,0.3067,0.1533,0.28,2,low,house,gable,False,19,2,1,0,2,1,2
2498,19.4167,2.25,0.444,0.1533,0.1533,0.42,3,low,house,gable,False,19,2,2,1,1,1,1
2499,19.25,3.25,0.529,0.1533,0.46,0.42,3,low,house,hip,False,19,3,1,0,1,3,3
2500,19.4167,3.0833,0.51,0.1533,0.1533,0.28,2,low,house,gable,False,19,3,2,0,1,1,1
2501,19.5833,3.25,0.516,0.1533,0.1533,0.28,2,low,house,gable,False,19,3,3,1,1,1,1
2502,19.4167,3.4167,0.536,0.1533,0.1533,0.14,1,low,house,gable,False,19,3,2,2,1,1,1
2503,19.25,4.75,0.653,0.46,0.1533,0.42,3,low,house,gable,False,19,4,0,4,3,1,3
2504,19.3333,4.9167,0.662,0.3067,0.1533,0.42,3,low,house,gable,False,19,4,1,5,2,1,2
2505,19.5833,5.25,0.676,0.1533,0.46,0.28,2,low,house,hip,False,19,5,3,0,1,3,3
2506,19.9167,5.0833,0.645,0.1533,0.1533,0.14,1,low,house,gable,False,19,5,5,0,1,1,1
2507,19.4167,5.25,0.685,0.1533,0.1533,0.42,3,low,house,gable,False,19,5,2,1,1,1,1
2508,19.75,5.25,0.667,0.1533,0.1533,0.28,2,low,house,gable,False,19,5,4,1,1,1,1
2509,19.1667,5.4167,0.714,0.3067,0.1533,0.14,1,low,house,gable,False,19,5,0,2,2,1,2
2510,19.4167,5.5833,0.713,0.46,0.1533,0.14,1,low,house,gable,False,19,5,1,3,3,1,3
2511,19.1667,6.1667,0.777,0.3067,0.3067,0.56,4,medium,house,gable,False,19,6,0,0,2,2,4
2512,19.5,6.0833,0.748,0.3067,0.1533,0.42,3,medium,house,gable,False,19,6,2,0,2,1,2
2513,19.5833,6.4167,0.77,0.1533,0.46,0.42,3,medium,house,hip,False,19,6,3,1,1,3,3
2514,19.3333,6.4167,0.787,0.3067,0.1533,0.28,2,medium,house,gable,False,19,6,1,2,2,1,2
2515,19.0833,6.75,0.832,0.1533,0.46,0.56,4,medium,house,hip,False,19,6,0,3,1,3,3
2516,19.4167,6.5833,0.795,0.1533,0.1533,0.42,3,medium,house,gable,False,19,6,2,3,1,1,1
2517,19.25,6.8333,0.827,0.1533,0.3067,0.42,3,medium,house,hip,False,19,6,1,4,1,2,2
2518,19.5833,6.8333,0.803,0.1533,0.3067,0.56,4,medium,house,hip,False,19,6,3,4,1,2,2
2519,19.4167,6.9167,0.822,0.1533,0.1533,0.42,3,medium,house,gable,False,19,6,2,5,1,1,1
2520,19.1667,7.0833,0.854,0.3067,0.1533,0.7,5,high,house,gable,False,19,7,0,0,2,1,2
2521,19.75,7.0833,0.811,0.46,0.1533,0.84,6,high,house,gable,False,19,7,3,0,3,1,3
2522,19.3333,7.4167,0.869,0.3067,0.46,0.7,5,high,house,hip,False,19,7,1,1,2,3,6
2523,19.5833,7.25,0.836,0.1533,0.1533,0.42,3,high,house,gable,False,19,7,3,1,1,1,1
2524,19.9167,7.4167,0.824,0.1533,0.46,0.84,6,high,house,hip,False,19,7,5,1,1,3,3
2525,19.0833,7.5833,0.902,0.1533,0.46,0.84,6,high,house,hip,False,19,7,0,2,1,3,3
2526,19.75,7.4167,0.837,0.1533,0.1533,0.7,5,high,house,gable,False,19,7,4,2,1,1,1
2527,19.4167,7.75,0.888,0.1533,0.1533,0.84,6,high,house,gable,False,19,7,2,4,1,1,1
2528,19.8333,7.8333,0.862,0.3067,0.3067,0.84,6,high,house,gable,False,19,7,4,4,2,2,4
2529,19.25,8.0833,0.928,0.46,0.1533,0.84,6,high,house,gable,False,19,8,0,0,3,1,3
2530,19.8333,8.1667,0.886,0.3067,0.3067,0.84,6,high,house,gable,False,19,8,4,0,2,2,4
2531,19.0833,8.4167,0.969,0.1533,0.46,0.56,4,high,house,hip,False,19,8,0,1,1,3,3
2532,19.4167,8.3333,0.933,0.1533,0.3067,0.7,5,high,house,hip,False,19,8,2,1,1,2,2
2533,19.25,8.4167,0.954,0.1533,0.1533,0.56,4,high,house,gable,False,19,8,1,2,1,1,1
2534,19.9167,8.5833,0.909,0.1533,0.46,0.84,6,high,house,hip,False,19,8,5,2,1,3,3
2535,19.6667,8.5833,0.93,0.3067,0.1533,0.56,4,high,house,gable,False,19,8,3,3,2,1,2
2536,19.25,8.75,0.979,0.46,0.1533,0.84,6,high,house,gable,False,19,8,0,4,3,1,3
2537,19.75,8.8333,0.941,0.1533,0.3067,0.7,5,high,house,hip,False,19,8,4,4,1,2,2
2538,19.3333,8.9167,0.984,0.3067,0.1533,0.84,6,high,house,gable,False,19,8,1,5,2,1,2
2539,19.9167,8.9167,0.932,0.1533,0.1533,0.84,6,high,house,gable,False,19,8,5,5,1,1,1
2540,19.25,9.0833,1.004,0.46,0.1533,0.84,6,high,house,gable,False,19,9,0,0,3,1,3
2541,19.5833,9.25,0.985,0.1533,0.46,0.98,7,high,house,hip,False,19,9,3,0,1,3,3
2542,19.0833,9.3333,1.038,0.1533,0.3067,0.56,4,high,house,hip,False,19,9,0,1,1,2,2
2543,19.4167,9.25,1.0,0.1533,0.1533,0.84,6,high,house,gable,False,19,9,2,1,1,1,1
2544,19.25,9.5833,1.039,0.1533,0.46,0.84,6,high,house,hip,False,19,9,1,2,1,3,3
2545,19.5,9.5833,1.015,0.3067,0.1533,0.98,7,high,house,gable,False,19,9,2,3,2,1,2
2546,19.0833,9.8333,1.073,0.1533,0.3067,0.84,6,high,house,hip,False,19,9,0,4,1,2,2
2547,19.5833,9.8333,1.023,0.1533,0.3067,0.7,5,high,house,hip,False,19,9,3,4,1,2,2
2548,19.3333,9.9167,1.053,0.3067,0.1533,0.56,4,high,house,gable,False,19,9,1,5,2,1,2
2549,19.1667,11.1667,1.144,0.3067,0.3067,0.84,6,high,house,gable,False,19,11,0,0,2,2,4
2550,19.6667,11.0833,1.087,0.3067,0.1533,0.7,5,high,house,gable,False,19,11,3,0,2,1,2
2551,19.8333,11.25,1.077,0.3067,0.1533,0.84,6,high,house,gable,False,19,11,4,1,2,1,2
2552,19.25,11.5,1.152,0.1533,0.3067,0.7,5,high,house,hip,False,19,11,1,2,1,2,2
2553,19.5833,11.5833,1.119,0.1533,0.46,0.84,6,high,house,hip,False,19,11,3,2,1,3,3
2554,19.9167,11.5833,1.083,0.1533,0.46,0.7,5,high,house,hip,False,19,11,5,2,1,3,3
2555,19.0833,11.75,1.182,0.1533,0.46,0.7,5,high,house,hip,False,19,11,0,3,1,3,3
2556,19.75,11.5833,1.101,0.1533,0.1533,0.56,4,high,house,gable,False,19,11,4,3,1,1,1
2557,19.25,11.9167,1.171,0.1533,0.1533,0.42,3,high,house,gable,False,19,11,1,5,1,1,1
2558,19.6667,11.9167,1.124,0.3067,0.1533,0.84,6,high,house,gable,False,19,11,3,5,2,1,2
2559,19.1667,12.1667,1.19,0.3067,0.3067,0.7,5,high,house,gable,False,19,12,0,0,2,2,4
2560,19.5833,12.0833,1.14,0.46,0.1533,0.7,5,high,house,gable,False,19,12,2,0,3,1,3
2561,19.9167,12.1667,1.106,0.1533,0.3067,0.56,4,high,house,hip,False,19,12,5,0,1,2,2
2562,19.5,12.5,1.165,0.3067,0.3067,0.98,7,high,house,gable,False,19,12,2,2,2,2,4
2563,19.0833,12.75,1.22,0.1533,0.46,0.84,6,high,house,hip,False,19,12,0,3,1,3,3
2564,19.25,12.5833,1.196,0.1533,0.1533,0.42,3,high,house,gable,False,19,12,1,3,1,1,1
2565,19.8333,12.5833,1.129,0.3067,0.1533,0.56,4,high,house,gable,False,19,12,4,3,2,1,2
2566,19.4167,12.8333,1.184,0.1533,0.3067,0.56,4,high,house,hip,False,19,12,2,4,1,2,2
2567,19.75,12.75,1.144,0.1533,0.1533,0.84,6,high,house,gable,False,19,12,4,4,1,1,1
2568,19.25,12.9167,1.206,0.1533,0.1533,0.84,6,high,house,gable,False,19,12,1,5,1,1,1
2569,19.5833,12.9167,1.167,0.1533,0.1533,0.56,4,high,house,gable,False,19,12,3,5,1,1,1
2570,19.0833,14.25,1.248,0.1533,0.46,0.84,6,high,house,hip,False,19,14,0,0,1,3,3
2571,19.5,14.25,1.199,0.3067,0.46,0.98,7,high,house,hip,False,19,14,2,0,2,3,6
2572,19.75,14.0833,1.168,0.1533,0.1533,0.7,5,high,house,gable,False,19,14,4,0,1,1,1
2573,19.25,14.25,1.229,0.1533,0.1533,0.56,4,high,house,gable,False,19,14,1,1,1,1,1
2574,19.75,14.4167,1.17,0.1533,0.1533,0.84,6,high,house,gable,False,19,14,4,2,1,1,1
2575,19.0833,14.5833,1.249,0.1533,0.1533,0.42,3,high,house,gable,False,19,14,0,3,1,1,1
2576,19.5,14.5833,1.2,0.3067,0.1533,0.98,7,high,house,gable,False,19,14,2,3,2,1,2
2577,19.25,14.8333,1.229,0.1533,0.3067,0.84,6,high,house,hip,False,19,14,1,4,1,2,2
2578,19.0833,14.9167,1.249,0.1533,0.1533,0.42,3,high,house,gable,False,19,14,0,5,1,1,1
2579,19.4167,14.9167,1.209,0.1533,0.1533,0.42,3,high,house,gable,False,19,14,2,5,1,1,1
2580,19.0833,15.25,1.246,0.1533,0.46,0.7,5,high,house,hip,False,19,15,0,0,1,3,3
2581,19.25,15.0833,1.228,0.1533,0.1533,0.56,4,high,house,gable,False,19,15,1,0,1,1,1
2582,19.8333,15.0833,1.159,0.3067,0.1533,0.84,6,high,house,gable,False,19,15,4,0,2,1,2
2583,19.5,15.25,1.197,0.3067,0.1533,0.84,6,high,house,gable,False,19,15,2,1,2,1,2
2584,19.9167,15.4167,1.147,0.1533,0.46,0.84,6,high,house,hip,False,19,15,5,1,1,3,3
2585,19.25,15.4167,1.225,0.1533,0.1533,0.42,3,high,house,gable,False,19,15,1,2,1,1,1
2586,19.5833,15.4167,1.186,0.1533,0.1533,0.84,6,high,house,gable,False,19,15,3,2,1,1,1
2587,19.0833,15.75,1.239,0.1533,0.46,0.7,5,high,house,hip,False,19,15,0,3,1,3,3
2588,19.4167,15.6667,1.201,0.1533,0.3067,0.7,5,high,house,hip,False,19,15,2,3,1,2,2
2589,19.75,15.75,1.161,0.1533,0.46,0.7,5,high,house,hip,False,19,15,4,3,1,3,3
2590,19.5833,15.8333,1.179,0.1533,0.3067,0.56,4,high,house,hip,False,19,15,3,4,1,2,2
2591,19.25,15.9167,1.216,0.1533,0.1533,0.7,5,high,house,gable,False,19,15,1,5,1,1,1
2592,19.9167,15.9167,1.139,0.1533,0.1533,0.42,3,high,house,gable,False,19,15,5,5,1,1,1
2593,19.1667,16.1667,1.22,0.3067,0.3067,0.84,6,high,house,gable,False,19,16,0,0,2,2,4
2594,19.8333,16.0833,1.145,0.3067,0.1533,0.7,5,high,house,gable,False,19,16,4,0,2,1,2
2595,19.5833,16.4167,1.166,0.1533,0.46,0.84,6,high,house,hip,False,19,16,3,1,1,3,3
2596,19.9167,16.4167,1.128,0.1533,0.46,0.84,6,high,house,hip,False,19,16,5,1,1,3,3
2597,19.0833,16.4167,1.223,0.1533,0.1533,0.84,6,high,house,gable,False,19,16,0,2,1,1,1
2598,19.4167,16.5,1.182,0.1533,0.3067,0.7,5,high,house,hip,False,19,16,2,2,1,2,2
2599,19.5833,16.8333,1.153,0.1533,0.3067,0.84,6,high,house,hip,False,19,16,3,4,1,2,2
2600,19.9167,16.8333,1.116,0.1533,0.3067,0.84,6,high,house,hip,False,19,16,5,4,1,2,2
2601,19.4167,16.9167,1.169,0.1533,0.1533,0.56,4,high,house,gable,False,19,16,2,5,1,1,1
2602,19.75,16.9167,1.131,0.1533,0.1533,0.56,4,high,house,gable,False,19,16,4,5,1,1,1
2603,19.3333,17.0833,1.172,0.3067,0.1533,0.56,4,high,house,gable,False,19,17,1,0,2,1,2
2604,19.75,17.0833,1.126,0.1533,0.1533,0.56,4,high,house,gable,False,19,17,4,0,1,1,1
2605,19.5,17.25,1.147,0.3067,0.1533,0.42,3,high,house,gable,False,19,17,2,1,2,1,2
2606,19.9167,17.3333,1.098,0.1533,0.3067,0.84,6,high,house,hip,False,19,17,5,1,1,2,2
2607,19.1667,17.5,1.173,0.3067,0.3067,0.84,6,high,house,gable,False,19,17,0,2,2,2,4
2608,19.5833,17.6667,1.12,0.1533,0.3067,0.7,5,high,house,hip,False,19,17,3,3,1,2,2
2609,19.0833,17.8333,1.166,0.1533,0.3067,0.84,6,high,house,hip,False,19,17,0,4,1,2,2
2610,19.4167,17.8333,1.131,0.1533,0.3067,0.56,4,high,house,hip,False,19,17,2,4,1,2,2
2611,19.8333,17.75,1.09,0.3067,0.1533,0.42,3,high,house,gable,False,19,17,4,4,2,1,2
2612,19.25,17.9167,1.144,0.1533,0.1533,0.7,5,high,house,gable,False,19,17,1,5,1,1,1
2613,19.75,17.9167,1.091,0.1533,0.1533,0.56,4,high,house,gable,False,19,17,4,5,1,1,1
2614,19.1667,19.1667,1.081,0.3067,0.3067,0.84,6,high,house,gable,False,19,19,0,0,2,2,4
2615,19.5833,19.0833,1.045,0.46,0.1533,0.84,6,high,house,gable,False,19,19,2,0,3,1,3
2616,19.8333,19.25,1.011,0.3067,0.1533,0.84,6,high,house,gable,False,19,19,4,1,2,1,2
2617,19.4167,19.4167,1.04,0.46,0.1533,0.84,6,high,house,gable,False,19,19,1,2,3,1,3
2618,19.75,19.4167,1.008,0.1533,0.1533,0.7,5,high,house,gable,False,19,19,4,2,1,1,1
2619,19.9167,19.75,0.972,0.1533,0.46,0.84,6,high,house,hip,False,19,19,5,3,1,3,3
2620,19.1667,19.8333,1.036,0.3067,0.3067,0.84,6,high,house,gable,False,19,19,0,4,2,2,4
2621,19.6667,19.8333,0.989,0.3067,0.3067,0.84,6,high,house,gable,False,19,19,3,4,2,2,4
2622,19.4167,19.9167,1.007,0.1533,0.1533,0.42,3,high,house,gable,False,19,19,2,5,1,1,1
2623,19.4167,20.0833,0.995,0.46,0.1533,0.56,4,high,house,gable,False,19,20,1,0,3,1,3
2624,19.6667,20.25,0.961,0.3067,0.1533,0.84,6,high,house,gable,False,19,20,3,1,2,1,2
2625,19.25,20.4167,0.986,0.46,0.1533,0.84,6,high,house,gable,False,19,20,0,2,3,1,3
2626,19.5833,20.4167,0.956,0.1533,0.1533,0.84,6,high,house,gable,False,19,20,3,2,1,1,1
2627,19.9167,20.5833,0.916,0.1533,0.46,0.56,4,high,house,hip,False,19,20,5,2,1,3,3
2628,19.0833,20.75,0.975,0.1533,0.46,0.56,4,high,house,hip,False,19,20,0,3,1,3,3
2629,19.4167,20.75,0.946,0.1533,0.46,0.56,4,high,house,hip,False,19,20,2,3,1,3,3
2630,19.75,20.5833,0.93,0.1533,0.1533,0.7,5,high,house,gable,False,19,20,4,3,1,1,1
2631,19.5833,20.75,0.932,0.1533,0.1533,0.42,3,high,house,gable,False,19,20,3,4,1,1,1
2632,19.25,20.9167,0.947,0.1533,0.1533,0.42,3,high,house,gable,False,19,20,1,5,1,1,1
2633,19.8333,20.9167,0.899,0.3067,0.1533,0.84,6,high,house,gable,False,19,20,4,5,2,1,2
2634,19.0833,21.0833,0.948,0.1533,0.1533,0.42,3,medium,house,gable,False,19,21,0,0,1,1,1
2635,19.0833,21.5833,0.907,0.1533,0.46,0.56,4,medium,house,hip,False,19,21,0,2,1,3,3
2636,19.5833,21.5,0.875,0.46,0.3067,0.42,3,medium,house,gable,False,19,21,2,2,3,2,6
2637,19.9167,21.4167,0.856,0.1533,0.1533,0.56,4,medium,house,gable,False,19,21,5,2,1,1,1
2638,19.25,21.5833,0.894,0.1533,0.1533,0.56,4,medium,house,gable,False,19,21,1,3,1,1,1
2639,19.9167,21.8333,0.825,0.1533,0.3067,0.56,4,medium,house,hip,False,19,21,5,4,1,2,2
2640,19.4167,21.9167,0.855,0.46,0.1533,0.56,4,medium,house,gable,False,19,21,1,5,3,1,3
2641,19.75,21.9167,0.83,0.1533,0.1533,0.28,2,medium,house,gable,False,19,21,4,5,1,1,1
2642,19.0833,22.25,0.851,0.1533,0.46,0.56,4,medium,house,hip,False,19,22,0,0,1,3,3
2643,19.8333,22.0833,0.812,0.3067,0.1533,0.42,3,medium,house,gable,False,19,22,4,0,2,1,2
2644,19.25,22.3333,0.832,0.1533,0.3067,0.56,4,medium,house,hip,False,19,22,1,1,1,2,2
2645,19.9167,22.25,0.793,0.1533,0.1533,0.28,2,medium,house,gable,False,19,22,5,1,1,1,1
2646,19.75,22.5833,0.778,0.1533,0.46,0.56,4,medium,house,hip,False,19,22,4,2,1,3,3
2647,19.0833,22.75,0.809,0.1533,0.46,0.56,4,medium,house,hip,False,19,22,0,3,1,3,3
2648,19.5833,22.5833,0.789,0.1533,0.1533,0.42,3,medium,house,gable,False,19,22,3,3,1,1,1
2649,19.9167,22.75,0.754,0.1533,0.46,0.56,4,medium,house,hip,False,19,22,5,3,1,3,3
2650,19.25,22.8333,0.79,0.1533,0.3067,0.42,3,medium,house,hip,False,19,22,1,4,1,2,2
2651,19.75,22.9167,0.751,0.1533,0.1533,0.42,3,medium,house,gable,False,19,22,4,5,1,1,1
2652,19.5,23.4167,0.726,0.3067,0.1533,0.42,3,low,house,gable,False,19,23,2,2,2,1,2
2653,19.4167,23.5833,0.716,0.1533,0.1533,0.14,1,low,house,gable,False,19,23,2,3,1,1,1
2654,19.25,23.75,0.712,0.1533,0.1533,0.14,1,low,house,gable,False,19,23,1,4,1,1,1
2655,19.5833,25.75,0.528,0.1533,0.46,0.42,3,low,house,hip,False,19,25,3,3,1,3,3
2656,19.4167,25.75,0.535,0.1533,0.1533,0.42,3,low,house,gable,False,19,25,2,4,1,1,1
2657,19.75,25.8333,0.516,0.1533,0.3067,0.28,2,low,house,hip,False,19,25,4,4,1,2,2
2658,19.4167,26.5833,0.466,0.46,0.1533,0.42,3,low,house,gable,False,19,26,1,3,3,1,3
2659,19.4167,26.75,0.453,0.1533,0.1533,0.28,2,low,house,gable,False,19,26,2,4,1,1,1
2660,19.1667,27.8333,0.372,0.3067,0.3067,0.42,3,low,house,gable,False,19,27,0,4,2,2,4
2661,19.4167,27.9167,0.359,0.1533,0.1533,0.42,3,low,house,gable,False,19,27,2,5,1,1,1
2662,20.25,2.0833,0.411,0.46,0.1533,0.42,3,low,house,gable,False,20,2,0,0,3,1,3
2663,20.5833,2.25,0.416,0.1533,0.46,0.28,2,low,house,hip,False,20,2,3,0,1,3,3
2664,20.75,2.0833,0.402,0.1533,0.1533,0.14,1,low,house,gable,False,20,2,4,0,1,1,1
2665,20.3333,2.25,0.421,0.3067,0.1533,0.42,3,low,house,gable,False,20,2,1,1,2,1,2
2666,20.75,2.4167,0.424,0.1533,0.1533,0.28,2,low,house,gable,False,20,2,4,2,1,1,1
2667,20.5833,2.75,0.45,0.1533,0.1533,0.14,1,low,house,gable,False,20,2,3,4,1,1,1
2668,20.25,3.5833,0.518,0.1533,0.46,0.42,3,low,house,hip,False,20,3,1,2,1,3,3
2669,20.0833,3.5833,0.524,0.1533,0.1533,0.28,2,low,house,gable,False,20,3,0,3,1,1,1
2670,20.4167,3.5833,0.513,0.1533,0.1533,0.28,2,low,house,gable,False,20,3,2,3,1,1,1
2671,20.25,4.75,0.604,0.1533,0.1533,0.42,3,low,house,gable,False,20,4,1,4,1,1,1
2672,20.4167,5.3333,0.639,0.1533,0.3067,0.42,3,low,house,hip,False,20,5,2,1,1,2,2
2673,20.25,5.4167,0.653,0.1533,0.1533,0.28,2,low,house,gable,False,20,5,1,2,1,1,1
2674,20.75,6.0833,0.675,0.46,0.1533,0.56,4,medium,house,gable,False,20,6,3,0,3,1,3
2675,20.5833,6.4167,0.707,0.1533,0.46,0.56,4,medium,house,hip,False,20,6,3,1,1,3,3
2676,20.9167,6.4167,0.688,0.1533,0.46,0.42,3,medium,house,hip,False,20,6,5,1,1,3,3
2677,20.1667,6.4167,0.732,0.3067,0.1533,0.42,3,medium,house,gable,False,20,6,0,2,2,1,2
2678,20.75,6.4167,0.697,0.1533,0.1533,0.42,3,medium,house,gable,False,20,6,4,2,1,1,1
2679,20.0833,6.5833,0.75,0.1533,0.1533,0.28,2,medium,house,gable,False,20,6,0,3,1,1,1
2680,20.4167,6.5833,0.729,0.1533,0.1533,0.28,2,medium,house,gable,False,20,6,2,3,1,1,1
2681,20.25,6.8333,0.758,0.1533,0.3067,0.42,3,medium,house,hip,False,20,6,1,4,1,2,2
2682,20.75,6.75,0.72,0.46,0.1533,0.42,3,medium,house,gable,False,20,6,3,4,3,1,3
2683,20.0833,6.9167,0.775,0.1533,0.1533,0.56,4,medium,house,gable,False,20,6,0,5,1,1,1
2684,20.4167,6.9167,0.753,0.1533,0.1533,0.28,2,medium,house,gable,False,20,6,2,5,1,1,1
2685,20.8333,6.9167,0.726,0.3067,0.1533,0.56,4,medium,house,gable,False,20,6,4,5,2,1,2
2686,20.25,7.0833,0.776,0.46,0.1533,0.84,6,high,house,gable,False,20,7,0,0,3,1,3
2687,20.5833,7.1667,0.759,0.1533,0.3067,0.84,6,high,house,hip,False,20,7,3,0,1,2,2
2688,20.0833,7.4167,0.812,0.1533,0.46,0.84,6,high,house,hip,False,20,7,0,1,1,3,3
2689,20.4167,7.4167,0.788,0.1533,0.46,0.98,7,high,house,hip,False,20,7,2,1,1,3,3
2690,20.5833,7.75,0.799,0.1533,0.46,0.7,5,high,house,hip,False,20,7,3,3,1,3,3
2691,20.1667,7.75,0.83,0.3067,0.1533,0.42,3,high,house,gable,False,20,7,0,4,2,1,2
2692,20.3333,7.9167,0.829,0.3067,0.1533,0.84,6,high,house,gable,False,20,7,1,5,2,1,2
2693,20.5833,8.5833,0.853,0.11,0.11,1.82,13,high,tower,flat,True,20,8,3,3,1,1,1
2694,20.25,8.0833,0.847,0.46,0.1533,0.7,5,high,house,gable,False,20,8,0,0,3,1,3
2695,20.8333,8.0833,0.802,0.3067,0.1533,0.56,4,high,house,gable,False,20,8,4,0,2,1,2
2696,20.0833,8.4167,0.883,0.1533,0.46,0.84,6,high,house,hip,False,20,8,0,1,1,3,3
2697,20.5833,8.25,0.832,0.1533,0.1533,0.42,3,high,house,gable,False,20,8,3,1,1,1,1
2698,20.9167,8.4167,0.816,0.1533,0.46,0.84,6,high,house,hip,False,20,8,5,1,1,3,3
2699,20.3333,8.4167,0.863,0.3067,0.1533,0.7,5,high,house,gable,False,20,8,1,2,2,1,2
2700,20.75,8.5833,0.839,0.1533,0.46,0.42,3,high,house,hip,False,20,8,4,2,1,3,3
2701,20.4167,8.75,0.877,0.1533,0.46,0.84,6,high,house,hip,False,20,8,2,3,1,3,3
2702,20.25,8.8333,0.897,0.1533,0.3067,0.84,6,high,house,hip,False,20,8,1,4,1,2,2
2703,20.0833,8.9167,0.917,0.1533,0.1533,0.7,5,high,house,gable,False,20,8,0,5,1,1,1
2704,20.5833,8.9167,0.874,0.1533,0.1533,0.56,4,high,house,gable,False,20,8,3,5,1,1,1
2705,20.25,9.0833,0.913,0.46,0.1533,0.84,6,high,house,gable,False,20,9,0,0,3,1,3
2706,20.0833,9.4167,0.949,0.1533,0.46,0.84,6,high,house,hip,False,20,9,0,1,1,3,3
2707,20.4167,9.4167,0.919,0.1533,0.46,0.84,6,high,house,hip,False,20,9,2,1,1,3,3
2708,20.25,9.4167,0.934,0.1533,0.1533,0.7,5,high,house,gable,False,20,9,1,2,1,1,1
2709,20.9167,9.5833,0.883,0.1533,0.46,0.84,6,high,house,hip,False,20,9,5,2,1,3,3
2710,20.75,9.5833,0.898,0.1533,0.1533,0.84,6,high,house,gable,False,20,9,4,3,1,1,1
2711,20.0833,9.8333,0.975,0.1533,0.3067,0.7,5,high,house,hip,False,20,9,0,4,1,2,2
2712,20.5833,9.8333,0.928,0.1533,0.3067,0.7,5,high,house,hip,False,20,9,3,4,1,2,2
2713,20.3333,9.9167,0.956,0.3067,0.1533,0.84,6,high,house,gable,False,20,9,1,5,2,1,2
2714,20.0833,10.0833,0.99,0.1533,0.1533,0.56,4,high,house,gable,False,20,10,0,0,1,1,1
2715,20.5833,10.1667,0.946,0.46,0.3067,0.84,6,high,house,gable,False,20,10,2,0,3,2,6
2716,20.9167,10.25,0.918,0.1533,0.46,0.7,5,high,house,hip,False,20,10,5,0,1,3,3
2717,20.1667,10.6667,1.013,0.3067,0.3067,0.84,6,high,house,gable,False,20,10,0,3,2,2,4
2718,20.5833,10.5833,0.967,0.46,0.1533,0.7,5,high,house,gable,False,20,10,2,3,3,1,3
2719,20.8333,10.8333,0.954,0.3067,0.3067,0.84,6,high,house,gable,False,20,10,4,4,2,2,4
2720,20.5833,10.9167,0.983,0.1533,0.1533,0.84,6,high,house,gable,False,20,10,3,5,1,1,1
2721,20.25,12.0833,1.066,0.46,0.1533,0.7,5,high,house,gable,False,20,12,0,0,3,1,3
2722,20.75,12.0833,1.011,0.1533,0.1533,0.84,6,high,house,gable,False,20,12,4,0,1,1,1
2723,20.9167,12.25,0.998,0.1533,0.1533,0.84,6,high,house,gable,False,20,12,5,1,1,1,1
2724,20.1667,12.5,1.089,0.3067,0.3067,0.7,5,high,house,gable,False,20,12,0,2,2,2,4
2725,20.6667,12.5,1.033,0.3067,0.3067,0.98,7,high,house,gable,False,20,12,3,2,2,2,4
2726,20.9167,12.75,1.012,0.1533,0.46,0.84,6,high,house,hip,False,20,12,5,3,1,3,3
2727,20.0833,12.8333,1.108,0.1533,0.3067,0.7,5,high,house,hip,False,20,12,0,4,1,2,2
2728,20.4167,12.8333,1.07,0.1533,0.3067,0.56,4,high,house,hip,False,20,12,2,4,1,2,2
2729,20.25,12.9167,1.091,0.1533,0.1533,0.56,4,high,house,gable,False,20,12,1,5,1,1,1
2730,20.6667,12.9167,1.043,0.3067,0.1533,0.84,6,high,house,gable,False,20,12,3,5,2,1,2
2731,20.1667,13.1667,1.106,0.3067,0.3067,0.84,6,high,house,gable,False,20,13,0,0,2,2,4
2732,20.75,13.0833,1.038,0.46,0.1533,0.56,4,high,house,gable,False,20,13,3,0,3,1,3
2733,20.5833,13.3333,1.061,0.1533,0.3067,0.7,5,high,house,hip,False,20,13,3,1,1,2,2
2734,20.9167,13.4167,1.025,0.1533,0.46,0.56,4,high,house,hip,False,20,13,5,1,1,3,3
2735,20.75,13.5833,1.046,0.1533,0.46,0.7,5,high,house,hip,False,20,13,4,2,1,3,3
2736,20.1667,13.75,1.116,0.3067,0.46,0.84,6,high,house,hip,False,20,13,0,3,2,3,6
2737,20.4167,13.5833,1.085,0.1533,0.1533,0.56,4,high,house,gable,False,20,13,2,3,1,1,1
2738,20.5833,13.75,1.068,0.1533,0.1533,0.84,6,high,house,gable,False,20,13,3,4,1,1,1
2739,20.8333,13.9167,1.041,0.3067,0.1533,0.84,6,high,house,gable,False,20,13,4,5,2,1,2
2740,20.25,14.0833,1.11,0.1533,0.1533,0.56,4,high,house,gable,False,20,14,1,0,1,1,1
2741,20.0833,14.5833,1.132,0.1533,0.46,0.84,6,high,house,hip,False,20,14,0,2,1,3,3
2742,20.25,14.4167,1.112,0.1533,0.1533,0.84,6,high,house,gable,False,20,14,1,2,1,1,1
2743,20.8333,14.5,1.044,0.3067,0.3067,0.84,6,high,house,gable,False,20,14,4,2,2,2,4
2744,20.4167,14.75,1.093,0.1533,0.46,0.84,6,high,house,hip,False,20,14,2,3,1,3,3
2745,20.5833,14.5833,1.073,0.1533,0.1533,0.56,4,high,house,gable,False,20,14,3,3,1,1,1
2746,20.25,14.8333,1.112,0.1533,0.3067,0.7,5,high,house,hip,False,20,14,1,4,1,2,2
2747,20.9167,14.75,1.035,0.1533,0.1533,0.42,3,high,house,gable,False,20,14,5,4,1,1,1
2748,20.6667,14.9167,1.063,0.3067,0.1533,0.56,4,high,house,gable,False,20,14,3,5,2,1,2
2749,20.25,15.0833,1.111,0.46,0.1533,0.56,4,high,house,gable,False,20,15,0,0,3,1,3
2750,20.6667,15.25,1.061,0.3067,0.46,0.7,5,high,house,hip,False,20,15,3,0,2,3,6
2751,20.9167,15.25,1.033,0.1533,0.46,0.84,6,high,house,hip,False,20,15,5,0,1,3,3
2752,20.0833,15.3333,1.128,0.1533,0.3067,0.56,4,high,house,hip,False,20,15,0,1,1,2,2
2753,20.25,15.5,1.107,0.1533,0.3067,0.84,6,high,house,hip,False,20,15,1,2,1,2,2
2754,20.75,15.5833,1.048,0.46,0.1533,0.84,6,high,house,gable,False,20,15,3,3,3,1,3
2755,20.4167,15.8333,1.083,0.1533,0.3067,0.56,4,high,house,hip,False,20,15,2,4,1,2,2
2756,20.6667,15.9167,1.053,0.3067,0.1533,0.7,5,high,house,gable,False,20,15,3,5,2,1,2
2757,20.4167,16.0833,1.078,0.1533,0.1533,0.7,5,high,house,gable,False,20,16,2,0,1,1,1
2758,20.8333,16.25,1.028,0.3067,0.46,0.84,6,high,house,hip,False,20,16,4,0,2,3,6
2759,20.25,16.25,1.094,0.1533,0.1533,0.42,3,high,house,gable,False,20,16,1,1,1,1,1
2760,20.5833,16.25,1.056,0.1533,0.1533,0.7,5,high,house,gable,False,20,16,3,1,1,1,1
2761,20.0833,16.5833,1.104,0.1533,0.46,0.84,6,high,house,hip,False,20,16,0,2,1,3,3
2762,20.3333,16.5833,1.076,0.3067,0.1533,0.98,7,high,house,gable,False,20,16,1,3,2,1,2
2763,20.9167,16.75,1.007,0.1533,0.46,0.7,5,high,house,hip,False,20,16,5,3,1,3,3
2764,20.5,16.75,1.053,0.3067,0.1533,0.84,6,high,house,gable,False,20,16,2,4,2,1,2
2765,20.25,16.9167,1.076,0.46,0.1533,0.84,6,high,house,gable,False,20,16,0,5,3,1,3
2766,20.75,16.9167,1.021,0.1533,0.1533,0.7,5,high,house,gable,False,20,16,4,5,1,1,1
2767,20.25,17.0833,1.07,0.46,0.1533,0.7,5,high,house,gable,False,20,17,0,0,3,1,3
2768,20.5833,17.25,1.028,0.1533,0.46,0.84,6,high,house,hip,False,20,17,3,0,1,3,3
2769,20.0833,17.4167,1.076,0.1533,0.46,0.84,6,high,house,hip,False,20,17,0,1,1,3,3
2770,20.9167,17.4167,0.987,0.1533,0.46,0.84,6,high,house,hip,False,20,17,5,1,1,3,3
2771,20.3333,17.4167,1.049,0.3067,0.1533,0.84,6,high,house,gable,False,20,17,1,2,2,1,2
2772,20.4167,17.75,1.028,0.1533,0.46,0.7,5,high,house,hip,False,20,17,2,3,1,3,3
2773,20.0833,17.8333,1.059,0.1533,0.3067,0.7,5,high,house,hip,False,20,17,0,4,1,2,2
2774,20.8333,17.75,0.984,0.3067,0.1533,0.84,6,high,house,gable,False,20,17,4,4,2,1,2
2775,20.25,17.9167,1.038,0.1533,0.1533,0.42,3,high,house,gable,False,20,17,1,5,1,1,1
2776,20.5833,17.9167,1.003,0.1533,0.1533,0.56,4,high,house,gable,False,20,17,3,5,1,1,1
2777,20.9167,17.9167,0.969,0.1533,0.1533,0.56,4,high,house,gable,False,20,17,5,5,1,1,1
2778,20.0833,18.1667,1.044,0.1533,0.3067,0.84,6,high,house,hip,False,20,18,0,0,1,2,2
2779,20.5,18.0833,1.005,0.3067,0.1533,0.7,5,high,house,gable,False,20,18,2,0,2,1,2
2780,20.25,18.3333,1.019,0.1533,0.3067,0.84,6,high,house,hip,False,20,18,1,1,1,2,2
2781,20.5833,18.4167,0.981,0.1533,0.46,0.98,7,high,house,hip,False,20,18,3,1,1,3,3
2782,20.9167,18.4167,0.949,0.1533,0.46,0.84,6,high,house,hip,False,20,18,5,1,1,3,3
2783,20.4167,18.4167,0.998,0.1533,0.1533,0.84,6,high,house,gable,False,20,18,2,2,1,1,1
2784,20.75,18.5833,0.957,0.1533,0.1533,0.56,4,high,house,gable,False,20,18,4,3,1,1,1
2785,20.4167,18.75,0.982,0.1533,0.1533,0.42,3,high,house,gable,False,20,18,2,4,1,1,1
2786,20.25,18.9167,0.989,0.1533,0.1533,0.42,3,high,house,gable,False,20,18,1,5,1,1,1
2787,20.5833,20.0833,0.892,0.46,0.1533,0.7,5,high,house,gable,False,20,20,2,0,3,1,3
2788,20.9167,20.25,0.854,0.1533,0.46,0.7,5,high,house,hip,False,20,20,5,0,1,3,3
2789,20.5833,20.4167,0.872,0.1533,0.46,0.84,6,high,house,hip,False,20,20,3,1,1,3,3
2790,20.4167,20.5,0.88,0.1533,0.3067,0.98,7,high,house,hip,False,20,20,2,2,1,2,2
2791,20.75,20.5,0.853,0.1533,0.3067,0.56,4,high,house,hip,False,20,20,4,2,1,2,2
2792,20.0833,20.75,0.891,0.1533,0.46,0.84,6,high,house,hip,False,20,20,0,3,1,3,3
2793,20.25,20.75,0.877,0.1533,0.1533,0.7,5,high,house,gable,False,20,20,1,4,1,1,1
2794,20.5833,20.8333,0.845,0.1533,0.3067,0.7,5,high,house,hip,False,20,20,3,4,1,2,2
2795,20.4167,20.9167,0.853,0.1533,0.1533,0.84,6,high,house,gable,False,20,20,2,5,1,1,1
2796,20.25,21.0833,0.854,0.46,0.1533,0.56,4,medium,house,gable,False,20,21,0,0,3,1,3
2797,20.5833,21.0833,0.829,0.1533,0.1533,0.42,3,medium,house,gable,False,20,21,3,0,1,1,1
2798,20.0833,21.25,0.855,0.1533,0.1533,0.42,3,medium,house,gable,False,20,21,0,1,1,1,1
2799,20.4167,21.25,0.83,0.1533,0.1533,0.42,3,medium,house,gable,False,20,21,2,1,1,1,1
2800,20.5833,21.5,0.801,0.1533,0.3067,0.42,3,medium,house,hip,False,20,21,3,2,1,2,2
2801,20.25,21.5833,0.819,0.46,0.1533,0.56,4,medium,house,gable,False,20,21,0,3,3,1,3
2802,20.75,21.6667,0.778,0.1533,0.3067,0.56,4,medium,house,hip,False,20,21,4,3,1,2,2
2803,20.0833,21.8333,0.813,0.1533,0.3067,0.42,3,medium,house,hip,False,20,21,0,4,1,2,2
2804,20.4167,21.8333,0.79,0.1533,0.3067,0.56,4,medium,house,hip,False,20,21,2,4,1,2,2
2805,20.9167,21.75,0.762,0.1533,0.1533,0.28,2,medium,house,gable,False,20,21,5,4,1,1,1
2806,20.25,21.9167,0.795,0.1533,0.1533,0.56,4,medium,house,gable,False,20,21,1,5,1,1,1
2807,20.5833,21.9167,0.773,0.1533,0.1533,0.56,4,medium,house,gable,False,20,21,3,5,1,1,1
2808,20.5,22.25,0.755,0.3067,0.1533,0.14,1,low,house,gable,False,20,22,2,1,2,1,2
2809,20.6667,22.4167,0.733,0.3067,0.1533,0.28,2,low,house,gable,False,20,22,3,2,2,1,2
2810,20.0833,23.25,0.705,0.1533,0.46,0.56,4,medium,house,hip,False,20,23,0,0,1,3,3
2811,20.5833,23.0833,0.69,0.46,0.1533,0.56,4,medium,house,gable,False,20,23,2,0,3,1,3
2812,20.9167,23.1667,0.667,0.1533,0.3067,0.42,3,medium,house,hip,False,20,23,5,0,1,2,2
2813,20.4167,23.4167,0.675,0.1533,0.46,0.56,4,medium,house,hip,False,20,23,2,1,1,3,3
2814,20.6667,23.4167,0.662,0.3067,0.1533,0.42,3,medium,house,gable,False,20,23,3,2,2,1,2
2815,20.75,23.75,0.634,0.1533,0.46,0.42,3,medium,house,hip,False,20,23,4,3,1,3,3
2816,20.9167,23.5833,0.639,0.1533,0.1533,0.56,4,medium,house,gable,False,20,23,5,3,1,1,1
2817,20.5833,23.75,0.642,0.1533,0.1533,0.28,2,medium,house,gable,False,20,23,3,4,1,1,1
2818,20.9167,23.9167,0.616,0.1533,0.1533,0.42,3,medium,house,gable,False,20,23,5,5,1,1,1
2819,20.5,25.75,0.499,0.3067,0.1533,0.28,2,low,house,gable,False,20,25,2,4,2,1,2
2820,20.4167,25.9167,0.489,0.1533,0.1533,0.42,3,low,house,gable,False,20,25,2,5,1,1,1
2821,21.5833,2.1667,0.399,0.1533,0.3067,0.14,1,low,house,hip,False,21,2,3,0,1,2,2
2822,21.3333,2.3333,0.411,0.3067,0.3067,0.28,2,low,house,gable,False,21,2,1,1,2,2,4
2823,21.5833,2.6667,0.428,0.1533,0.3067,0.28,2,low,house,hip,False,21,2,3,3,1,2,2
2824,21.25,2.75,0.438,0.46,0.1533,0.42,3,low,house,gable,False,21,2,0,4,3,1,3
2825,21.3333,2.9167,0.447,0.3067,0.1533,0.42,3,low,house,gable,False,21,2,1,5,2,1,2
2826,21.25,3.0833,0.459,0.46,0.1533,0.42,3,low,house,gable,False,21,3,0,0,3,1,3
2827,21.3333,3.25,0.467,0.3067,0.1533,0.42,3,low,house,gable,False,21,3,1,1,2,1,2
2828,21.6667,5.8333,0.614,0.3067,0.3067,0.42,3,low,house,gable,False,21,5,3,4,2,2,4
2829,21.9167,6.5833,0.645,0.1533,0.46,0.42,3,low,house,hip,False,21,6,5,2,1,3,3
2830,21.25,6.5833,0.68,0.1533,0.1533,0.28,2,low,house,gable,False,21,6,1,3,1,1,1
2831,21.75,6.5833,0.653,0.1533,0.1533,0.28,2,low,house,gable,False,21,6,4,3,1,1,1
2832,21.5,6.75,0.676,0.3067,0.1533,0.42,3,low,house,gable,False,21,6,2,4,2,1,2
2833,21.5833,6.9167,0.682,0.1533,0.1533,0.14,1,low,house,gable,False,21,6,3,5,1,1,1
2834,21.25,7.0833,0.711,0.46,0.1533,0.56,4,high,house,gable,False,21,7,0,0,3,1,3
2835,21.4167,7.25,0.711,0.46,0.1533,0.84,6,high,house,gable,False,21,7,1,1,3,1,3
2836,21.75,7.5,0.705,0.1533,0.3067,0.84,6,high,house,hip,False,21,7,4,2,1,2,2
2837,21.25,7.5833,0.741,0.46,0.1533,0.98,7,high,house,gable,False,21,7,0,3,3,1,3
2838,21.5833,7.5833,0.72,0.1533,0.1533,0.7,5,high,house,gable,False,21,7,3,3,1,1,1
2839,21.9167,7.75,0.708,0.1533,0.46,0.7,5,high,house,hip,False,21,7,5,3,1,3,3
2840,21.0833,7.8333,0.768,0.1533,0.3067,0.84,6,high,house,hip,False,21,7,0,4,1,2,2
2841,21.4167,7.9167,0.75,0.46,0.1533,0.84,6,high,house,gable,False,21,7,1,5,3,1,3
2842,21.75,7.9167,0.727,0.1533,0.1533,0.84,6,high,house,gable,False,21,7,4,5,1,1,1
2843,21.1667,8.0833,0.777,0.3067,0.1533,0.7,5,high,house,gable,False,21,8,0,0,2,1,2
2844,21.75,8.0833,0.736,0.46,0.1533,0.56,4,high,house,gable,False,21,8,3,0,3,1,3
2845,21.25,8.4167,0.791,0.1533,0.46,0.7,5,high,house,hip,False,21,8,1,1,1,3,3
2846,21.5833,8.25,0.757,0.1533,0.1533,0.7,5,high,house,gable,False,21,8,3,1,1,1,1
2847,21.9167,8.3333,0.738,0.1533,0.3067,0.84,6,high,house,hip,False,21,8,5,1,1,2,2
2848,21.0833,8.5833,0.813,0.1533,0.46,0.84,6,high,house,hip,False,21,8,0,2,1,3,3
2849,21.4167,8.4167,0.778,0.1533,0.1533,0.98,7,high,house,gable,False,21,8,2,2,1,1,1
2850,21.75,8.4167,0.754,0.1533,0.1533,0.42,3,high,house,gable,False,21,8,4,2,1,1,1
2851,21.5833,8.6667,0.779,0.1533,0.3067,0.56,4,high,house,hip,False,21,8,3,3,1,2,2
2852,21.8333,8.8333,0.769,0.3067,0.3067,0.84,6,high,house,gable,False,21,8,4,4,2,2,4
2853,21.25,8.9167,0.819,0.46,0.1533,0.84,6,high,house,gable,False,21,8,0,5,3,1,3
2854,21.25,9.0833,0.828,0.46,0.1533,0.56,4,high,house,gable,False,21,9,0,0,3,1,3
2855,21.75,9.0833,0.788,0.46,0.1533,0.7,5,high,house,gable,False,21,9,3,0,3,1,3
2856,21.0833,9.25,0.851,0.1533,0.1533,0.84,6,high,house,gable,False,21,9,0,1,1,1,1
2857,21.8333,9.25,0.789,0.3067,0.1533,0.84,6,high,house,gable,False,21,9,4,1,2,1,2
2858,21.25,9.5833,0.854,0.1533,0.46,0.42,3,high,house,hip,False,21,9,1,2,1,3,3
2859,21.5833,9.5,0.821,0.1533,0.3067,0.98,7,high,house,hip,False,21,9,3,2,1,2,2
2860,21.0833,9.75,0.877,0.1533,0.46,0.84,6,high,house,hip,False,21,9,0,3,1,3,3
2861,21.8333,9.6667,0.809,0.3067,0.3067,0.84,6,high,house,gable,False,21,9,4,3,2,2,4
2862,21.4167,9.9167,0.856,0.46,0.1533,0.84,6,high,house,gable,False,21,9,1,5,3,1,3
2863,21.75,9.9167,0.827,0.1533,0.1533,0.56,4,high,house,gable,False,21,9,4,5,1,1,1
2864,21.1667,10.0833,0.886,0.3067,0.1533,0.7,5,high,house,gable,False,21,10,0,0,2,1,2
2865,21.5833,10.0833,0.849,0.1533,0.1533,0.7,5,high,house,gable,False,21,10,3,0,1,1,1
2866,21.0833,10.25,0.902,0.1533,0.1533,0.56,4,high,house,gable,False,21,10,0,1,1,1,1
2867,21.4167,10.25,0.871,0.1533,0.1533,0.84,6,high,house,gable,False,21,10,2,1,1,1,1
2868,21.25,10.5833,0.902,0.1533,0.46,0.7,5,high,house,hip,False,21,10,1,2,1,3,3
2869,21.9167,10.5833,0.84,0.1533,0.46,0.7,5,high,house,hip,False,21,10,5,2,1,3,3
2870,21.0833,10.5833,0.918,0.1533,0.1533,0.7,5,high,house,gable,False,21,10,0,3,1,1,1
2871,21.5833,10.75,0.877,0.1533,0.46,0.84,6,high,house,hip,False,21,10,3,3,1,3,3
2872,21.75,10.5833,0.855,0.1533,0.1533,0.84,6,high,house,gable,False,21,10,4,3,1,1,1
2873,21.25,10.9167,0.916,0.46,0.1533,0.7,5,high,house,gable,False,21,10,0,5,3,1,3
2874,21.8333,10.9167,0.86,0.3067,0.1533,0.7,5,high,house,gable,False,21,10,4,5,2,1,2
2875,21.8333,12.25,0.902,0.3067,0.46,0.7,5,high,house,hip,False,21,12,4,0,2,3,6
2876,21.0833,12.5833,0.989,0.1533,0.46,0.84,6,high,house,hip,False,21,12,0,2,1,3,3
2877,21.5833,12.4167,0.932,0.1533,0.1533,0.84,6,high,house,gable,False,21,12,3,2,1,1,1
2878,21.25,12.75,0.975,0.1533,0.46,0.84,6,high,house,hip,False,21,12,1,3,1,3,3
2879,21.75,12.75,0.922,0.1533,0.46,0.84,6,high,house,hip,False,21,12,4,3,1,3,3
2880,21.9167,12.5833,0.901,0.1533,0.1533,0.84,6,high,house,gable,False,21,12,5,3,1,1,1
2881,21.5833,12.8333,0.941,0.1533,0.3067,0.7,5,high,house,hip,False,21,12,3,4,1,2,2
2882,21.0833,12.9167,0.997,0.1533,0.1533,0.7,5,high,house,gable,False,21,12,0,5,1,1,1
2883,21.9167,12.9167,0.908,0.1533,0.1533,0.84,6,high,house,gable,False,21,12,5,5,1,1,1
2884,21.1667,13.0833,0.991,0.3067,0.1533,0.84,6,high,house,gable,False,21,13,0,0,2,1,2
2885,21.5833,13.1667,0.947,0.1533,0.3067,0.7,5,high,house,hip,False,21,13,3,0,1,2,2
2886,21.9167,13.25,0.913,0.1533,0.46,0.7,5,high,house,hip,False,21,13,5,0,1,3,3
2887,21.25,13.3333,0.986,0.1533,0.3067,0.84,6,high,house,hip,False,21,13,1,1,1,2,2
2888,21.75,13.25,0.931,0.1533,0.1533,0.42,3,high,house,gable,False,21,13,4,1,1,1,1
2889,21.0833,13.5833,1.009,0.1533,0.46,0.7,5,high,house,hip,False,21,13,0,2,1,3,3
2890,21.5,13.5833,0.963,0.3067,0.1533,0.98,7,high,house,gable,False,21,13,2,3,2,1,2
2891,21.9167,13.6667,0.919,0.1533,0.3067,0.56,4,high,house,hip,False,21,13,5,3,1,2,2
2892,21.25,13.8333,0.993,0.1533,0.3067,0.7,5,high,house,hip,False,21,13,1,4,1,2,2
2893,21.5833,13.8333,0.956,0.1533,0.3067,0.84,6,high,house,hip,False,21,13,3,4,1,2,2
2894,21.0833,13.9167,1.013,0.1533,0.1533,0.42,3,high,house,gable,False,21,13,0,5,1,1,1
2895,21.4167,14.75,0.979,0.11,0.11,1.82,13,high,tower,flat,True,21,14,2,4,1,1,1
2896,21.5,14.0833,0.967,0.3067,0.1533,0.7,5,high,house,gable,False,21,14,2,0,2,1,2
2897,21.5833,14.4167,0.96,0.1533,0.46,0.7,5,high,house,hip,False,21,14,3,1,1,3,3
2898,21.1667,14.5,1.006,0.3067,0.3067,0.84,6,high,house,gable,False,21,14,0,2,2,2,4
2899,21.25,14.8333,0.997,0.1533,0.3067,0.84,6,high,house,hip,False,21,14,1,4,1,2,2
2900,21.5833,14.75,0.96,0.1533,0.1533,0.42,3,high,house,gable,False,21,14,3,4,1,1,1
2901,21.9167,14.75,0.924,0.1533,0.1533,0.42,3,high,house,gable,False,21,14,5,4,1,1,1
2902,21.0833,14.9167,1.016,0.1533,0.1533,0.42,3,high,house,gable,False,21,14,0,5,1,1,1
2903,21.4167,14.9167,0.978,0.1533,0.1533,0.84,6,high,house,gable,False,21,14,2,5,1,1,1
2904,21.25,15.0833,0.996,0.46,0.1533,0.84,6,high,house,gable,False,21,15,0,0,3,1,3
2905,21.75,15.0833,0.941,0.46,0.1533,0.7,5,high,house,gable,False,21,15,3,0,3,1,3
2906,21.0833,15.25,1.014,0.1533,0.1533,0.56,4,high,house,gable,False,21,15,0,1,1,1,1
2907,21.5833,15.25,0.959,0.1533,0.1533,0.56,4,high,house,gable,False,21,15,3,1,1,1,1
2908,21.9167,15.25,0.923,0.1533,0.1533,0.84,6,high,house,gable,False,21,15,5,1,1,1,1
2909,21.3333,15.4167,0.985,0.3067,0.1533,0.98,7,high,house,gable,False,21,15,1,2,2,1,2
2910,21.75,15.5,0.939,0.1533,0.3067,0.84,6,high,house,hip,False,21,15,4,2,1,2,2
2911,21.0833,15.6667,1.01,0.1533,0.3067,0.84,6,high,house,hip,False,21,15,0,3,1,2,2
2912,21.4167,15.75,0.972,0.1533,0.46,0.84,6,high,house,hip,False,21,15,2,3,1,3,3
2913,21.5833,15.5833,0.956,0.1533,0.1533,0.84,6,high,house,gable,False,21,15,3,3,1,1,1
2914,21.9167,15.75,0.918,0.1533,0.46,0.84,6,high,house,hip,False,21,15,5,3,1,3,3
2915,21.25,15.8333,0.989,0.1533,0.3067,0.84,6,high,house,hip,False,21,15,1,4,1,2,2
2916,21.6667,15.9167,0.943,0.3067,0.1533,0.7,5,high,house,gable,False,21,15,3,5,2,1,2
2917,21.25,16.0833,0.985,0.46,0.1533,0.84,6,high,house,gable,False,21,16,0,0,3,1,3
2918,21.75,16.0833,0.932,0.46,0.1533,0.7,5,high,house,gable,False,21,16,3,0,3,1,3
2919,21.0833,16.3333,0.999,0.1533,0.3067,0.84,6,high,house,hip,False,21,16,0,1,1,2,2
2920,21.5,16.25,0.955,0.3067,0.1533,0.84,6,high,house,gable,False,21,16,2,1,2,1,2
2921,21.9167,16.3333,0.91,0.1533,0.3067,0.7,5,high,house,hip,False,21,16,5,1,1,2,2
2922,21.25,16.5,0.977,0.1533,0.3067,0.84,6,high,house,hip,False,21,16,1,2,1,2,2
2923,21.6667,16.4167,0.935,0.3067,0.1533,0.84,6,high,house,gable,False,21,16,3,2,2,1,2
2924,21.5,16.5833,0.949,0.3067,0.1533,0.98,7,high,house,gable,False,21,16,2,3,2,1,2
2925,21.8333,16.75,0.911,0.3067,0.1533,0.84,6,high,house,gable,False,21,16,4,4,2,1,2
2926,21.6667,16.9167,0.924,0.3067,0.1533,0.56,4,high,house,gable,False,21,16,3,5,2,1,2
2927,21.4167,18.0833,0.913,0.46,0.1533,0.7,5,high,house,gable,False,21,18,1,0,3,1,3
2928,21.9167,18.0833,0.866,0.1533,0.1533,0.56,4,high,house,gable,False,21,18,5,0,1,1,1
2929,21.0833,18.4167,0.932,0.1533,0.46,0.56,4,high,house,hip,False,21,18,0,1,1,3,3
2930,21.25,18.25,0.923,0.1533,0.1533,0.84,6,high,house,gable,False,21,18,1,1,1,1,1
2931,21.5833,18.3333,0.888,0.1533,0.3067,0.7,5,high,house,hip,False,21,18,3,1,1,2,2
2932,21.4167,18.5833,0.894,0.1533,0.46,0.98,7,high,house,hip,False,21,18,2,2,1,3,3
2933,21.25,18.5833,0.909,0.1533,0.1533,0.7,5,high,house,gable,False,21,18,1,3,1,1,1
2934,21.0833,18.8333,0.914,0.1533,0.3067,0.56,4,high,house,hip,False,21,18,0,4,1,2,2
2935,21.5833,18.8333,0.868,0.1533,0.3067,0.84,6,high,house,hip,False,21,18,3,4,1,2,2
2936,21.3333,18.9167,0.887,0.3067,0.1533,0.84,6,high,house,gable,False,21,18,1,5,2,1,2
2937,21.25,20.0833,0.837,0.46,0.1533,0.42,3,high,house,gable,False,21,20,0,0,3,1,3
2938,21.25,20.25,0.828,0.1533,0.1533,0.84,6,high,house,gable,False,21,20,1,1,1,1,1
2939,21.0833,20.5833,0.822,0.1533,0.46,0.7,5,high,house,hip,False,21,20,0,2,1,3,3
2940,21.5,20.5,0.795,0.3067,0.3067,0.98,7,high,house,gable,False,21,20,2,2,2,2,4
2941,21.8333,20.4167,0.775,0.3067,0.1533,0.84,6,high,house,gable,False,21,20,4,2,2,1,2
2942,21.25,20.5833,0.809,0.1533,0.1533,0.84,6,high,house,gable,False,21,20,1,3,1,1,1
2943,21.9167,20.75,0.753,0.1533,0.46,0.56,4,high,house,hip,False,21,20,5,3,1,3,3
2944,21.5833,20.8333,0.771,0.1533,0.3067,0.84,6,high,house,hip,False,21,20,3,4,1,2,2
2945,21.25,20.9167,0.79,0.46,0.1533,0.84,6,high,house,gable,False,21,20,0,5,3,1,3
2946,21.75,20.9167,0.756,0.1533,0.1533,0.56,4,high,house,gable,False,21,20,4,5,1,1,1
2947,21.0833,21.25,0.782,0.1533,0.46,0.7,5,high,house,hip,False,21,21,0,0,1,3,3
2948,21.5833,21.25,0.749,0.1533,0.46,0.84,6,high,house,hip,False,21,21,3,0,1,3,3
2949,21.3333,21.25,0.765,0.3067,0.1533,0.84,6,high,house,gable,False,21,21,1,1,2,1,2
2950,21.75,21.3333,0.733,0.1533,0.3067,0.84,6,high,house,hip,False,21,21,4,1,1,2,2
2951,21.9167,21.5,0.714,0.1533,0.3067,0.7,5,high,house,hip,False,21,21,5,2,1,2,2
2952,21.25,21.5833,0.751,0.46,0.1533,0.7,5,high,house,gable,False,21,21,0,3,3,1,3
2953,21.5833,21.5833,0.73,0.1533,0.1533,0.98,7,high,house,gable,False,21,21,3,3,1,1,1
2954,21.75,21.8333,0.706,0.1533,0.3067,0.84,6,high,house,hip,False,21,21,4,4,1,2,2
2955,21.5833,21.9167,0.711,0.1533,0.1533,0.42,3,high,house,gable,False,21,21,3,5,1,1,1
2956,21.9167,21.9167,0.692,0.1533,0.1533,0.7,5,high,house,gable,False,21,21,5,5,1,1,1
2957,21.4167,22.0833,0.71,0.1533,0.1533,0.7,5,high,house,gable,False,21,22,2,0,1,1,1
2958,21.75,22.25,0.682,0.1533,0.46,0.84,6,high,house,hip,False,21,22,4,0,1,3,3
2959,21.9167,22.0833,0.683,0.1533,0.1533,0.84,6,high,house,gable,False,21,22,5,0,1,1,1
2960,21.25,22.25,0.71,0.1533,0.1533,0.56,4,high,house,gable,False,21,22,1,1,1,1,1
2961,21.5833,22.4167,0.681,0.1533,0.46,0.84,6,high,house,hip,False,21,22,3,1,1,3,3
2962,21.0833,22.5833,0.697,0.1533,0.46,0.84,6,high,house,hip,False,21,22,0,2,1,3,3
2963,21.9167,22.5833,0.655,0.1533,0.46,0.7,5,high,house,hip,False,21,22,5,2,1,3,3
2964,21.25,22.75,0.678,0.1533,0.46,0.7,5,high,house,hip,False,21,22,1,3,1,3,3
2965,21.6667,22.75,0.657,0.3067,0.1533,0.84,6,high,house,gable,False,21,22,3,4,2,1,2
2966,21.0833,22.9167,0.676,0.1533,0.1533,0.84,6,high,house,gable,False,21,22,0,5,1,1,1
2967,21.9167,22.9167,0.636,0.1533,0.1533,0.56,4,high,house,gable,False,21,22,5,5,1,1,1
2968,21.25,26.25,0.448,0.1533,0.1533,0.42,3,low,house,gable,False,21,26,1,1,1,1,1
2969,21.5833,26.3333,0.438,0.1533,0.3067,0.14,1,low,house,hip,False,21,26,3,1,1,2,2
2970,21.0833,26.4167,0.439,0.1533,0.1533,0.14,1,low,house,gable,False,21,26,0,2,1,1,1
2971,21.4167,26.4167,0.435,0.1533,0.1533,0.14,1,low,house,gable,False,21,26,2,2,1,1,1
2972,21.75,26.5,0.426,0.1533,0.3067,0.42,3,low,house,hip,False,21,26,4,2,1,2,2
2973,21.25,26.6667,0.42,0.1533,0.3067,0.14,1,low,house,hip,False,21,26,1,3,1,2,2
2974,21.0833,26.8333,0.411,0.1533,0.3067,0.42,3,low,house,hip,False,21,26,0,4,1,2,2
2975,21.75,27.5,0.364,0.1533,0.3067,0.42,3,low,house,hip,False,21,27,4,2,1,2,2
2976,21.5833,27.5833,0.359,0.1533,0.1533,0.42,3,low,house,gable,False,21,27,3,3,1,1,1
2977,21.9167,27.5833,0.36,0.1533,0.1533,0.14,1,low,house,gable,False,21,27,5,3,1,1,1
2978,22.25,4.75,0.534,0.1533,0.1533,0.28,2,low,house,gable,False,22,4,1,4,1,1,1
2979,22.0833,6.5,0.633,0.1533,0.3067,0.28,2,low,house,hip,False,22,6,0,2,1,2,2
2980,22.3333,6.5833,0.626,0.3067,0.1533,0.42,3,low,house,gable,False,22,6,1,3,2,1,2
2981,22.5,6.8333,0.63,0.3067,0.3067,0.42,3,low,house,gable,False,22,6,2,4,2,2,4
2982,22.25,6.9167,0.646,0.1533,0.1533,0.42,3,low,house,gable,False,22,6,1,5,1,1,1
2983,22.1667,7.1667,0.663,0.3067,0.3067,0.56,4,medium,house,gable,False,22,7,0,0,2,2,4
2984,22.4167,7.4167,0.662,0.1533,0.46,0.56,4,medium,house,hip,False,22,7,2,1,1,3,3
2985,22.0833,7.5833,0.689,0.1533,0.46,0.56,4,medium,house,hip,False,22,7,0,2,1,3,3
2986,22.25,7.5833,0.68,0.1533,0.1533,0.42,3,medium,house,gable,False,22,7,1,3,1,1,1
2987,22.4167,7.75,0.678,0.1533,0.1533,0.56,4,medium,house,gable,False,22,7,2,4,1,1,1
2988,22.1667,7.9167,0.701,0.3067,0.1533,0.42,3,medium,house,gable,False,22,7,0,5,2,1,2
2989,22.5833,8.0833,0.683,0.1533,0.1533,0.42,3,high,house,gable,False,22,8,3,0,1,1,1
2990,22.9167,8.25,0.671,0.1533,0.46,0.7,5,high,house,hip,False,22,8,5,0,1,3,3
2991,22.4167,8.3333,0.705,0.1533,0.3067,0.98,7,high,house,hip,False,22,8,2,1,1,2,2
2992,22.75,8.3333,0.684,0.1533,0.3067,0.84,6,high,house,hip,False,22,8,4,1,1,2,2
2993,22.0833,8.5833,0.739,0.1533,0.46,0.84,6,high,house,hip,False,22,8,0,2,1,3,3
2994,22.5833,8.4167,0.698,0.1533,0.1533,0.84,6,high,house,gable,False,22,8,3,2,1,1,1
2995,22.25,8.5833,0.727,0.1533,0.1533,0.56,4,high,house,gable,False,22,8,1,3,1,1,1
2996,22.9167,8.75,0.69,0.1533,0.46,0.84,6,high,house,hip,False,22,8,5,3,1,3,3
2997,22.5833,8.75,0.712,0.46,0.1533,0.84,6,high,house,gable,False,22,8,2,4,3,1,3
2998,22.6667,8.9167,0.713,0.3067,0.1533,0.84,6,high,house,gable,False,22,8,3,5,2,1,2
2999,22.25,9.0833,0.75,0.46,0.1533,0.84,6,high,house,gable,False,22,9,0,0,3,1,3
3000,22.0833,9.4167,0.777,0.1533,0.46,0.7,5,high,house,hip,False,22,9,0,1,1,3,3
3001,22.5833,9.4167,0.739,0.1533,0.46,0.84,6,high,house,hip,False,22,9,3,1,1,3,3
3002,22.4167,9.5833,0.758,0.1533,0.1533,0.84,6,high,house,gable,False,22,9,2,3,1,1,1
3003,22.1667,9.8333,0.788,0.3067,0.3067,0.7,5,high,house,gable,False,22,9,0,4,2,2,4
3004,22.5833,9.8333,0.755,0.1533,0.3067,0.84,6,high,house,hip,False,22,9,3,4,1,2,2
3005,22.4167,9.9167,0.771,0.1533,0.1533,0.56,4,high,house,gable,False,22,9,2,5,1,1,1
3006,22.9167,9.9167,0.733,0.1533,0.1533,0.7,5,high,house,gable,False,22,9,5,5,1,1,1
3007,22.1667,10.1667,0.802,0.3067,0.3067,0.84,6,high,house,gable,False,22,10,0,0,2,2,4
3008,22.5,10.0833,0.771,0.3067,0.1533,0.84,6,high,house,gable,False,22,10,2,0,2,1,2
3009,22.5833,10.4167,0.776,0.1533,0.46,0.7,5,high,house,hip,False,22,10,3,1,1,3,3
3010,22.25,10.5,0.807,0.1533,0.3067,0.84,6,high,house,hip,False,22,10,1,2,1,2,2
3011,22.0833,10.75,0.831,0.1533,0.46,0.7,5,high,house,hip,False,22,10,0,3,1,3,3
3012,22.5833,10.8333,0.79,0.1533,0.3067,0.42,3,high,house,hip,False,22,10,3,4,1,2,2
3013,22.4167,10.9167,0.807,0.1533,0.1533,0.56,4,high,house,gable,False,22,10,2,5,1,1,1
3014,22.25,11.0833,0.827,0.46,0.1533,0.84,6,high,house,gable,False,22,11,0,0,3,1,3
3015,22.75,11.1667,0.785,0.46,0.3067,0.84,6,high,house,gable,False,22,11,3,0,3,2,6
3016,22.0833,11.3333,0.851,0.1533,0.3067,0.56,4,high,house,hip,False,22,11,0,1,1,2,2
3017,22.4167,11.3333,0.82,0.1533,0.3067,0.98,7,high,house,hip,False,22,11,2,1,1,2,2
3018,22.25,11.4167,0.838,0.1533,0.1533,0.56,4,high,house,gable,False,22,11,1,2,1,1,1
3019,22.5833,11.75,0.816,0.1533,0.46,0.84,6,high,house,hip,False,22,11,3,3,1,3,3
3020,22.3333,11.75,0.839,0.3067,0.1533,0.84,6,high,house,gable,False,22,11,1,4,2,1,2
3021,22.75,11.8333,0.803,0.1533,0.3067,0.7,5,high,house,hip,False,22,11,4,4,1,2,2
3022,22.4167,11.9167,0.836,0.1533,0.1533,0.84,6,high,house,gable,False,22,11,2,5,1,1,1
3023,22.9167,11.9167,0.789,0.1533,0.1533,0.42,3,high,house,gable,False,22,11,5,5,1,1,1
3024,22.5,12.1667,0.834,0.3067,0.3067,0.84,6,high,house,gable,False,22,12,2,0,2,2,4
3025,22.8333,12.0833,0.801,0.3067,0.1533,0.7,5,high,house,gable,False,22,12,4,0,2,1,2
3026,22.0833,12.25,0.876,0.1533,0.1533,0.7,5,high,house,gable,False,22,12,0,1,1,1,1
3027,22.9167,12.4167,0.8,0.1533,0.46,0.84,6,high,house,hip,False,22,12,5,1,1,3,3
3028,22.25,12.5833,0.867,0.1533,0.46,0.56,4,high,house,hip,False,22,12,1,2,1,3,3
3029,22.5833,12.5833,0.834,0.1533,0.46,0.98,7,high,house,hip,False,22,12,3,2,1,3,3
3030,22.75,12.4167,0.815,0.1533,0.1533,0.42,3,high,house,gable,False,22,12,4,2,1,1,1
3031,22.0833,12.75,0.887,0.1533,0.46,0.7,5,high,house,hip,False,22,12,0,3,1,3,3
3032,22.8333,12.8333,0.815,0.3067,0.3067,0.84,6,high,house,gable,False,22,12,4,4,2,2,4
3033,22.3333,12.9167,0.865,0.3067,0.1533,0.42,3,high,house,gable,False,22,12,1,5,2,1,2
3034,22.25,13.4167,0.881,0.46,0.1533,0.84,6,high,house,gable,False,22,13,0,2,3,1,3
3035,22.75,13.4167,0.831,0.46,0.1533,0.84,6,high,house,gable,False,22,13,3,2,3,1,3
3036,22.0833,13.75,0.902,0.1533,0.46,0.7,5,high,house,hip,False,22,13,0,3,1,3,3
3037,22.4167,13.75,0.867,0.1533,0.46,0.7,5,high,house,hip,False,22,13,2,3,1,3,3
3038,22.75,13.75,0.834,0.1533,0.46,0.7,5,high,house,hip,False,22,13,4,3,1,3,3
3039,22.9167,13.5833,0.816,0.1533,0.1533,0.42,3,high,house,gable,False,22,13,5,3,1,1,1
3040,22.25,13.8333,0.885,0.1533,0.3067,0.7,5,high,house,hip,False,22,13,1,4,1,2,2
3041,22.5833,13.9167,0.852,0.1533,0.1533,0.84,6,high,house,gable,False,22,13,3,5,1,1,1
3042,22.9167,13.9167,0.819,0.1533,0.1533,0.42,3,high,house,gable,False,22,13,5,5,1,1,1
3043,22.0833,14.25,0.905,0.1533,0.46,0.84,6,high,house,hip,False,22,14,0,0,1,3,3
3044,22.25,14.0833,0.887,0.1533,0.1533,0.56,4,high,house,gable,False,22,14,1,0,1,1,1
3045,22.75,14.0833,0.836,0.46,0.1533,0.84,6,high,house,gable,False,22,14,3,0,3,1,3
3046,22.5833,14.3333,0.854,0.1533,0.3067,0.84,6,high,house,hip,False,22,14,3,1,1,2,2
3047,22.9167,14.4167,0.821,0.1533,0.46,0.56,4,high,house,hip,False,22,14,5,1,1,3,3
3048,22.25,14.5,0.889,0.1533,0.3067,0.56,4,high,house,hip,False,22,14,1,2,1,2,2
3049,22.75,14.4167,0.838,0.1533,0.1533,0.42,3,high,house,gable,False,22,14,4,2,1,1,1
3050,22.0833,14.6667,0.907,0.1533,0.3067,0.42,3,high,house,hip,False,22,14,0,3,1,2,2
3051,22.4167,14.5833,0.872,0.1533,0.1533,0.56,4,high,house,gable,False,22,14,2,3,1,1,1
3052,22.75,14.75,0.838,0.46,0.1533,0.84,6,high,house,gable,False,22,14,3,4,3,1,3
3053,22.75,14.9167,0.838,0.1533,0.1533,0.84,6,high,house,gable,False,22,14,4,5,1,1,1
3054,22.4167,15.0833,0.871,0.46,0.1533,0.84,6,high,house,gable,False,22,15,1,0,3,1,3
3055,22.75,15.0833,0.838,0.1533,0.1533,0.7,5,high,house,gable,False,22,15,4,0,1,1,1
3056,22.4167,15.25,0.871,0.1533,0.1533,0.42,3,high,house,gable,False,22,15,2,1,1,1,1
3057,22.1667,15.4167,0.895,0.3067,0.1533,0.84,6,high,house,gable,False,22,15,0,2,2,1,2
3058,22.8333,15.4167,0.828,0.3067,0.1533,0.56,4,high,house,gable,False,22,15,4,2,2,1,2
3059,22.4167,15.5833,0.868,0.46,0.1533,0.98,7,high,house,gable,False,22,15,1,3,3,1,3
3060,22.75,15.5833,0.835,0.1533,0.1533,0.56,4,high,house,gable,False,22,15,4,3,1,1,1
3061,22.1667,15.8333,0.891,0.3067,0.3067,0.84,6,high,house,gable,False,22,15,0,4,2,2,4
3062,22.5833,15.8333,0.849,0.1533,0.3067,0.7,5,high,house,hip,False,22,15,3,4,1,2,2
3063,22.9167,15.8333,0.817,0.1533,0.3067,0.56,4,high,house,hip,False,22,15,5,4,1,2,2
3064,22.75,15.9167,0.832,0.1533,0.1533,0.42,3,high,house,gable,False,22,15,4,5,1,1,1
3065,22.25,16.0833,0.88,0.46,0.1533,0.56,4,high,house,gable,False,22,16,0,0,3,1,3
3066,22.75,16.0833,0.83,0.46,0.1533,0.84,6,high,house,gable,False,22,16,3,0,3,1,3
3067,22.0833,16.4167,0.892,0.1533,0.46,0.7,5,high,house,hip,False,22,16,0,1,1,3,3
3068,22.4167,16.3333,0.86,0.1533,0.3067,0.84,6,high,house,hip,False,22,16,2,1,1,2,2
3069,22.75,16.4167,0.826,0.1533,0.46,0.7,5,high,house,hip,False,22,16,4,1,1,3,3
3070,22.25,16.4167,0.875,0.1533,0.1533,0.7,5,high,house,gable,False,22,16,1,2,1,1,1
3071,22.5833,16.5,0.841,0.1533,0.3067,0.56,4,high,house,hip,False,22,16,3,2,1,2,2
3072,22.9167,16.4167,0.81,0.1533,0.1533,0.42,3,high,house,gable,False,22,16,5,2,1,1,1
3073,22.25,16.8333,0.867,0.1533,0.3067,0.56,4,high,house,hip,False,22,16,1,4,1,2,2
3074,22.9167,16.75,0.806,0.1533,0.1533,0.7,5,high,house,gable,False,22,16,5,4,1,1,1
3075,22.0833,16.9167,0.882,0.1533,0.1533,0.42,3,high,house,gable,False,22,16,0,5,1,1,1
3076,22.5833,16.9167,0.834,0.46,0.1533,0.84,6,high,house,gable,False,22,16,2,5,3,1,3
3077,22.0833,17.25,0.874,0.1533,0.46,0.84,6,high,house,hip,False,22,17,0,0,1,3,3
3078,22.5,17.1667,0.836,0.3067,0.3067,0.7,5,high,house,gable,False,22,17,2,0,2,2,4
3079,22.25,17.25,0.858,0.1533,0.1533,0.84,6,high,house,gable,False,22,17,1,1,1,1,1
3080,22.5833,17.5,0.821,0.1533,0.3067,0.84,6,high,house,hip,False,22,17,3,2,1,2,2
3081,22.25,17.5833,0.85,0.46,0.1533,0.84,6,high,house,gable,False,22,17,0,3,3,1,3
3082,22.25,17.8333,0.843,0.1533,0.3067,0.84,6,high,house,hip,False,22,17,1,4,1,2,2
3083,22.9167,17.8333,0.784,0.1533,0.3067,0.56,4,high,house,hip,False,22,17,5,4,1,2,2
3084,22.0833,17.9167,0.856,0.1533,0.1533,0.42,3,high,house,gable,False,22,17,0,5,1,1,1
3085,22.4167,17.9167,0.825,0.1533,0.1533,0.7,5,high,house,gable,False,22,17,2,5,1,1,1
3086,22.75,17.9167,0.796,0.1533,0.1533,0.84,6,high,house,gable,False,22,17,4,5,1,1,1
3087,22.4167,18.0833,0.821,0.1533,0.1533,0.56,4,high,house,gable,False,22,18,2,0,1,1,1
3088,22.25,18.4167,0.825,0.46,0.1533,0.84,6,high,house,gable,False,22,18,0,2,3,1,3
3089,22.75,18.4167,0.782,0.46,0.1533,0.98,7,high,house,gable,False,22,18,3,2,3,1,3
3090,22.0833,18.75,0.828,0.1533,0.46,0.84,6,high,house,hip,False,22,18,0,3,1,3,3
3091,22.4167,18.6667,0.802,0.1533,0.3067,0.84,6,high,house,hip,False,22,18,2,3,1,2,2
3092,22.75,18.75,0.772,0.1533,0.46,0.7,5,high,house,hip,False,22,18,4,3,1,3,3
3093,22.9167,18.5833,0.764,0.1533,0.1533,0.56,4,high,house,gable,False,22,18,5,3,1,1,1
3094,22.25,18.9167,0.807,0.1533,0.1533,0.84,6,high,house,gable,False,22,18,1,5,1,1,1
3095,22.5833,18.9167,0.78,0.1533,0.1533,0.42,3,high,house,gable,False,22,18,3,5,1,1,1
3096,22.9167,18.9167,0.754,0.1533,0.1533,0.42,3,high,house,gable,False,22,18,5,5,1,1,1
3097,22.25,19.0833,0.801,0.46,0.1533,0.84,6,high,house,gable,False,22,19,0,0,3,1,3
3098,22.75,19.0833,0.762,0.46,0.1533,0.84,6,high,house,gable,False,22,19,3,0,3,1,3
3099,22.0833,19.4167,0.802,0.1533,0.46,0.56,4,high,house,hip,False,22,19,0,1,1,3,3
3100,22.4167,19.3333,0.779,0.1533,0.3067,0.7,5,high,house,hip,False,22,19,2,1,1,2,2
3101,22.9167,19.25,0.744,0.1533,0.1533,0.84,6,high,house,gable,False,22,19,5,1,1,1,1
3102,22.25,19.5,0.785,0.1533,0.3067,0.84,6,high,house,hip,False,22,19,1,2,1,2,2
3103,22.5833,19.5,0.76,0.1533,0.3067,0.84,6,high,house,hip,False,22,19,3,2,1,2,2
3104,22.25,20.0833,0.761,0.46,0.1533,0.7,5,high,house,gable,False,22,20,0,0,3,1,3
3105,22.8333,20.0833,0.721,0.3067,0.1533,0.84,6,high,house,gable,False,22,20,4,0,2,1,2
3106,22.0833,20.4167,0.757,0.1533,0.46,0.84,6,high,house,hip,False,22,20,0,1,1,3,3
3107,22.4167,20.4167,0.735,0.1533,0.46,0.7,5,high,house,hip,False,22,20,2,1,1,3,3
3108,22.9167,20.25,0.709,0.1533,0.1533,0.42,3,high,house,gable,False,22,20,5,1,1,1,1
3109,22.5833,20.5,0.72,0.1533,0.3067,0.98,7,high,house,hip,False,22,20,3,2,1,2,2
3110,22.25,20.75,0.731,0.1533,0.46,0.56,4,high,house,hip,False,22,20,1,3,1,3,3
3111,22.0833,20.75,0.742,0.1533,0.1533,0.56,4,high,house,gable,False,22,20,0,4,1,1,1
3112,22.4167,20.9167,0.713,0.1533,0.1533,0.84,6,high,house,gable,False,22,20,2,5,1,1,1
3113,22.4167,22.25,0.649,0.1533,0.46,0.84,6,high,house,hip,False,22,22,2,0,1,3,3
3114,22.8333,22.1667,0.635,0.3067,0.3067,0.84,6,high,house,gable,False,22,22,4,0,2,2,4
3115,22.5833,22.4167,0.634,0.1533,0.46,0.98,7,high,house,hip,False,22,22,3,1,1,3,3
3116,22.9167,22.5833,0.613,0.1533,0.46,0.84,6,high,house,hip,False,22,22,5,2,1,3,3
3117,22.75,22.5833,0.619,0.1533,0.1533,0.84,6,high,house,gable,False,22,22,4,3,1,1,1
3118,22.5,22.8333,0.617,0.3067,0.3067,0.7,5,high,house,gable,False,22,22,2,4,2,2,4
3119,22.8333,22.9167,0.6,0.3067,0.1533,0.84,6,high,house,gable,False,22,22,4,5,2,1,2
3120,22.4167,23.5833,0.581,0.1533,0.46,0.56,4,medium,house,hip,False,22,23,2,2,1,3,3
3121,22.5833,23.4167,0.585,0.1533,0.1533,0.42,3,medium,house,gable,False,22,23,3,2,1,1,1
3122,22.0833,23.75,0.583,0.1533,0.46,0.56,4,medium,house,hip,False,22,23,0,3,1,3,3
3123,22.25,23.5833,0.587,0.1533,0.1533,0.56,4,medium,house,gable,False,22,23,1,3,1,1,1
3124,22.8333,23.75,0.561,0.3067,0.46,0.56,4,medium,house,hip,False,22,23,4,3,2,3,6
3125,22.3333,23.9167,0.566,0.3067,0.1533,0.56,4,medium,house,gable,False,22,23,1,5,2,1,2
3126,22.5833,24.75,0.516,0.46,0.1533,0.42,3,low,house,gable,False,22,24,2,4,3,1,3
3127,22.5833,24.9167,0.508,0.1533,0.1533,0.14,1,low,house,gable,False,22,24,3,5,1,1,1
3128,22.25,25.4167,0.485,0.1533,0.46,0.42,3,low,house,hip,False,22,25,1,1,1,3,3
3129,22.0833,25.4167,0.487,0.1533,0.1533,0.42,3,low,house,gable,False,22,25,0,2,1,1,1
3130,22.4167,25.5,0.479,0.1533,0.3067,0.42,3,low,house,hip,False,22,25,2,2,1,2,2
3131,22.5833,25.5833,0.473,0.1533,0.1533,0.42,3,low,house,gable,False,22,25,3,3,1,1,1
3132,22.4167,26.25,0.437,0.1533,0.46,0.42,3,low,house,hip,False,22,26,2,0,1,3,3
3133,22.5833,26.3333,0.433,0.1533,0.3067,0.42,3,low,house,hip,False,22,26,3,1,1,2,2
3134,22.25,26.6667,0.414,0.1533,0.3067,0.42,3,low,house,hip,False,22,26,1,3,1,2,2
3135,22.4167,26.8333,0.405,0.1533,0.3067,0.28,2,low,house,hip,False,22,26,2,4,1,2,2
3136,22.4167,27.5,0.368,0.1533,0.3067,0.42,3,low,house,hip,False,22,27,2,2,1,2,2
3137,22.25,27.5833,0.362,0.1533,0.1533,0.28,2,low,house,gable,False,22,27,1,3,1,1,1
3138,23.4167,3.5,0.46,0.1533,0.3067,0.42,3,low,house,hip,False,23,3,2,2,1,2,2
3139,23.25,3.6667,0.468,0.1533,0.3067,0.14,1,low,house,hip,False,23,3,1,3,1,2,2
3140,23.0833,4.25,0.494,0.1533,0.46,0.42,3,low,house,hip,False,23,4,0,0,1,3,3
3141,23.25,4.4167,0.499,0.1533,0.46,0.14,1,low,house,hip,False,23,4,1,1,1,3,3
3142,23.4167,4.75,0.511,0.46,0.1533,0.42,3,low,house,gable,False,23,4,1,4,3,1,3
3143,23.4167,4.9167,0.518,0.1533,0.1533,0.14,1,low,house,gable,False,23,4,2,5,1,1,1
3144,23.5833,5.75,0.546,0.1533,0.46,0.42,3,low,house,hip,False,23,5,3,3,1,3,3
3145,23.75,5.75,0.542,0.1533,0.1533,0.14,1,low,house,gable,False,23,5,4,4,1,1,1
3146,23.0833,8.25,0.661,0.1533,0.46,0.7,5,high,house,hip,False,23,8,0,0,1,3,3
3147,23.4167,8.25,0.643,0.1533,0.46,0.7,5,high,house,hip,False,23,8,2,0,1,3,3
3148,23.25,8.3333,0.655,0.1533,0.3067,0.7,5,high,house,hip,False,23,8,1,1,1,2,2
3149,23.0833,8.75,0.68,0.1533,0.46,0.84,6,high,house,hip,False,23,8,0,3,1,3,3
3150,23.5833,8.75,0.65,0.1533,0.46,0.84,6,high,house,hip,False,23,8,3,3,1,3,3
3151,23.9167,8.5833,0.627,0.1533,0.1533,0.42,3,high,house,gable,False,23,8,5,3,1,1,1
3152,23.25,8.8333,0.673,0.1533,0.3067,0.7,5,high,house,hip,False,23,8,1,4,1,2,2
3153,23.4167,8.9167,0.665,0.1533,0.1533,0.56,4,high,house,gable,False,23,8,2,5,1,1,1
3154,23.25,9.1667,0.684,0.46,0.3067,0.84,6,high,house,gable,False,23,9,0,0,3,2,6
3155,23.5833,9.1667,0.663,0.1533,0.3067,0.84,6,high,house,hip,False,23,9,3,0,1,2,2
3156,23.9167,9.25,0.645,0.1533,0.46,0.7,5,high,house,hip,False,23,9,5,0,1,3,3
3157,23.75,9.25,0.655,0.1533,0.1533,0.84,6,high,house,gable,False,23,9,4,1,1,1,1
3158,23.0833,9.5,0.707,0.1533,0.3067,0.84,6,high,house,hip,False,23,9,0,2,1,2,2
3159,23.4167,9.5833,0.687,0.46,0.1533,0.84,6,high,house,gable,False,23,9,1,3,3,1,3
3160,23.8333,9.5833,0.659,0.3067,0.1533,0.7,5,high,house,gable,False,23,9,4,3,2,1,2
3161,23.8333,10.1667,0.674,0.3067,0.3067,0.56,4,medium,house,gable,False,23,10,4,0,2,2,4
3162,23.3333,10.3333,0.714,0.3067,0.3067,0.56,4,medium,house,gable,False,23,10,1,1,2,2,4
3163,23.75,10.4167,0.686,0.1533,0.1533,0.42,3,medium,house,gable,False,23,10,4,2,1,1,1
3164,23.0833,10.75,0.746,0.1533,0.46,0.56,4,medium,house,hip,False,23,10,0,3,1,3,3
3165,23.4167,10.5833,0.715,0.1533,0.1533,0.56,4,medium,house,gable,False,23,10,2,3,1,1,1
3166,23.25,10.9167,0.737,0.1533,0.1533,0.56,4,medium,house,gable,False,23,10,1,5,1,1,1
3167,23.6667,11.1667,0.71,0.3067,0.3067,0.56,4,medium,house,gable,False,23,11,3,0,2,2,4
3168,23.9167,11.4167,0.695,0.1533,0.46,0.56,4,medium,house,hip,False,23,11,5,1,1,3,3
3169,23.0833,11.5,0.765,0.1533,0.3067,0.56,4,medium,house,hip,False,23,11,0,2,1,2,2
3170,23.5,11.4167,0.728,0.3067,0.1533,0.42,3,medium,house,gable,False,23,11,2,2,2,1,2
3171,23.25,11.6667,0.755,0.1533,0.3067,0.56,4,medium,house,hip,False,23,11,1,3,1,2,2
3172,23.5833,11.75,0.728,0.1533,0.46,0.42,3,medium,house,hip,False,23,11,3,3,1,3,3
3173,23.75,11.5833,0.712,0.1533,0.1533,0.56,4,medium,house,gable,False,23,11,4,3,1,1,1
3174,23.9167,11.8333,0.703,0.1533,0.3067,0.56,4,medium,house,hip,False,23,11,5,4,1,2,2
3175,23.75,11.9167,0.718,0.1533,0.1533,0.42,3,medium,house,gable,False,23,11,4,5,1,1,1
3176,23.25,12.0833,0.763,0.46,0.1533,0.7,5,high,house,gable,False,23,12,0,0,3,1,3
3177,23.5833,12.25,0.737,0.1533,0.46,0.98,7,high,house,hip,False,23,12,3,0,1,3,3
3178,23.4167,12.25,0.752,0.1533,0.1533,0.84,6,high,house,gable,False,23,12,2,1,1,1,1
3179,23.75,12.25,0.723,0.1533,0.1533,0.56,4,high,house,gable,False,23,12,4,1,1,1,1
3180,23.25,12.4167,0.769,0.1533,0.1533,0.84,6,high,house,gable,False,23,12,1,2,1,1,1
3181,23.4167,12.75,0.759,0.1533,0.46,0.84,6,high,house,hip,False,23,12,2,3,1,3,3
3182,23.8333,12.75,0.723,0.3067,0.46,0.84,6,high,house,hip,False,23,12,4,3,2,3,6
3183,23.1667,12.8333,0.783,0.3067,0.3067,0.7,5,high,house,gable,False,23,12,0,4,2,2,4
3184,23.5833,12.75,0.745,0.1533,0.1533,0.56,4,high,house,gable,False,23,12,3,4,1,1,1
3185,23.25,14.0833,0.788,0.46,0.1533,0.7,5,high,house,gable,False,23,14,0,0,3,1,3
3186,23.75,14.25,0.743,0.1533,0.46,0.7,5,high,house,hip,False,23,14,4,0,1,3,3
3187,23.0833,14.4167,0.805,0.1533,0.46,0.7,5,high,house,hip,False,23,14,0,1,1,3,3
3188,23.4167,14.4167,0.774,0.1533,0.46,0.98,7,high,house,hip,False,23,14,2,1,1,3,3
3189,23.9167,14.4167,0.729,0.1533,0.46,0.84,6,high,house,hip,False,23,14,5,1,1,3,3
3190,23.25,14.5833,0.79,0.1533,0.1533,0.7,5,high,house,gable,False,23,14,1,3,1,1,1
3191,23.75,14.6667,0.744,0.1533,0.3067,0.84,6,high,house,hip,False,23,14,4,3,1,2,2
3192,23.0833,14.75,0.806,0.1533,0.1533,0.84,6,high,house,gable,False,23,14,0,4,1,1,1
3193,23.4167,14.75,0.774,0.1533,0.1533,0.56,4,high,house,gable,False,23,14,2,4,1,1,1
3194,23.9167,14.8333,0.729,0.1533,0.3067,0.84,6,high,house,hip,False,23,14,5,4,1,2,2
3195,23.25,14.9167,0.79,0.1533,0.1533,0.84,6,high,house,gable,False,23,14,1,5,1,1,1
3196,23.1667,15.1667,0.797,0.3067,0.3067,0.56,4,medium,house,gable,False,23,15,0,0,2,2,4
3197,23.4167,15.0833,0.774,0.1533,0.1533,0.56,4,medium,house,gable,False,23,15,2,0,1,1,1
3198,23.8333,15.1667,0.736,0.3067,0.3067,0.42,3,medium,house,gable,False,23,15,4,0,2,2,4
3199,23.5833,15.4167,0.758,0.1533,0.46,0.56,4,medium,house,hip,False,23,15,3,1,1,3,3
3200,23.0833,15.4167,0.804,0.1533,0.1533,0.56,4,medium,house,gable,False,23,15,0,2,1,1,1
3201,23.4167,15.4167,0.773,0.1533,0.1533,0.28,2,medium,house,gable,False,23,15,2,2,1,1,1
3202,23.9167,15.4167,0.728,0.1533,0.1533,0.28,2,medium,house,gable,False,23,15,5,2,1,1,1
3203,23.4167,15.75,0.771,0.1533,0.1533,0.28,2,medium,house,gable,False,23,15,2,4,1,1,1
3204,23.5833,15.9167,0.755,0.1533,0.1533,0.56,4,medium,house,gable,False,23,15,3,5,1,1,1
3205,23.1667,16.25,0.789,0.3067,0.46,0.84,6,high,house,hip,False,23,16,0,0,2,3,6
3206,23.5833,16.4167,0.75,0.1533,0.46,0.84,6,high,house,hip,False,23,16,3,1,1,3,3
3207,23.4167,16.4167,0.765,0.1533,0.1533,0.84,6,high,house,gable,False,23,16,2,2,1,1,1
3208,23.0833,16.75,0.79,0.1533,0.46,0.7,5,high,house,hip,False,23,16,0,3,1,3,3
3209,23.3333,16.8333,0.767,0.3067,0.3067,0.56,4,high,house,gable,False,23,16,1,4,2,2,4
3210,23.75,16.75,0.732,0.1533,0.1533,0.42,3,high,house,gable,False,23,16,4,4,1,1,1
3211,23.5833,16.9167,0.744,0.1533,0.1533,0.7,5,high,house,gable,False,23,16,3,5,1,1,1
3212,23.6667,17.0833,0.735,0.3067,0.1533,0.84,6,high,house,gable,False,23,17,3,0,2,1,2
3213,23.1667,17.5,0.77,0.3067,0.3067,0.7,5,high,house,gable,False,23,17,0,2,2,2,4
3214,23.75,17.4167,0.723,0.46,0.1533,0.56,4,high,house,gable,False,23,17,3,2,3,1,3
3215,23.5,17.5833,0.741,0.3067,0.1533,0.84,6,high,house,gable,False,23,17,2,3,2,1,2
3216,23.9167,17.6667,0.706,0.1533,0.3067,0.84,6,high,house,hip,False,23,17,5,3,1,2,2
3217,23.0833,17.8333,0.77,0.1533,0.3067,0.84,6,high,house,hip,False,23,17,0,4,1,2,2
3218,23.4167,17.9167,0.741,0.46,0.1533,0.56,4,high,house,gable,False,23,17,1,5,3,1,3
3219,23.75,17.9167,0.715,0.1533,0.1533,0.42,3,high,house,gable,False,23,17,4,5,1,1,1
3220,23.5833,18.4167,0.717,0.11,0.11,1.54,11,high,tower,flat,True,23,18,3,2,1,1,1
3221,23.25,18.0833,0.75,0.46,0.1533,0.7,5,high,house,gable,False,23,18,0,0,3,1,3
3222,23.8333,18.1667,0.704,0.3067,0.3067,0.84,6,high,house,gable,False,23,18,4,0,2,2,4
3223,23.0833,18.4167,0.756,0.1533,0.46,0.7,5,high,house,hip,False,23,18,0,1,1,3,3
3224,23.4167,18.4167,0.73,0.1533,0.46,0.98,7,high,house,hip,False,23,18,2,1,1,3,3
3225,23.9167,18.4167,0.693,0.1533,0.1533,0.42,3,high,house,gable,False,23,18,5,2,1,1,1
3226,23.0833,18.8333,0.744,0.1533,0.3067,0.7,5,high,house,hip,False,23,18,0,4,1,2,2
3227,23.4167,18.8333,0.719,0.1533,0.3067,0.7,5,high,house,hip,False,23,18,2,4,1,2,2
3228,23.25,18.9167,0.729,0.1533,0.1533,0.7,5,high,house,gable,False,23,18,1,5,1,1,1
3229,23.5833,18.9167,0.705,0.1533,0.1533,0.7,5,high,house,gable,False,23,18,3,5,1,1,1
3230,23.3333,19.1667,0.716,0.3067,0.3067,0.7,5,high,house,gable,False,23,19,1,0,2,2,4
3231,23.8333,19.25,0.681,0.3067,0.46,0.84,6,high,house,hip,False,23,19,4,0,2,3,6
3232,23.0833,19.25,0.732,0.1533,0.1533,0.84,6,high,house,gable,False,23,19,0,1,1,1,1
3233,23.25,19.4167,0.715,0.1533,0.1533,0.56,4,high,house,gable,False,23,19,1,2,1,1,1
3234,23.5833,19.4167,0.693,0.1533,0.1533,0.84,6,high,house,gable,False,23,19,3,2,1,1,1
3235,23.0833,19.75,0.716,0.1533,0.46,0.84,6,high,house,hip,False,23,19,0,3,1,3,3
3236,23.4167,19.5833,0.699,0.1533,0.1533,0.98,7,high,house,gable,False,23,19,2,3,1,1,1
3237,23.8333,19.5833,0.672,0.3067,0.1533,0.56,4,high,house,gable,False,23,19,4,3,2,1,2
3238,23.25,19.8333,0.702,0.1533,0.3067,0.7,5,high,house,hip,False,23,19,1,4,1,2,2
3239,23.5833,19.75,0.683,0.1533,0.1533,0.7,5,high,house,gable,False,23,19,3,4,1,1,1
3240,23.9167,19.8333,0.661,0.1533,0.3067,0.7,5,high,house,hip,False,23,19,5,4,1,2,2
3241,23.75,19.9167,0.669,0.1533,0.1533,0.84,6,high,house,gable,False,23,19,4,5,1,1,1
3242,23.4167,20.0833,0.684,0.46,0.1533,0.7,5,high,house,gable,False,23,20,1,0,3,1,3
3243,23.9167,20.25,0.65,0.1533,0.46,0.84,6,high,house,hip,False,23,20,5,0,1,3,3
3244,23.1667,20.4167,0.688,0.3067,0.46,0.84,6,high,house,hip,False,23,20,0,1,2,3,6
3245,23.5833,20.4167,0.664,0.1533,0.46,0.98,7,high,house,hip,False,23,20,3,1,1,3,3
3246,23.75,20.25,0.659,0.1533,0.1533,0.56,4,high,house,gable,False,23,20,4,1,1,1,1
3247,23.4167,20.4167,0.673,0.1533,0.1533,0.98,7,high,house,gable,False,23,20,2,2,1,1,1
3248,23.4167,20.9167,0.656,0.46,0.1533,0.84,6,high,house,gable,False,23,20,1,5,3,1,3
3249,23.4167,21.0833,0.65,0.46,0.1533,0.84,6,high,house,gable,False,23,21,1,0,3,1,3
3250,23.8333,21.1667,0.628,0.3067,0.3067,0.84,6,high,house,gable,False,23,21,4,0,2,2,4
3251,23.0833,21.4167,0.655,0.1533,0.46,0.84,6,high,house,hip,False,23,21,0,1,1,3,3
3252,23.4167,21.4167,0.639,0.1533,0.46,0.98,7,high,house,hip,False,23,21,2,1,1,3,3
3253,23.25,21.4167,0.646,0.1533,0.1533,0.56,4,high,house,gable,False,23,21,1,2,1,1,1
3254,23.75,21.5,0.621,0.1533,0.3067,0.84,6,high,house,hip,False,23,21,4,2,1,2,2
3255,23.5833,21.5833,0.625,0.1533,0.1533,0.56,4,high,house,gable,False,23,21,3,3,1,1,1
3256,23.5833,22.25,0.602,0.1533,0.1533,0.7,5,high,house,gable,False,23,22,3,1,1,1,1
3257,23.25,22.4167,0.607,0.46,0.1533,0.84,6,high,house,gable,False,23,22,0,2,3,1,3
3258,23.75,22.5833,0.584,0.1533,0.46,0.84,6,high,house,hip,False,23,22,4,2,1,3,3
3259,23.9167,22.4167,0.585,0.1533,0.1533,0.56,4,high,house,gable,False,23,22,5,2,1,1,1
3260,23.0833,22.75,0.599,0.1533,0.46,0.7,5,high,house,hip,False,23,22,0,3,1,3,3
3261,23.5,22.5833,0.592,0.3067,0.1533,0.84,6,high,house,gable,False,23,22,2,3,2,1,2
3262,23.9167,22.8333,0.571,0.1533,0.3067,0.84,6,high,house,hip,False,23,22,5,4,1,2,2
3263,23.4167,22.9167,0.582,0.46,0.1533,0.7,5,high,house,gable,False,23,22,1,5,3,1,3
3264,23.75,22.9167,0.573,0.1533,0.1533,0.42,3,high,house,gable,False,23,22,4,5,1,1,1
3265,23.4167,23.0833,0.575,0.46,0.1533,0.28,2,medium,house,gable,False,23,23,1,0,3,1,3
3266,23.75,23.0833,0.566,0.1533,0.1533,0.28,2,medium,house,gable,False,23,23,4,0,1,1,1
3267,23.1667,23.3333,0.572,0.3067,0.3067,0.56,4,medium,house,gable,False,23,23,0,1,2,2,4
3268,23.5833,23.3333,0.561,0.1533,0.3067,0.56,4,medium,house,hip,False,23,23,3,1,1,2,2
3269,23.4167,23.4167,0.562,0.1533,0.1533,0.28,2,medium,house,gable,False,23,23,2,2,1,1,1
3270,23.1667,23.75,0.553,0.3067,0.1533,0.56,4,medium,house,gable,False,23,23,0,4,2,1,2
3271,23.25,23.9167,0.544,0.1533,0.1533,0.42,3,medium,house,gable,False,23,23,1,5,1,1,1
3272,23.5,24.3333,0.522,0.3067,0.3067,0.42,3,low,house,gable,False,23,24,2,1,2,2,4
3273,23.1667,24.4167,0.523,0.3067,0.1533,0.42,3,low,house,gable,False,23,24,0,2,2,1,2
3274,23.0833,24.5833,0.517,0.1533,0.1533,0.28,2,low,house,gable,False,23,24,0,3,1,1,1
3275,23.3333,24.8333,0.503,0.3067,0.3067,0.42,3,low,house,gable,False,23,24,1,4,2,2,4
3276,23.5833,24.75,0.504,0.1533,0.1533,0.14,1,low,house,gable,False,23,24,3,4,1,1,1
3277,23.0833,24.9167,0.501,0.1533,0.1533,0.14,1,low,house,gable,False,23,24,0,5,1,1,1
3278,23.4167,25.5833,0.469,0.46,0.1533,0.42,3,low,house,gable,False,23,25,1,3,3,1,3
3279,23.75,25.75,0.462,0.1533,0.46,0.42,3,low,house,hip,False,23,25,4,3,1,3,3
3280,23.4167,25.8333,0.458,0.1533,0.3067,0.28,2,low,house,hip,False,23,25,2,4,1,2,2
3281,23.9167,25.75,0.463,0.1533,0.1533,0.42,3,low,house,gable,False,23,25,5,4,1,1,1
3282,23.25,25.9167,0.454,0.1533,0.1533,0.14,1,low,house,gable,False,23,25,1,5,1,1,1
3283,23.5833,25.9167,0.455,0.1533,0.1533,0.28,2,low,house,gable,False,23,25,3,5,1,1,1
3284,23.0833,26.1667,0.442,0.1533,0.3067,0.28,2,low,house,hip,False,23,26,0,0,1,2,2
3285,23.25,26.4167,0.43,0.1533,0.46,0.42,3,low,house,hip,False,23,26,1,1,1,3,3
3286,23.4167,26.4167,0.431,0.1533,0.1533,0.28,2,low,house,gable,False,23,26,2,2,1,1,1
3287,23.0833,26.5833,0.421,0.1533,0.1533,0.28,2,low,house,gable,False,23,26,0,3,1,1,1
3288,23.25,26.75,0.414,0.1533,0.1533,0.28,2,low,house,gable,False,23,26,1,4,1,1,1
3289,23.3333,27.8333,0.362,0.3067,0.3067,0.42,3,low,house,gable,False,23,27,1,4,2,2,4
3290,23.0833,27.9167,0.354,0.1533,0.1533,0.42,3,low,house,gable,False,23,27,0,5,1,1,1
3291,23.5833,27.9167,0.363,0.1533,0.1533,0.42,3,low,house,gable,False,23,27,3,5,1,1,1
3292,24.1667,1.6667,0.395,0.3067,0.3067,0.42,3,low,house,gable,False,24,1,0,3,2,2,4
3293,24.0833,2.25,0.416,0.1533,0.46,0.28,2,low,house,hip,False,24,2,0,0,1,3,3
3294,24.25,2.0833,0.412,0.1533,0.1533,0.28,2,low,house,gable,False,24,2,1,0,1,1,1
3295,24.25,2.4167,0.424,0.1533,0.1533,0.42,3,low,house,gable,False,24,2,1,2,1,1,1
3296,24.0833,2.5833,0.428,0.1533,0.1533,0.28,2,low,house,gable,False,24,2,0,3,1,1,1
3297,24.4167,2.5833,0.432,0.1533,0.1533,0.14,1,low,house,gable,False,24,2,2,3,1,1,1
3298,24.5833,2.75,0.44,0.1533,0.1533,0.28,2,low,house,gable,False,24,2,3,4,1,1,1
3299,24.4167,3.5,0.462,0.1533,0.3067,0.42,3,low,house,hip,False,24,3,2,2,1,2,2
3300,24.25,3.75,0.47,0.1533,0.46,0.42,3,low,house,hip,False,24,3,1,3,1,3,3
3301,24.75,3.75,0.471,0.1533,0.46,0.28,2,low,house,hip,False,24,3,4,3,1,3,3
3302,24.0833,3.8333,0.472,0.1533,0.3067,0.42,3,low,house,hip,False,24,3,0,4,1,2,2
3303,24.5833,3.8333,0.473,0.1533,0.3067,0.28,2,low,house,hip,False,24,3,3,4,1,2,2
3304,24.9167,3.8333,0.474,0.1533,0.3067,0.42,3,low,house,hip,False,24,3,5,4,1,2,2
3305,24.75,6.4167,0.539,0.1533,0.1533,0.14,1,low,house,gable,False,24,6,4,2,1,1,1
3306,24.25,7.25,0.575,0.1533,0.46,0.42,3,low,house,hip,False,24,7,1,0,1,3,3
3307,24.4167,7.4167,0.573,0.1533,0.46,0.42,3,low,house,hip,False,24,7,2,1,1,3,3
3308,24.0833,7.4167,0.586,0.1533,0.1533,0.14,1,low,house,gable,False,24,7,0,2,1,1,1
3309,24.5833,7.5,0.569,0.1533,0.3067,0.28,2,low,house,hip,False,24,7,3,2,1,2,2
3310,24.6667,9.0833,0.601,0.3067,0.1533,0.28,2,low,house,gable,False,24,9,3,0,2,1,2
3311,24.75,9.25,0.599,0.1533,0.1533,0.42,3,low,house,gable,False,24,9,4,1,1,1,1
3312,24.0833,9.9167,0.652,0.1533,0.1533,0.28,2,low,house,gable,False,24,9,0,5,1,1,1
3313,24.5833,10.25,0.627,0.1533,0.1533,0.42,3,medium,house,gable,False,24,10,3,1,1,1,1
3314,24.1667,10.5,0.659,0.3067,0.3067,0.42,3,medium,house,gable,False,24,10,0,2,2,2,4
3315,24.4167,10.4167,0.641,0.1533,0.1533,0.28,2,medium,house,gable,False,24,10,2,2,1,1,1
3316,24.75,10.5,0.621,0.1533,0.3067,0.56,4,medium,house,hip,False,24,10,4,2,1,2,2
3317,24.5833,10.75,0.636,0.1533,0.46,0.56,4,medium,house,hip,False,24,10,3,3,1,3,3
3318,24.9167,10.75,0.615,0.1533,0.46,0.56,4,medium,house,hip,False,24,10,5,3,1,3,3
3319,24.25,10.8333,0.66,0.1533,0.3067,0.42,3,medium,house,hip,False,24,10,1,4,1,2,2
3320,24.0833,10.9167,0.673,0.1533,0.1533,0.42,3,medium,house,gable,False,24,10,0,5,1,1,1
3321,24.75,10.9167,0.628,0.1533,0.1533,0.56,4,medium,house,gable,False,24,10,4,5,1,1,1
3322,24.4167,11.0833,0.653,0.46,0.1533,0.56,4,medium,house,gable,False,24,11,1,0,3,1,3
3323,24.75,11.25,0.633,0.1533,0.46,0.56,4,medium,house,hip,False,24,11,4,0,1,3,3
3324,24.4167,11.3333,0.657,0.1533,0.3067,0.28,2,medium,house,hip,False,24,11,2,1,1,2,2
3325,24.9167,11.3333,0.623,0.1533,0.3067,0.56,4,medium,house,hip,False,24,11,5,1,1,2,2
3326,24.1667,11.4167,0.677,0.3067,0.1533,0.56,4,medium,house,gable,False,24,11,0,2,2,1,2
3327,24.0833,11.5833,0.686,0.1533,0.1533,0.56,4,medium,house,gable,False,24,11,0,3,1,1,1
3328,24.75,11.5833,0.637,0.1533,0.1533,0.56,4,medium,house,gable,False,24,11,4,3,1,1,1
3329,24.25,11.8333,0.677,0.1533,0.3067,0.56,4,medium,house,hip,False,24,11,1,4,1,2,2
3330,24.0833,11.9167,0.691,0.1533,0.1533,0.42,3,medium,house,gable,False,24,11,0,5,1,1,1
3331,24.8333,12.75,0.644,0.3067,0.46,0.56,4,medium,house,hip,False,24,12,4,3,2,3,6
3332,24.5833,13.0833,0.666,0.46,0.1533,0.84,6,high,house,gable,False,24,13,2,0,3,1,3
3333,24.9167,13.1667,0.641,0.1533,0.3067,0.84,6,high,house,hip,False,24,13,5,0,1,2,2
3334,24.4167,13.4167,0.681,0.1533,0.46,0.98,7,high,house,hip,False,24,13,2,1,1,3,3
3335,24.75,13.5,0.656,0.1533,0.3067,0.7,5,high,house,hip,False,24,13,4,2,1,2,2
3336,24.0833,13.5833,0.71,0.1533,0.1533,0.84,6,high,house,gable,False,24,13,0,3,1,1,1
3337,24.5833,13.75,0.67,0.1533,0.46,0.98,7,high,house,hip,False,24,13,3,3,1,3,3
3338,24.4167,13.8333,0.684,0.1533,0.3067,0.84,6,high,house,hip,False,24,13,2,4,1,2,2
3339,24.9167,13.8333,0.645,0.1533,0.3067,0.56,4,high,house,hip,False,24,13,5,4,1,2,2
3340,24.75,13.9167,0.658,0.1533,0.1533,0.42,3,high,house,gable,False,24,13,4,5,1,1,1
3341,24.4167,15.0833,0.687,0.46,0.1533,0.84,6,high,house,gable,False,24,15,1,0,3,1,3
3342,24.8333,15.0833,0.654,0.3067,0.1533,0.84,6,high,house,gable,False,24,15,4,0,2,1,2
3343,24.5,15.25,0.68,0.3067,0.1533,0.7,5,high,house,gable,False,24,15,2,1,2,1,2
3344,24.9167,15.25,0.647,0.1533,0.1533,0.7,5,high,house,gable,False,24,15,5,1,1,1,1
3345,24.0833,15.5833,0.713,0.1533,0.46,0.7,5,high,house,hip,False,24,15,0,2,1,3,3
3346,24.75,15.4167,0.66,0.1533,0.1533,0.56,4,high,house,gable,False,24,15,4,2,1,1,1
3347,24.25,15.75,0.699,0.1533,0.46,0.7,5,high,house,hip,False,24,15,1,3,1,3,3
3348,24.5833,15.75,0.672,0.1533,0.46,0.98,7,high,house,hip,False,24,15,3,3,1,3,3
3349,24.9167,15.6667,0.647,0.1533,0.3067,0.84,6,high,house,hip,False,24,15,5,3,1,2,2
3350,24.4167,15.75,0.685,0.1533,0.1533,0.84,6,high,house,gable,False,24,15,2,4,1,1,1
3351,24.75,15.8333,0.659,0.1533,0.3067,0.84,6,high,house,hip,False,24,15,4,4,1,2,2
3352,24.0833,15.9167,0.712,0.1533,0.1533,0.84,6,high,house,gable,False,24,15,0,5,1,1,1
3353,24.25,16.0833,0.697,0.46,0.1533,0.56,4,high,house,gable,False,24,16,0,0,3,1,3
3354,24.5833,16.25,0.67,0.1533,0.46,0.98,7,high,house,hip,False,24,16,3,0,1,3,3
3355,24.0833,16.4167,0.708,0.1533,0.46,0.84,6,high,house,hip,False,24,16,0,1,1,3,3
3356,24.3333,16.4167,0.688,0.3067,0.1533,0.7,5,high,house,gable,False,24,16,1,2,2,1,2
3357,24.5833,16.5833,0.668,0.1533,0.1533,0.56,4,high,house,gable,False,24,16,3,3,1,1,1
3358,24.9167,16.75,0.642,0.1533,0.46,0.7,5,high,house,hip,False,24,16,5,3,1,3,3
3359,24.3333,16.8333,0.685,0.3067,0.3067,0.84,6,high,house,gable,False,24,16,1,4,2,2,4
3360,24.75,16.75,0.654,0.1533,0.1533,0.7,5,high,house,gable,False,24,16,4,4,1,1,1
3361,24.0833,16.9167,0.703,0.1533,0.1533,0.42,3,high,house,gable,False,24,16,0,5,1,1,1
3362,24.5833,16.9167,0.665,0.1533,0.1533,0.42,3,high,house,gable,False,24,16,3,5,1,1,1
3363,24.25,17.0833,0.689,0.46,0.1533,0.7,5,high,house,gable,False,24,17,0,0,3,1,3
3364,24.8333,17.0833,0.646,0.3067,0.1533,0.84,6,high,house,gable,False,24,17,4,0,2,1,2
3365,24.0833,17.4167,0.697,0.1533,0.46,0.7,5,high,house,hip,False,24,17,0,1,1,3,3
3366,24.4167,17.4167,0.672,0.1533,0.46,0.7,5,high,house,hip,False,24,17,2,1,1,3,3
3367,24.5833,17.25,0.662,0.1533,0.1533,0.7,5,high,house,gable,False,24,17,3,1,1,1,1
3368,24.9167,17.4167,0.637,0.1533,0.46,0.84,6,high,house,hip,False,24,17,5,1,1,3,3
3369,24.5833,17.75,0.657,0.1533,0.46,0.7,5,high,house,hip,False,24,17,3,3,1,3,3
3370,24.1667,17.8333,0.685,0.3067,0.3067,0.7,5,high,house,gable,False,24,17,0,4,2,2,4
3371,24.9167,17.75,0.634,0.1533,0.1533,0.56,4,high,house,gable,False,24,17,5,4,1,1,1
3372,24.4167,17.9167,0.666,0.1533,0.1533,0.84,6,high,house,gable,False,24,17,2,5,1,1,1
3373,24.0833,19.25,0.665,0.1533,0.46,0.84,6,high,house,hip,False,24,19,0,0,1,3,3
3374,24.4167,19.0833,0.648,0.1533,0.1533,0.42,3,high,house,gable,False,24,19,2,0,1,1,1
3375,24.25,19.25,0.655,0.1533,0.1533,0.84,6,high,house,gable,False,24,19,1,1,1,1,1
3376,24.5833,19.3333,0.633,0.1533,0.3067,0.7,5,high,house,hip,False,24,19,3,1,1,2,2
3377,24.9167,19.25,0.616,0.1533,0.1533,0.84,6,high,house,gable,False,24,19,5,1,1,1,1
3378,24.4167,19.5833,0.638,0.1533,0.46,0.98,7,high,house,hip,False,24,19,2,2,1,3,3
3379,24.75,19.4167,0.623,0.1533,0.1533,0.7,5,high,house,gable,False,24,19,4,2,1,1,1
3380,24.9167,19.75,0.609,0.1533,0.46,0.56,4,high,house,hip,False,24,19,5,3,1,3,3
3381,24.5833,19.9167,0.623,0.46,0.1533,0.7,5,high,house,gable,False,24,19,2,5,3,1,3
3382,24.1667,20.0833,0.641,0.3067,0.1533,0.7,5,high,house,gable,False,24,20,0,0,2,1,2
3383,24.75,20.0833,0.611,0.46,0.1533,0.7,5,high,house,gable,False,24,20,3,0,3,1,3
3384,24.3333,20.25,0.628,0.3067,0.1533,0.56,4,high,house,gable,False,24,20,1,1,2,1,2
3385,24.75,20.4167,0.605,0.1533,0.46,0.84,6,high,house,hip,False,24,20,4,1,1,3,3
3386,24.9167,20.25,0.601,0.1533,0.1533,0.42,3,high,house,gable,False,24,20,5,1,1,1,1
3387,24.0833,20.5833,0.633,0.1533,0.46,0.84,6,high,house,hip,False,24,20,0,2,1,3,3
3388,24.4167,20.5833,0.617,0.1533,0.46,0.98,7,high,house,hip,False,24,20,2,2,1,3,3
3389,24.8333,20.8333,0.594,0.3067,0.3067,0.7,5,high,house,gable,False,24,20,4,4,2,2,4
3390,24.25,20.9167,0.616,0.46,0.1533,0.84,6,high,house,gable,False,24,20,0,5,3,1,3
3391,24.25,21.0833,0.612,0.1533,0.1533,0.42,3,medium,house,gable,False,24,21,1,0,1,1,1
3392,24.3333,21.5833,0.596,0.3067,0.46,0.56,4,medium,house,hip,False,24,21,1,2,2,3,6
3393,24.0833,21.8333,0.598,0.1533,0.3067,0.42,3,medium,house,hip,False,24,21,0,4,1,2,2
3394,24.5,21.9167,0.581,0.3067,0.1533,0.56,4,medium,house,gable,False,24,21,2,5,2,1,2
3395,24.75,22.25,0.566,0.1533,0.46,0.56,4,medium,house,hip,False,24,22,4,0,1,3,3
3396,24.5833,22.25,0.571,0.1533,0.1533,0.42,3,medium,house,gable,False,24,22,3,1,1,1,1
3397,24.9167,22.4167,0.558,0.1533,0.46,0.56,4,medium,house,hip,False,24,22,5,1,1,3,3
3398,24.25,22.75,0.565,0.1533,0.46,0.56,4,medium,house,hip,False,24,22,1,3,1,3,3
3399,24.0833,22.75,0.569,0.1533,0.1533,0.42,3,medium,house,gable,False,24,22,0,4,1,1,1
3400,24.8333,22.75,0.552,0.3067,0.1533,0.56,4,medium,house,gable,False,24,22,4,4,2,1,2
3401,24.4167,22.9167,0.557,0.1533,0.1533,0.28,2,medium,house,gable,False,24,22,2,5,1,1,1
3402,24.75,22.9167,0.55,0.1533,0.1533,0.56,4,medium,house,gable,False,24,22,4,5,1,1,1
3403,24.5833,23.25,0.544,0.46,0.1533,0.42,3,low,house,gable,False,24,23,2,1,3,1,3
3404,24.4167,23.4167,0.542,0.1533,0.1533,0.42,3,low,house,gable,False,24,23,2,2,1,1,1
3405,24.75,23.4167,0.537,0.1533,0.1533,0.28,2,low,house,gable,False,24,23,4,2,1,1,1
3406,24.5833,23.75,0.53,0.1533,0.46,0.28,2,low,house,hip,False,24,23,3,3,1,3,3
3407,24.8333,23.8333,0.525,0.3067,0.3067,0.42,3,low,house,gable,False,24,23,4,4,2,2,4
3408,24.3333,24.1667,0.52,0.3067,0.3067,0.42,3,low,house,gable,False,24,24,1,0,2,2,4
3409,24.75,24.25,0.514,0.46,0.1533,0.14,1,low,house,gable,False,24,24,3,1,3,1,3
3410,24.8333,24.4167,0.509,0.3067,0.1533,0.42,3,low,house,gable,False,24,24,4,2,2,1,2
3411,24.3333,25.6667,0.469,0.3067,0.3067,0.42,3,low,house,gable,False,24,25,1,3,2,2,4
3412,24.5833,25.5833,0.473,0.1533,0.1533,0.28,2,low,house,gable,False,24,25,3,3,1,1,1
3413,24.5,25.9167,0.461,0.3067,0.1533,0.28,2,low,house,gable,False,24,25,2,5,2,1,2
3414,24.4167,26.5833,0.436,0.1533,0.1533,0.14,1,low,house,gable,False,24,26,2,3,1,1,1
3415,25.75,1.5833,0.431,0.1533,0.1533,0.14,1,low,house,gable,False,25,1,4,3,1,1,1
3416,25.5833,1.75,0.431,0.1533,0.1533,0.14,1,low,house,gable,False,25,1,3,4,1,1,1
3417,25.9167,1.75,0.439,0.1533,0.1533,0.14,1,low,house,gable,False,25,1,5,4,1,1,1
3418,25.75,1.9167,0.439,0.1533,0.1533,0.42,3,low,house,gable,False,25,1,4,5,1,1,1
3419,25.6667,2.1667,0.443,0.3067,0.3067,0.28,2,low,house,gable,False,25,2,3,0,2,2,4
3420,25.9167,2.25,0.451,0.1533,0.1533,0.28,2,low,house,gable,False,25,2,5,1,1,1,1
3421,25.75,2.5833,0.455,0.1533,0.46,0.42,3,low,house,hip,False,25,2,4,2,1,3,3
3422,25.9167,2.5833,0.458,0.1533,0.1533,0.28,2,low,house,gable,False,25,2,5,3,1,1,1
3423,25.5833,2.8333,0.457,0.1533,0.3067,0.42,3,low,house,hip,False,25,2,3,4,1,2,2
3424,25.5833,3.75,0.477,0.1533,0.46,0.42,3,low,house,hip,False,25,3,3,3,1,3,3
3425,25.75,3.75,0.478,0.1533,0.1533,0.28,2,low,house,gable,False,25,3,4,4,1,1,1
3426,25.9167,3.9167,0.483,0.1533,0.1533,0.28,2,low,house,gable,False,25,3,5,5,1,1,1
3427,25.5,4.5,0.491,0.3067,0.3067,0.42,3,low,house,gable,False,25,4,2,2,2,2,4
3428,25.75,4.75,0.496,0.46,0.1533,0.42,3,low,house,gable,False,25,4,3,4,3,1,3
3429,25.8333,4.9167,0.498,0.3067,0.1533,0.28,2,low,house,gable,False,25,4,4,5,2,1,2
3430,25.3333,5.8333,0.517,0.3067,0.3067,0.42,3,low,house,gable,False,25,5,1,4,2,2,4
3431,25.5833,5.9167,0.515,0.1533,0.1533,0.42,3,low,house,gable,False,25,5,3,5,1,1,1
3432,25.8333,6.6667,0.521,0.3067,0.3067,0.42,3,low,house,gable,False,25,6,4,3,2,2,4
3433,25.6667,6.9167,0.528,0.3067,0.1533,0.42,3,low,house,gable,False,25,6,3,5,2,1,2
3434,25.5,7.0833,0.534,0.3067,0.1533,0.42,3,low,house,gable,False,25,7,2,0,2,1,2
3435,25.4167,7.25,0.539,0.1533,0.1533,0.28,2,low,house,gable,False,25,7,2,1,1,1,1
3436,25.3333,10.1667,0.583,0.3067,0.3067,0.42,3,medium,house,gable,False,25,10,1,0,2,2,4
3437,25.75,10.0833,0.56,0.46,0.1533,0.28,2,medium,house,gable,False,25,10,3,0,3,1,3
3438,25.0833,10.3333,0.599,0.1533,0.3067,0.42,3,medium,house,hip,False,25,10,0,1,1,2,2
3439,25.75,10.4167,0.563,0.1533,0.46,0.56,4,medium,house,hip,False,25,10,4,1,1,3,3
3440,25.4167,10.5,0.582,0.1533,0.3067,0.56,4,medium,house,hip,False,25,10,2,2,1,2,2
3441,25.9167,10.5,0.555,0.1533,0.3067,0.42,3,medium,house,hip,False,25,10,5,2,1,2,2
3442,25.25,10.5833,0.592,0.1533,0.1533,0.28,2,medium,house,gable,False,25,10,1,3,1,1,1
3443,25.5833,10.5833,0.573,0.1533,0.1533,0.28,2,medium,house,gable,False,25,10,3,3,1,1,1
3444,25.25,10.9167,0.596,0.1533,0.1533,0.28,2,medium,house,gable,False,25,10,1,5,1,1,1
3445,25.25,11.0833,0.598,0.1533,0.1533,0.42,3,medium,house,gable,False,25,11,1,0,1,1,1
3446,25.5833,11.4167,0.581,0.46,0.1533,0.56,4,medium,house,gable,False,25,11,2,2,3,1,3
3447,25.9167,11.4167,0.561,0.1533,0.1533,0.56,4,medium,house,gable,False,25,11,5,2,1,1,1
3448,25.75,11.75,0.573,0.1533,0.46,0.56,4,medium,house,hip,False,25,11,4,3,1,3,3
3449,25.1667,11.8333,0.611,0.3067,0.3067,0.56,4,medium,house,gable,False,25,11,0,4,2,2,4
3450,25.4167,11.75,0.594,0.1533,0.1533,0.56,4,medium,house,gable,False,25,11,2,4,1,1,1
3451,25.9167,11.75,0.563,0.1533,0.1533,0.42,3,medium,house,gable,False,25,11,5,4,1,1,1
3452,25.5833,11.9167,0.585,0.1533,0.1533,0.28,2,medium,house,gable,False,25,11,3,5,1,1,1
3453,25.3333,12.1667,0.603,0.3067,0.3067,0.56,4,medium,house,gable,False,25,12,1,0,2,2,4
3454,25.75,12.0833,0.575,0.46,0.1533,0.56,4,medium,house,gable,False,25,12,3,0,3,1,3
3455,25.9167,12.25,0.566,0.1533,0.1533,0.42,3,medium,house,gable,False,25,12,5,1,1,1,1
3456,25.25,12.4167,0.611,0.1533,0.1533,0.28,2,medium,house,gable,False,25,12,1,2,1,1,1
3457,25.0833,12.6667,0.625,0.1533,0.3067,0.42,3,medium,house,hip,False,25,12,0,3,1,2,2
3458,25.5833,12.5833,0.59,0.46,0.1533,0.56,4,medium,house,gable,False,25,12,2,3,3,1,3
3459,25.9167,12.75,0.569,0.1533,0.46,0.56,4,medium,house,hip,False,25,12,5,3,1,3,3
3460,25.3333,12.8333,0.608,0.3067,0.3067,0.56,4,medium,house,gable,False,25,12,1,4,2,2,4
3461,25.75,12.8333,0.58,0.1533,0.3067,0.56,4,medium,house,hip,False,25,12,4,4,1,2,2
3462,25.5833,12.9167,0.591,0.1533,0.1533,0.56,4,medium,house,gable,False,25,12,3,5,1,1,1
3463,25.1667,13.0833,0.622,0.3067,0.1533,0.56,4,medium,house,gable,False,25,13,0,0,2,1,2
3464,25.0833,13.25,0.629,0.1533,0.1533,0.28,2,medium,house,gable,False,25,13,0,1,1,1,1
3465,25.25,13.5833,0.618,0.1533,0.46,0.42,3,medium,house,hip,False,25,13,1,2,1,3,3
3466,25.0833,13.5833,0.631,0.1533,0.1533,0.28,2,medium,house,gable,False,25,13,0,3,1,1,1
3467,25.5833,13.75,0.595,0.1533,0.46,0.56,4,medium,house,hip,False,25,13,3,3,1,3,3
3468,25.4167,13.75,0.607,0.1533,0.1533,0.28,2,medium,house,gable,False,25,13,2,4,1,1,1
3469,25.8333,13.75,0.578,0.3067,0.1533,0.28,2,medium,house,gable,False,25,13,4,4,2,1,2
3470,25.9167,13.9167,0.573,0.1533,0.1533,0.28,2,medium,house,gable,False,25,13,5,5,1,1,1
3471,25.25,14.0833,0.621,0.46,0.1533,0.42,3,medium,house,gable,False,25,14,0,0,3,1,3
3472,25.0833,14.3333,0.634,0.1533,0.3067,0.56,4,medium,house,hip,False,25,14,0,1,1,2,2
3473,25.5833,14.4167,0.597,0.1533,0.46,0.56,4,medium,house,hip,False,25,14,3,1,1,3,3
3474,25.25,14.5833,0.622,0.1533,0.46,0.56,4,medium,house,hip,False,25,14,1,2,1,3,3
3475,25.4167,14.4167,0.609,0.1533,0.1533,0.56,4,medium,house,gable,False,25,14,2,2,1,1,1
3476,25.9167,14.4167,0.574,0.1533,0.1533,0.42,3,medium,house,gable,False,25,14,5,2,1,1,1
3477,25.4167,14.75,0.61,0.1533,0.1533,0.42,3,medium,house,gable,False,25,14,2,4,1,1,1
3478,25.1667,15.1667,0.629,0.3067,0.3067,0.84,6,high,house,gable,False,25,15,0,0,2,2,4
3479,25.8333,15.1667,0.581,0.3067,0.3067,0.84,6,high,house,gable,False,25,15,4,0,2,2,4
3480,25.5833,15.4167,0.599,0.1533,0.46,0.98,7,high,house,hip,False,25,15,3,1,1,3,3
3481,25.0833,15.5833,0.634,0.1533,0.46,0.84,6,high,house,hip,False,25,15,0,2,1,3,3
3482,25.9167,15.4167,0.576,0.1533,0.1533,0.56,4,high,house,gable,False,25,15,5,2,1,1,1
3483,25.25,15.5833,0.622,0.1533,0.1533,0.56,4,high,house,gable,False,25,15,1,3,1,1,1
3484,25.75,15.75,0.587,0.1533,0.46,0.84,6,high,house,hip,False,25,15,4,3,1,3,3
3485,25.5,15.75,0.604,0.3067,0.1533,0.84,6,high,house,gable,False,25,15,2,4,2,1,2
3486,25.9167,15.75,0.576,0.1533,0.1533,0.84,6,high,house,gable,False,25,15,5,4,1,1,1
3487,25.4167,15.9167,0.61,0.1533,0.1533,0.42,3,high,house,gable,False,25,15,2,5,1,1,1
3488,25.5833,16.0833,0.598,0.46,0.1533,0.84,6,high,house,gable,False,25,16,2,0,3,1,3
3489,25.4167,16.4167,0.609,0.1533,0.46,0.7,5,high,house,hip,False,25,16,2,1,1,3,3
3490,25.9167,16.4167,0.576,0.1533,0.46,0.42,3,high,house,hip,False,25,16,5,1,1,3,3
3491,25.0833,16.4167,0.632,0.1533,0.1533,0.42,3,high,house,gable,False,25,16,0,2,1,1,1
3492,25.6667,16.4167,0.592,0.3067,0.1533,0.56,4,high,house,gable,False,25,16,3,2,2,1,2
3493,25.75,16.75,0.586,0.1533,0.46,0.84,6,high,house,hip,False,25,16,4,3,1,3,3
3494,25.4167,16.8333,0.607,0.1533,0.3067,0.42,3,high,house,hip,False,25,16,2,4,1,2,2
3495,25.5833,16.9167,0.596,0.1533,0.1533,0.84,6,high,house,gable,False,25,16,3,5,1,1,1
3496,25.9167,16.9167,0.575,0.1533,0.1533,0.42,3,high,house,gable,False,25,16,5,5,1,1,1
3497,25.25,17.0833,0.617,0.46,0.1533,0.84,6,high,house,gable,False,25,17,0,0,3,1,3
3498,25.5833,17.1667,0.595,0.1533,0.3067,0.84,6,high,house,hip,False,25,17,3,0,1,2,2
3499,25.0833,17.4167,0.626,0.1533,0.46,0.7,5,high,house,hip,False,25,17,0,1,1,3,3
3500,25.4167,17.4167,0.604,0.1533,0.46,0.7,5,high,house,hip,False,25,17,2,1,1,3,3
3501,25.9167,17.3333,0.574,0.1533,0.3067,0.84,6,high,house,hip,False,25,17,5,1,1,2,2
3502,25.75,17.4167,0.584,0.1533,0.1533,0.7,5,high,house,gable,False,25,17,4,2,1,1,1
3503,25.5833,17.75,0.592,0.1533,0.46,0.98,7,high,house,hip,False,25,17,3,3,1,3,3
3504,25.0833,17.8333,0.623,0.1533,0.3067,0.84,6,high,house,hip,False,25,17,0,4,1,2,2
3505,25.4167,17.8333,0.602,0.1533,0.3067,0.56,4,high,house,hip,False,25,17,2,4,1,2,2
3506,25.25,17.9167,0.611,0.1533,0.1533,0.7,5,high,house,gable,False,25,17,1,5,1,1,1
3507,25.5833,18.0833,0.59,0.46,0.1533,0.84,6,high,house,gable,False,25,18,2,0,3,1,3
3508,25.9167,18.25,0.571,0.1533,0.46,0.56,4,high,house,hip,False,25,18,5,0,1,3,3
3509,25.4167,18.4167,0.598,0.1533,0.46,0.7,5,high,house,hip,False,25,18,2,1,1,3,3
3510,25.75,18.5,0.579,0.1533,0.3067,0.84,6,high,house,hip,False,25,18,4,2,1,2,2
3511,25.9167,18.75,0.568,0.1533,0.46,0.7,5,high,house,hip,False,25,18,5,3,1,3,3
3512,25.4167,18.75,0.595,0.1533,0.1533,0.84,6,high,house,gable,False,25,18,2,4,1,1,1
3513,25.25,18.9167,0.602,0.1533,0.1533,0.56,4,high,house,gable,False,25,18,1,5,1,1,1
3514,25.6667,18.9167,0.58,0.3067,0.1533,0.84,6,high,house,gable,False,25,18,3,5,2,1,2
3515,25.5833,19.0833,0.583,0.46,0.1533,0.42,3,medium,house,gable,False,25,19,2,0,3,1,3
3516,25.25,19.25,0.599,0.1533,0.1533,0.42,3,medium,house,gable,False,25,19,1,1,1,1,1
3517,25.5833,19.4167,0.58,0.1533,0.46,0.42,3,medium,house,hip,False,25,19,3,1,1,3,3
3518,25.9167,19.4167,0.565,0.1533,0.46,0.56,4,medium,house,hip,False,25,19,5,1,1,3,3
3519,25.4167,19.4167,0.588,0.1533,0.1533,0.42,3,medium,house,gable,False,25,19,2,2,1,1,1
3520,25.75,19.75,0.57,0.1533,0.46,0.56,4,medium,house,hip,False,25,19,4,3,1,3,3
3521,25.9167,19.9167,0.561,0.1533,0.1533,0.56,4,medium,house,gable,False,25,19,5,5,1,1,1
3522,25.4167,20.0833,0.581,0.46,0.1533,0.42,3,medium,house,gable,False,25,20,1,0,3,1,3
3523,25.4167,20.4167,0.577,0.1533,0.46,0.56,4,medium,house,hip,False,25,20,2,1,1,3,3
3524,25.8333,20.4167,0.561,0.3067,0.46,0.56,4,medium,house,hip,False,25,20,4,1,2,3,6
3525,25.1667,20.4167,0.587,0.3067,0.1533,0.56,4,medium,house,gable,False,25,20,0,2,2,1,2
3526,25.25,20.5833,0.581,0.1533,0.1533,0.56,4,medium,house,gable,False,25,20,1,3,1,1,1
3527,25.4167,20.75,0.573,0.1533,0.1533,0.28,2,medium,house,gable,False,25,20,2,4,1,1,1
3528,25.3333,21.1667,0.57,0.3067,0.3067,0.56,4,medium,house,gable,False,25,21,1,0,2,2,4
3529,25.75,21.0833,0.557,0.46,0.1533,0.28,2,medium,house,gable,False,25,21,3,0,3,1,3
3530,25.75,21.25,0.555,0.1533,0.1533,0.28,2,medium,house,gable,False,25,21,4,1,1,1,1
3531,25.0833,21.5833,0.571,0.1533,0.46,0.28,2,medium,house,hip,False,25,21,0,2,1,3,3
3532,25.4167,21.4167,0.563,0.1533,0.1533,0.56,4,medium,house,gable,False,25,21,2,2,1,1,1
3533,25.25,21.5833,0.566,0.1533,0.1533,0.28,2,medium,house,gable,False,25,21,1,3,1,1,1
3534,25.4167,21.8333,0.557,0.1533,0.3067,0.42,3,medium,house,hip,False,25,21,2,4,1,2,2
3535,25.1667,21.9167,0.562,0.3067,0.1533,0.56,4,medium,house,gable,False,25,21,0,5,2,1,2
3536,25.5833,21.9167,0.551,0.1533,0.1533,0.56,4,medium,house,gable,False,25,21,3,5,1,1,1
3537,25.4167,22.0833,0.553,0.46,0.1533,0.42,3,medium,house,gable,False,25,22,1,0,3,1,3
3538,25.75,22.0833,0.545,0.1533,0.1533,0.42,3,medium,house,gable,False,25,22,4,0,1,1,1
3539,25.5,22.25,0.548,0.3067,0.1533,0.56,4,medium,house,gable,False,25,22,2,1,2,1,2
3540,25.25,22.75,0.545,0.46,0.1533,0.42,3,medium,house,gable,False,25,22,0,4,3,1,3
3541,25.8333,22.8333,0.534,0.3067,0.3067,0.56,4,medium,house,gable,False,25,22,4,4,2,2,4
3542,25.4167,22.9167,0.539,0.46,0.1533,0.56,4,medium,house,gable,False,25,22,1,5,3,1,3
3543,25.1667,23.5,0.53,0.3067,0.3067,0.42,3,low,house,gable,False,25,23,0,2,2,2,4
3544,25.4167,23.4167,0.529,0.1533,0.1533,0.28,2,low,house,gable,False,25,23,2,2,1,1,1
3545,25.0833,23.75,0.525,0.1533,0.1533,0.42,3,low,house,gable,False,25,23,0,4,1,1,1
3546,25.3333,24.0833,0.516,0.3067,0.1533,0.42,3,low,house,gable,False,25,24,1,0,2,1,2
3547,25.5,24.25,0.512,0.3067,0.1533,0.42,3,low,house,gable,False,25,24,2,1,2,1,2
3548,25.8333,25.6667,0.484,0.3067,0.3067,0.42,3,low,house,gable,False,25,25,4,3,2,2,4
3549,25.5833,25.75,0.479,0.1533,0.1533,0.14,1,low,house,gable,False,25,25,3,4,1,1,1
3550,25.5833,26.6667,0.454,0.1533,0.3067,0.42,3,low,house,hip,False,25,26,3,3,1,2,2
3551,25.25,26.8333,0.442,0.46,0.3067,0.42,3,low,house,gable,False,25,26,0,4,3,2,6
3552,25.9167,26.8333,0.457,0.1533,0.3067,0.42,3,low,house,hip,False,25,26,5,4,1,2,2
3553,25.75,26.9167,0.451,0.1533,0.1533,0.28,2,low,house,gable,False,25,26,4,5,1,1,1
3554,26.4167,1.4167,0.444,0.46,0.1533,0.14,1,low,house,gable,False,26,1,1,2,3,1,3
3555,26.75,1.4167,0.453,0.1533,0.1533,0.28,2,low,house,gable,False,26,1,4,2,1,1,1
3556,26.5833,1.5833,0.452,0.1533,0.1533,0.42,3,low,house,gable,False,26,1,3,3,1,1,1
3557,26.8333,2.0833,0.467,0.3067,0.1533,0.14,1,low,house,gable,False,26,2,4,0,2,1,2
3558,26.9167,2.25,0.471,0.1533,0.1533,0.42,3,low,house,gable,False,26,2,5,1,1,1,1
3559,26.8333,4.1667,0.492,0.3067,0.3067,0.28,2,low,house,gable,False,26,4,4,0,2,2,4
3560,26.5833,4.75,0.496,0.1533,0.1533,0.28,2,low,house,gable,False,26,4,3,4,1,1,1
3561,26.75,6.9167,0.506,0.1533,0.1533,0.28,2,low,house,gable,False,26,6,4,5,1,1,1
3562,26.5833,7.5,0.512,0.1533,0.3067,0.28,2,low,house,hip,False,26,7,3,2,1,2,2
3563,26.0833,7.6667,0.526,0.1533,0.3067,0.28,2,low,house,hip,False,26,7,0,3,1,2,2
3564,26.4167,7.75,0.517,0.1533,0.46,0.42,3,low,house,hip,False,26,7,2,3,1,3,3
3565,26.75,7.6667,0.508,0.1533,0.3067,0.28,2,low,house,hip,False,26,7,4,3,1,2,2
3566,26.25,7.75,0.522,0.1533,0.1533,0.28,2,low,house,gable,False,26,7,1,4,1,1,1
3567,26.6667,8.8333,0.513,0.3067,0.3067,0.28,2,low,house,gable,False,26,8,3,4,2,2,4
3568,26.5,9.5833,0.522,0.3067,0.1533,0.42,3,low,house,gable,False,26,9,2,3,2,1,2
3569,26.4167,9.75,0.526,0.1533,0.1533,0.28,2,low,house,gable,False,26,9,2,4,1,1,1
3570,26.25,10.1667,0.536,0.46,0.3067,0.56,4,medium,house,gable,False,26,10,0,0,3,2,6
3571,26.5833,10.1667,0.52,0.1533,0.3067,0.56,4,medium,house,hip,False,26,10,3,0,1,2,2
3572,26.25,10.6667,0.538,0.1533,0.3067,0.28,2,medium,house,hip,False,26,10,1,3,1,2,2
3573,26.5833,10.75,0.522,0.1533,0.46,0.42,3,medium,house,hip,False,26,10,3,3,1,3,3
3574,26.0833,10.8333,0.548,0.1533,0.3067,0.28,2,medium,house,hip,False,26,10,0,4,1,2,2
3575,26.4167,10.8333,0.531,0.1533,0.3067,0.42,3,medium,house,hip,False,26,10,2,4,1,2,2
3576,26.75,10.9167,0.514,0.1533,0.1533,0.56,4,medium,house,gable,False,26,10,4,5,1,1,1
3577,26.0833,11.25,0.551,0.1533,0.46,0.42,3,medium,house,hip,False,26,11,0,0,1,3,3
3578,26.25,11.0833,0.54,0.1533,0.1533,0.42,3,medium,house,gable,False,26,11,1,0,1,1,1
3579,26.5833,11.0833,0.523,0.1533,0.1533,0.56,4,medium,house,gable,False,26,11,3,0,1,1,1
3580,26.4167,11.4167,0.533,0.1533,0.46,0.56,4,medium,house,hip,False,26,11,2,1,1,3,3
3581,26.9167,11.25,0.506,0.1533,0.1533,0.56,4,medium,house,gable,False,26,11,5,1,1,1,1
3582,26.5833,11.5,0.524,0.1533,0.3067,0.42,3,medium,house,hip,False,26,11,3,2,1,2,2
3583,26.0833,11.75,0.553,0.1533,0.46,0.56,4,medium,house,hip,False,26,11,0,3,1,3,3
3584,26.3333,11.75,0.539,0.3067,0.1533,0.56,4,medium,house,gable,False,26,11,1,4,2,1,2
3585,26.8333,11.75,0.511,0.3067,0.1533,0.56,4,medium,house,gable,False,26,11,4,4,2,1,2
3586,26.25,11.9167,0.544,0.1533,0.1533,0.28,2,medium,house,gable,False,26,11,1,5,1,1,1
3587,26.5833,11.9167,0.525,0.1533,0.1533,0.28,2,medium,house,gable,False,26,11,3,5,1,1,1
3588,26.9167,11.9167,0.507,0.1533,0.1533,0.28,2,medium,house,gable,False,26,11,5,5,1,1,1
3589,26.0833,12.5833,0.557,0.1533,0.46,0.56,4,medium,house,hip,False,26,12,0,2,1,3,3
3590,26.25,12.4167,0.546,0.1533,0.1533,0.28,2,medium,house,gable,False,26,12,1,2,1,1,1
3591,26.75,12.4167,0.517,0.46,0.1533,0.56,4,medium,house,gable,False,26,12,3,2,3,1,3
3592,26.4167,12.75,0.537,0.1533,0.46,0.42,3,medium,house,hip,False,26,12,2,3,1,3,3
3593,26.8333,12.5833,0.512,0.3067,0.1533,0.42,3,medium,house,gable,False,26,12,4,3,2,1,2
3594,26.5833,12.75,0.527,0.1533,0.1533,0.28,2,medium,house,gable,False,26,12,3,4,1,1,1
3595,26.9167,12.8333,0.508,0.1533,0.3067,0.56,4,medium,house,hip,False,26,12,5,4,1,2,2
3596,26.1667,12.9167,0.553,0.3067,0.1533,0.56,4,medium,house,gable,False,26,12,0,5,2,1,2
3597,26.75,12.9167,0.518,0.1533,0.1533,0.56,4,medium,house,gable,False,26,12,4,5,1,1,1
3598,26.0833,13.25,0.56,0.1533,0.46,0.56,4,medium,house,hip,False,26,13,0,0,1,3,3
3599,26.5,13.1667,0.533,0.3067,0.3067,0.56,4,medium,house,gable,False,26,13,2,0,2,2,4
3600,26.75,13.4167,0.519,0.1533,0.46,0.56,4,medium,house,hip,False,26,13,4,1,1,3,3
3601,26.25,13.4167,0.55,0.1533,0.1533,0.56,4,medium,house,gable,False,26,13,1,2,1,1,1
3602,26.9167,13.5833,0.509,0.1533,0.46,0.56,4,medium,house,hip,False,26,13,5,2,1,3,3
3603,26.0833,13.5833,0.561,0.1533,0.1533,0.28,2,medium,house,gable,False,26,13,0,3,1,1,1
3604,26.5,13.5833,0.534,0.3067,0.1533,0.56,4,medium,house,gable,False,26,13,2,3,2,1,2
3605,26.4167,13.75,0.54,0.1533,0.1533,0.42,3,medium,house,gable,False,26,13,2,4,1,1,1
3606,26.75,13.8333,0.52,0.1533,0.3067,0.56,4,medium,house,hip,False,26,13,4,4,1,2,2
3607,26.5833,13.9167,0.53,0.1533,0.1533,0.28,2,medium,house,gable,False,26,13,3,5,1,1,1
3608,26.1667,14.25,0.557,0.3067,0.46,0.56,4,medium,house,hip,False,26,14,0,0,2,3,6
3609,26.75,14.1667,0.52,0.1533,0.3067,0.56,4,medium,house,hip,False,26,14,4,0,1,2,2
3610,26.4167,14.3333,0.541,0.1533,0.3067,0.56,4,medium,house,hip,False,26,14,2,1,1,2,2
3611,26.9167,14.4167,0.511,0.1533,0.46,0.42,3,medium,house,hip,False,26,14,5,1,1,3,3
3612,26.25,14.75,0.553,0.1533,0.46,0.56,4,medium,house,hip,False,26,14,1,3,1,3,3
3613,26.75,14.75,0.522,0.1533,0.46,0.42,3,medium,house,hip,False,26,14,4,3,1,3,3
3614,26.0833,14.8333,0.564,0.1533,0.3067,0.56,4,medium,house,hip,False,26,14,0,4,1,2,2
3615,26.5833,14.8333,0.532,0.1533,0.3067,0.42,3,medium,house,hip,False,26,14,3,4,1,2,2
3616,26.9167,14.9167,0.512,0.1533,0.1533,0.28,2,medium,house,gable,False,26,14,5,5,1,1,1
3617,26.25,15.0833,0.554,0.46,0.1533,0.56,4,medium,house,gable,False,26,15,0,0,3,1,3
3618,26.5833,15.0833,0.533,0.1533,0.1533,0.42,3,medium,house,gable,False,26,15,3,0,1,1,1
3619,26.0833,15.4167,0.565,0.1533,0.46,0.56,4,medium,house,hip,False,26,15,0,1,1,3,3
3620,26.4167,15.3333,0.543,0.1533,0.3067,0.42,3,medium,house,hip,False,26,15,2,1,1,2,2
3621,26.8333,15.3333,0.518,0.3067,0.3067,0.56,4,medium,house,gable,False,26,15,4,1,2,2,4
3622,26.25,15.5,0.554,0.1533,0.3067,0.56,4,medium,house,hip,False,26,15,1,2,1,2,2
3623,26.5833,15.4167,0.533,0.1533,0.1533,0.56,4,medium,house,gable,False,26,15,3,2,1,1,1
3624,26.9167,15.5833,0.513,0.1533,0.1533,0.28,2,medium,house,gable,False,26,15,5,3,1,1,1
3625,26.75,15.8333,0.524,0.1533,0.3067,0.42,3,medium,house,hip,False,26,15,4,4,1,2,2
3626,26.5833,16.5833,0.535,0.11,0.11,2.1,15,medium,tower,flat,True,26,16,3,3,1,1,1
3627,26.5,16.4167,0.54,0.3067,0.1533,0.56,4,medium,house,gable,False,26,16,2,2,2,1,2
3628,26.4167,16.5833,0.545,0.1533,0.1533,0.56,4,medium,house,gable,False,26,16,2,3,1,1,1
3629,26.5833,16.9167,0.535,0.1533,0.1533,0.28,2,medium,house,gable,False,26,16,3,5,1,1,1
3630,26.4167,17.5,0.545,0.1533,0.3067,0.84,6,high,house,hip,False,26,17,2,2,1,2,2
3631,26.8333,17.5,0.522,0.3067,0.3067,0.56,4,high,house,gable,False,26,17,4,2,2,2,4
3632,26.0833,17.75,0.563,0.1533,0.46,0.7,5,high,house,hip,False,26,17,0,3,1,3,3
3633,26.25,17.5833,0.554,0.1533,0.1533,0.56,4,high,house,gable,False,26,17,1,3,1,1,1
3634,26.5833,17.75,0.536,0.1533,0.46,0.84,6,high,house,hip,False,26,17,3,3,1,3,3
3635,26.9167,17.8333,0.519,0.1533,0.3067,0.84,6,high,house,hip,False,26,17,5,4,1,2,2
3636,26.3333,17.9167,0.549,0.3067,0.1533,0.56,4,high,house,gable,False,26,17,1,5,2,1,2
3637,26.75,17.9167,0.527,0.1533,0.1533,0.42,3,high,house,gable,False,26,17,4,5,1,1,1
3638,26.25,18.0833,0.553,0.46,0.1533,0.7,5,high,house,gable,False,26,18,0,0,3,1,3
3639,26.75,18.0833,0.528,0.46,0.1533,0.7,5,high,house,gable,False,26,18,3,0,3,1,3
3640,26.0833,18.25,0.562,0.1533,0.1533,0.84,6,high,house,gable,False,26,18,0,1,1,1,1
3641,26.4167,18.3333,0.544,0.1533,0.3067,0.84,6,high,house,hip,False,26,18,2,1,1,2,2
3642,26.9167,18.4167,0.52,0.1533,0.46,0.84,6,high,house,hip,False,26,18,5,1,1,3,3
3643,26.25,18.5,0.553,0.1533,0.3067,0.56,4,high,house,hip,False,26,18,1,2,1,2,2
3644,26.5833,18.5,0.536,0.1533,0.3067,0.7,5,high,house,hip,False,26,18,3,2,1,2,2
3645,26.4167,18.8333,0.544,0.1533,0.3067,0.84,6,high,house,hip,False,26,18,2,4,1,2,2
3646,26.75,18.8333,0.528,0.1533,0.3067,0.7,5,high,house,hip,False,26,18,4,4,1,2,2
3647,26.25,18.9167,0.551,0.1533,0.1533,0.7,5,high,house,gable,False,26,18,1,5,1,1,1
3648,26.5833,18.9167,0.536,0.1533,0.1533,0.56,4,high,house,gable,False,26,18,3,5,1,1,1
3649,26.9167,18.9167,0.521,0.1533,0.1533,0.56,4,high,house,gable,False,26,18,5,5,1,1,1
3650,26.5833,19.0833,0.536,0.46,0.1533,0.42,3,medium,house,gable,False,26,19,2,0,3,1,3
3651,26.9167,19.25,0.522,0.1533,0.46,0.56,4,medium,house,hip,False,26,19,5,0,1,3,3
3652,26.0833,19.3333,0.558,0.1533,0.3067,0.42,3,medium,house,hip,False,26,19,0,1,1,2,2
3653,26.4167,19.4167,0.543,0.1533,0.46,0.56,4,medium,house,hip,False,26,19,2,1,1,3,3
3654,26.5833,19.4167,0.536,0.1533,0.1533,0.28,2,medium,house,gable,False,26,19,3,2,1,1,1
3655,26.8333,19.5833,0.526,0.3067,0.1533,0.28,2,medium,house,gable,False,26,19,4,3,2,1,2
3656,26.5833,19.8333,0.535,0.1533,0.3067,0.56,4,medium,house,hip,False,26,19,3,4,1,2,2
3657,26.9167,19.8333,0.523,0.1533,0.3067,0.56,4,medium,house,hip,False,26,19,5,4,1,2,2
3658,26.4167,19.9167,0.541,0.1533,0.1533,0.28,2,medium,house,gable,False,26,19,2,5,1,1,1
3659,26.75,19.9167,0.529,0.1533,0.1533,0.28,2,medium,house,gable,False,26,19,4,5,1,1,1
3660,26.1667,20.1667,0.55,0.3067,0.3067,0.56,4,medium,house,gable,False,26,20,0,0,2,2,4
3661,26.75,20.0833,0.529,0.46,0.1533,0.56,4,medium,house,gable,False,26,20,3,0,3,1,3
3662,26.5833,20.25,0.535,0.1533,0.1533,0.28,2,medium,house,gable,False,26,20,3,1,1,1,1
3663,26.9167,20.25,0.523,0.1533,0.1533,0.56,4,medium,house,gable,False,26,20,5,1,1,1,1
3664,26.0833,20.4167,0.552,0.1533,0.1533,0.28,2,medium,house,gable,False,26,20,0,2,1,1,1
3665,26.25,20.8333,0.543,0.1533,0.3067,0.56,4,medium,house,hip,False,26,20,1,4,1,2,2
3666,26.9167,20.8333,0.523,0.1533,0.3067,0.56,4,medium,house,hip,False,26,20,5,4,1,2,2
3667,26.4167,20.9167,0.538,0.1533,0.1533,0.56,4,medium,house,gable,False,26,20,2,5,1,1,1
3668,26.75,20.9167,0.528,0.1533,0.1533,0.56,4,medium,house,gable,False,26,20,4,5,1,1,1
3669,26.4167,21.0833,0.537,0.46,0.1533,0.42,3,medium,house,gable,False,26,21,1,0,3,1,3
3670,26.75,21.0833,0.528,0.1533,0.1533,0.42,3,medium,house,gable,False,26,21,4,0,1,1,1
3671,26.1667,21.25,0.543,0.3067,0.1533,0.56,4,medium,house,gable,False,26,21,0,1,2,1,2
3672,26.0833,21.4167,0.544,0.1533,0.1533,0.42,3,medium,house,gable,False,26,21,0,2,1,1,1
3673,26.4167,21.5833,0.535,0.1533,0.46,0.42,3,medium,house,hip,False,26,21,2,2,1,3,3
3674,26.25,21.5833,0.539,0.1533,0.1533,0.56,4,medium,house,gable,False,26,21,1,3,1,1,1
3675,26.5833,21.5833,0.531,0.1533,0.1533,0.42,3,medium,house,gable,False,26,21,3,3,1,1,1
3676,26.0833,21.8333,0.541,0.1533,0.3067,0.42,3,medium,house,hip,False,26,21,0,4,1,2,2
3677,26.9167,21.8333,0.523,0.1533,0.3067,0.56,4,medium,house,hip,False,26,21,5,4,1,2,2
3678,26.3333,21.9167,0.534,0.3067,0.1533,0.42,3,medium,house,gable,False,26,21,1,5,2,1,2
3679,26.75,21.9167,0.526,0.1533,0.1533,0.28,2,medium,house,gable,False,26,21,4,5,1,1,1
3680,26.75,24.25,0.512,0.1533,0.1533,0.14,1,low,house,gable,False,26,24,4,1,1,1,1
3681,26.0833,25.25,0.495,0.1533,0.46,0.42,3,low,house,hip,False,26,25,0,0,1,3,3
3682,26.25,25.25,0.496,0.1533,0.1533,0.28,2,low,house,gable,False,26,25,1,1,1,1,1
3683,26.75,26.75,0.476,0.1533,0.1533,0.42,3,low,house,gable,False,26,26,4,4,1,1,1
3684,27.5833,1.75,0.478,0.1533,0.1533,0.42,3,low,house,gable,False,27,1,3,4,1,1,1
3685,27.9167,2.5833,0.492,0.1533,0.46,0.42,3,low,house,hip,False,27,2,5,2,1,3,3
3686,27.6667,2.5833,0.489,0.3067,0.1533,0.42,3,low,house,gable,False,27,2,3,3,2,1,2
3687,27.4167,2.75,0.486,0.1533,0.1533,0.14,1,low,house,gable,False,27,2,2,4,1,1,1
3688,27.75,2.75,0.491,0.1533,0.1533,0.14,1,low,house,gable,False,27,2,4,4,1,1,1
3689,27.5833,2.9167,0.49,0.1533,0.1533,0.14,1,low,house,gable,False,27,2,3,5,1,1,1
3690,27.9167,2.9167,0.494,0.1533,0.1533,0.42,3,low,house,gable,False,27,2,5,5,1,1,1
3691,27.5833,3.6667,0.494,0.46,0.3067,0.42,3,low,house,gable,False,27,3,2,3,3,2,6
3692,27.9167,3.6667,0.497,0.1533,0.3067,0.28,2,low,house,hip,False,27,3,5,3,1,2,2
3693,27.25,3.75,0.492,0.1533,0.1533,0.28,2,low,house,gable,False,27,3,1,4,1,1,1
3694,27.5833,3.9167,0.495,0.1533,0.1533,0.28,2,low,house,gable,False,27,3,3,5,1,1,1
3695,27.5,4.5,0.496,0.3067,0.3067,0.42,3,low,house,gable,False,27,4,2,2,2,2,4
3696,27.75,4.5833,0.496,0.1533,0.1533,0.28,2,low,house,gable,False,27,4,4,3,1,1,1
3697,27.4167,4.8333,0.496,0.1533,0.3067,0.28,2,low,house,hip,False,27,4,2,4,1,2,2
3698,27.9167,4.75,0.496,0.1533,0.1533,0.42,3,low,house,gable,False,27,4,5,4,1,1,1
3699,27.6667,4.9167,0.496,0.3067,0.1533,0.14,1,low,house,gable,False,27,4,3,5,2,1,2
3700,27.25,5.1667,0.497,0.1533,0.3067,0.42,3,low,house,hip,False,27,5,1,0,1,2,2
3701,27.0833,5.3333,0.498,0.1533,0.3067,0.42,3,low,house,hip,False,27,5,0,1,1,2,2
3702,27.6667,5.3333,0.496,0.3067,0.3067,0.28,2,low,house,gable,False,27,5,3,1,2,2,4
3703,27.25,6.5833,0.498,0.1533,0.46,0.42,3,low,house,hip,False,27,6,1,2,1,3,3
3704,27.0833,6.5833,0.5,0.1533,0.1533,0.42,3,low,house,gable,False,27,6,0,3,1,1,1
3705,27.25,7.8333,0.496,0.1533,0.3067,0.42,3,low,house,hip,False,27,7,1,4,1,2,2
3706,27.75,7.8333,0.483,0.1533,0.3067,0.28,2,low,house,hip,False,27,7,4,4,1,2,2
3707,27.0833,7.9167,0.5,0.1533,0.1533,0.14,1,low,house,gable,False,27,7,0,5,1,1,1
3708,27.5833,7.9167,0.487,0.1533,0.1533,0.42,3,low,house,gable,False,27,7,3,5,1,1,1
3709,27.5833,8.0833,0.486,0.46,0.1533,0.42,3,low,house,gable,False,27,8,2,0,3,1,3
3710,27.9167,8.0833,0.477,0.1533,0.1533,0.14,1,low,house,gable,False,27,8,5,0,1,1,1
3711,27.75,8.4167,0.48,0.1533,0.46,0.42,3,low,house,hip,False,27,8,4,1,1,3,3
3712,27.5,8.4167,0.487,0.3067,0.1533,0.42,3,low,house,gable,False,27,8,2,2,2,1,2
3713,27.4167,8.5833,0.489,0.1533,0.1533,0.28,2,low,house,gable,False,27,8,2,3,1,1,1
3714,27.1667,9.5833,0.495,0.3067,0.1533,0.42,3,low,house,gable,False,27,9,0,3,2,1,2
3715,27.5833,9.6667,0.479,0.1533,0.3067,0.28,2,low,house,hip,False,27,9,3,3,1,2,2
3716,27.3333,9.75,0.488,0.3067,0.1533,0.42,3,low,house,gable,False,27,9,1,4,2,1,2
3717,27.1667,9.9167,0.495,0.3067,0.1533,0.42,3,low,house,gable,False,27,9,0,5,2,1,2
3718,27.4167,10.25,0.483,0.1533,0.1533,0.42,3,low,house,gable,False,27,10,2,1,1,1,1
3719,27.0833,12.6667,0.498,0.1533,0.3067,0.28,2,low,house,hip,False,27,12,0,3,1,2,2
3720,27.25,12.75,0.489,0.1533,0.1533,0.28,2,low,house,gable,False,27,12,1,4,1,1,1
3721,27.25,13.0833,0.489,0.46,0.1533,0.56,4,medium,house,gable,False,27,13,0,0,3,1,3
3722,27.8333,13.0833,0.457,0.3067,0.1533,0.42,3,medium,house,gable,False,27,13,4,0,2,1,2
3723,27.0833,13.25,0.499,0.1533,0.1533,0.56,4,medium,house,gable,False,27,13,0,1,1,1,1
3724,27.4167,13.4167,0.48,0.1533,0.46,0.56,4,medium,house,hip,False,27,13,2,1,1,3,3
3725,27.9167,13.3333,0.453,0.1533,0.3067,0.56,4,medium,house,hip,False,27,13,5,1,1,2,2
3726,27.25,13.5,0.49,0.1533,0.3067,0.56,4,medium,house,hip,False,27,13,1,2,1,2,2
3727,27.5833,13.5833,0.471,0.1533,0.1533,0.28,2,medium,house,gable,False,27,13,3,3,1,1,1
3728,27.5833,15.4167,0.475,0.1533,0.46,0.14,1,low,house,hip,False,27,15,3,1,1,3,3
3729,27.75,15.25,0.465,0.1533,0.1533,0.14,1,low,house,gable,False,27,15,4,1,1,1,1
3730,27.5833,15.75,0.476,0.46,0.1533,0.42,3,low,house,gable,False,27,15,2,4,3,1,3
3731,27.5833,15.9167,0.477,0.1533,0.1533,0.14,1,low,house,gable,False,27,15,3,5,1,1,1
3732,27.1667,16.1667,0.501,0.3067,0.3067,0.56,4,medium,house,gable,False,27,16,0,0,2,2,4
3733,27.6667,16.0833,0.473,0.3067,0.1533,0.56,4,medium,house,gable,False,27,16,3,0,2,1,2
3734,27.4167,16.4167,0.488,0.1533,0.46,0.56,4,medium,house,hip,False,27,16,2,1,1,3,3
3735,27.5833,16.25,0.478,0.1533,0.1533,0.42,3,medium,house,gable,False,27,16,3,1,1,1,1
3736,27.9167,16.4167,0.461,0.1533,0.46,0.28,2,medium,house,hip,False,27,16,5,1,1,3,3
3737,27.0833,16.4167,0.506,0.1533,0.1533,0.42,3,medium,house,gable,False,27,16,0,2,1,1,1
3738,27.75,16.5,0.47,0.1533,0.3067,0.56,4,medium,house,hip,False,27,16,4,2,1,2,2
3739,27.25,16.5833,0.497,0.1533,0.1533,0.42,3,medium,house,gable,False,27,16,1,3,1,1,1
3740,27.5833,17.25,0.483,0.1533,0.1533,0.56,4,medium,house,gable,False,27,17,3,1,1,1,1
3741,27.0833,17.5833,0.51,0.1533,0.46,0.42,3,medium,house,hip,False,27,17,0,2,1,3,3
3742,27.4167,17.4167,0.492,0.1533,0.1533,0.28,2,medium,house,gable,False,27,17,2,2,1,1,1
3743,27.8333,17.5833,0.473,0.3067,0.46,0.56,4,medium,house,hip,False,27,17,4,2,2,3,6
3744,27.5833,17.5833,0.485,0.1533,0.1533,0.42,3,medium,house,gable,False,27,17,3,3,1,1,1
3745,27.3333,17.75,0.498,0.3067,0.1533,0.28,2,medium,house,gable,False,27,17,1,4,2,1,2
3746,27.1667,17.9167,0.507,0.3067,0.1533,0.28,2,medium,house,gable,False,27,17,0,5,2,1,2
3747,27.25,18.0833,0.503,0.46,0.1533,0.56,4,medium,house,gable,False,27,18,0,0,3,1,3
3748,27.5833,18.25,0.489,0.1533,0.46,0.56,4,medium,house,hip,False,27,18,3,0,1,3,3
3749,27.0833,18.4167,0.512,0.1533,0.46,0.42,3,medium,house,hip,False,27,18,0,1,1,3,3
3750,27.4167,18.4167,0.497,0.1533,0.46,0.56,4,medium,house,hip,False,27,18,2,1,1,3,3
3751,27.9167,18.75,0.478,0.1533,0.46,0.42,3,medium,house,hip,False,27,18,5,3,1,3,3
3752,27.0833,18.8333,0.514,0.1533,0.3067,0.42,3,medium,house,hip,False,27,18,0,4,1,2,2
3753,27.4167,18.8333,0.499,0.1533,0.3067,0.42,3,medium,house,hip,False,27,18,2,4,1,2,2
3754,27.75,18.75,0.485,0.1533,0.1533,0.28,2,medium,house,gable,False,27,18,4,4,1,1,1
3755,27.25,18.9167,0.507,0.1533,0.1533,0.28,2,medium,house,gable,False,27,18,1,5,1,1,1
3756,27.1667,19.5,0.512,0.3067,0.3067,0.56,4,medium,house,gable,False,27,19,0,2,2,2,4
3757,27.5833,19.4167,0.496,0.46,0.1533,0.42,3,medium,house,gable,False,27,19,2,2,3,1,3
3758,27.9167,19.5833,0.485,0.1533,0.46,0.28,2,medium,house,hip,False,27,19,5,2,1,3,3
3759,27.5833,19.75,0.498,0.1533,0.46,0.56,4,medium,house,hip,False,27,19,3,3,1,3,3
3760,27.25,19.75,0.51,0.1533,0.1533,0.56,4,medium,house,gable,False,27,19,1,4,1,1,1
3761,27.4167,19.9167,0.505,0.1533,0.1533,0.56,4,medium,house,gable,False,27,19,2,5,1,1,1
3762,27.8333,19.9167,0.491,0.3067,0.1533,0.42,3,medium,house,gable,False,27,19,4,5,2,1,2
3763,27.0833,20.25,0.518,0.1533,0.46,0.56,4,medium,house,hip,False,27,20,0,0,1,3,3
3764,27.5833,20.0833,0.5,0.46,0.1533,0.56,4,medium,house,gable,False,27,20,2,0,3,1,3
3765,27.9167,20.25,0.491,0.1533,0.46,0.56,4,medium,house,hip,False,27,20,5,0,1,3,3
3766,27.25,20.25,0.512,0.1533,0.1533,0.28,2,medium,house,gable,False,27,20,1,1,1,1,1
3767,27.5833,20.25,0.501,0.1533,0.1533,0.42,3,medium,house,gable,False,27,20,3,1,1,1,1
3768,27.4167,20.4167,0.507,0.1533,0.1533,0.42,3,medium,house,gable,False,27,20,2,2,1,1,1
3769,27.75,20.4167,0.497,0.1533,0.1533,0.28,2,medium,house,gable,False,27,20,4,2,1,1,1
3770,27.1667,20.75,0.516,0.3067,0.46,0.56,4,medium,house,hip,False,27,20,0,3,2,3,6
3771,27.9167,20.5833,0.494,0.1533,0.1533,0.56,4,medium,house,gable,False,27,20,5,3,1,1,1
3772,27.4167,20.9167,0.51,0.1533,0.1533,0.56,4,medium,house,gable,False,27,20,2,5,1,1,1
3773,27.5,22.5,0.513,0.3067,0.3067,0.42,3,low,house,gable,False,27,22,2,2,2,2,4
3774,27.25,22.75,0.517,0.1533,0.46,0.42,3,low,house,hip,False,27,22,1,3,1,3,3
3775,27.75,22.6667,0.51,0.1533,0.3067,0.14,1,low,house,hip,False,27,22,4,3,1,2,2
3776,27.0833,22.75,0.519,0.1533,0.1533,0.42,3,low,house,gable,False,27,22,0,4,1,1,1
3777,27.6667,23.1667,0.513,0.3067,0.3067,0.42,3,low,house,gable,False,27,23,3,0,2,2,4
3778,27.5833,23.5833,0.513,0.1533,0.46,0.42,3,low,house,hip,False,27,23,3,2,1,3,3
3779,27.75,23.6667,0.513,0.1533,0.3067,0.42,3,low,house,hip,False,27,23,4,3,1,2,2
3780,27.9167,23.8333,0.512,0.1533,0.3067,0.42,3,low,house,hip,False,27,23,5,4,1,2,2
3781,27.5833,24.8333,0.51,0.1533,0.3067,0.42,3,low,house,hip,False,27,24,3,4,1,2,2
3782,27.75,24.9167,0.511,0.1533,0.1533,0.14,1,low,house,gable,False,27,24,4,5,1,1,1
3783,27.6667,25.0833,0.51,0.3067,0.1533,0.28,2,low,house,gable,False,27,25,3,0,2,1,2
3784,27.5833,25.25,0.508,0.1533,0.1533,0.14,1,low,house,gable,False,27,25,3,1,1,1,1
3785,27.8333,26.25,0.502,0.3067,0.46,0.42,3,low,house,hip,False,27,26,4,0,2,3,6
3786,27.5833,26.25,0.499,0.1533,0.1533,0.28,2,low,house,gable,False,27,26,3,1,1,1,1
3787,27.9167,26.5833,0.5,0.1533,0.1533,0.42,3,low,house,gable,False,27,26,5,3,1,1,1
3788,27.5833,27.25,0.485,0.1533,0.46,0.28,2,low,house,hip,False,27,27,3,0,1,3,3
3789,27.4167,27.25,0.481,0.1533,0.1533,0.14,1,low,house,gable,False,27,27,2,1,1,1,1
3790,27.8333,27.4167,0.487,0.3067,0.1533,0.28,2,low,house,gable,False,27,27,4,2,2,1,2
3791,27.5833,27.75,0.475,0.1533,0.46,0.42,3,low,house,hip,False,27,27,3,3,1,3,3
3792,27.75,27.5833,0.482,0.1533,0.1533,0.28,2,low,house,gable,False,27,27,4,3,1,1,1
3793,27.4167,27.75,0.471,0.1533,0.1533,0.42,3,low,house,gable,False,27,27,2,4,1,1,1
3794,28.1667,1.1667,0.483,0.3067,0.3067,0.42,3,low,house,gable,False,28,1,0,0,2,2,4
3795,28.4167,1.0833,0.487,0.1533,0.1533,0.42,3,low,house,gable,False,28,1,2,0,1,1,1
3796,28.25,1.4167,0.487,0.1533,0.1533,0.14,1,low,house,gable,False,28,1,1,2,1,1,1
3797,28.5833,1.5,0.494,0.1533,0.3067,0.28,2,low,house,hip,False,28,1,3,2,1,2,2
3798,28.4167,1.5833,0.492,0.1533,0.1533,0.42,3,low,house,gable,False,28,1,2,3,1,1,1
3799,28.0833,2.25,0.492,0.1533,0.1533,0.28,2,low,house,gable,False,28,2,0,1,1,1,1
3800,28.8333,2.8333,0.502,0.3067,0.3067,0.28,2,low,house,gable,False,28,2,4,4,2,2,4
3801,28.5833,3.0833,0.501,0.46,0.1533,0.42,3,low,house,gable,False,28,3,2,0,3,1,3
3802,28.6667,3.25,0.501,0.3067,0.1533,0.42,3,low,house,gable,False,28,3,3,1,2,1,2
3803,28.25,4.0833,0.498,0.1533,0.1533,0.14,1,low,house,gable,False,28,4,1,0,1,1,1
3804,28.0833,4.25,0.497,0.1533,0.1533,0.28,2,low,house,gable,False,28,4,0,1,1,1,1
3805,28.4167,4.3333,0.497,0.1533,0.3067,0.28,2,low,house,hip,False,28,4,2,1,1,2,2
3806,28.9167,4.25,0.497,0.1533,0.1533,0.28,2,low,house,gable,False,28,4,5,1,1,1,1
3807,28.25,4.5833,0.496,0.1533,0.46,0.28,2,low,house,hip,False,28,4,1,2,1,3,3
3808,28.0833,4.5833,0.496,0.1533,0.1533,0.28,2,low,house,gable,False,28,4,0,3,1,1,1
3809,28.4167,4.8333,0.495,0.1533,0.3067,0.42,3,low,house,hip,False,28,4,2,4,1,2,2
3810,28.25,4.9167,0.495,0.1533,0.1533,0.14,1,low,house,gable,False,28,4,1,5,1,1,1
3811,28.4167,6.25,0.483,0.46,0.1533,0.42,3,low,house,gable,False,28,6,1,1,3,1,3
3812,28.8333,6.25,0.477,0.3067,0.1533,0.42,3,low,house,gable,False,28,6,4,1,2,1,2
3813,28.75,6.4167,0.476,0.1533,0.1533,0.28,2,low,house,gable,False,28,6,4,2,1,1,1
3814,28.5,6.75,0.477,0.3067,0.1533,0.14,1,low,house,gable,False,28,6,2,4,2,1,2
3815,28.3333,6.9167,0.478,0.3067,0.1533,0.42,3,low,house,gable,False,28,6,1,5,2,1,2
3816,28.8333,8.5,0.447,0.3067,0.3067,0.42,3,low,house,gable,False,28,8,4,2,2,2,4
3817,28.75,8.75,0.446,0.1533,0.1533,0.42,3,low,house,gable,False,28,8,4,4,1,1,1
3818,28.3333,9.8333,0.449,0.3067,0.3067,0.42,3,low,house,gable,False,28,9,1,4,2,2,4
3819,28.5833,9.9167,0.438,0.1533,0.1533,0.42,3,low,house,gable,False,28,9,3,5,1,1,1
3820,28.4167,11.0833,0.435,0.1533,0.1533,0.42,3,low,house,gable,False,28,11,2,0,1,1,1
3821,28.5833,16.25,0.426,0.1533,0.46,0.42,3,low,house,hip,False,28,16,3,0,1,3,3
3822,28.4167,16.25,0.434,0.1533,0.1533,0.28,2,low,house,gable,False,28,16,2,1,1,1,1
3823,28.25,18.25,0.459,0.46,0.1533,0.28,2,low,house,gable,False,28,18,0,1,3,1,3
3824,28.75,18.25,0.438,0.1533,0.1533,0.42,3,low,house,gable,False,28,18,4,1,1,1,1
3825,28.4167,18.4167,0.454,0.46,0.1533,0.28,2,low,house,gable,False,28,18,1,2,3,1,3
3826,28.9167,18.5833,0.435,0.1533,0.46,0.42,3,low,house,hip,False,28,18,5,2,1,3,3
3827,28.1667,18.5833,0.466,0.3067,0.1533,0.28,2,low,house,gable,False,28,18,0,3,2,1,2
3828,28.75,18.5833,0.442,0.1533,0.1533,0.14,1,low,house,gable,False,28,18,4,3,1,1,1
3829,28.25,18.75,0.464,0.1533,0.1533,0.28,2,low,house,gable,False,28,18,1,4,1,1,1
3830,28.0833,20.25,0.485,0.1533,0.46,0.28,2,low,house,hip,False,28,20,0,0,1,3,3
3831,28.25,20.3333,0.481,0.1533,0.3067,0.42,3,low,house,hip,False,28,20,1,1,1,2,2
3832,28.1667,21.3333,0.494,0.3067,0.3067,0.42,3,low,house,gable,False,28,21,0,1,2,2,4
3833,28.25,21.5833,0.494,0.1533,0.1533,0.28,2,low,house,gable,False,28,21,1,3,1,1,1
3834,28.6667,22.25,0.493,0.3067,0.46,0.42,3,low,house,hip,False,28,22,3,0,2,3,6
3835,28.5833,22.6667,0.499,0.1533,0.3067,0.42,3,low,house,hip,False,28,22,3,3,1,2,2
3836,28.75,22.75,0.497,0.1533,0.1533,0.14,1,low,house,gable,False,28,22,4,4,1,1,1
3837,28.1667,23.0833,0.507,0.3067,0.1533,0.28,2,low,house,gable,False,28,23,0,0,2,1,2
3838,28.0833,23.25,0.509,0.1533,0.1533,0.28,2,low,house,gable,False,28,23,0,1,1,1,1
3839,28.4167,23.4167,0.507,0.1533,0.1533,0.14,1,low,house,gable,False,28,23,2,2,1,1,1
3840,28.25,23.75,0.51,0.1533,0.46,0.42,3,low,house,hip,False,28,23,1,3,1,3,3
3841,28.0833,23.75,0.511,0.1533,0.1533,0.14,1,low,house,gable,False,28,23,0,4,1,1,1
3842,28.75,24.0833,0.509,0.1533,0.1533,0.28,2,low,house,gable,False,28,24,4,0,1,1,1
3843,28.5,24.25,0.511,0.3067,0.1533,0.28,2,low,house,gable,False,28,24,2,1,2,1,2
3844,28.9167,24.25,0.509,0.1533,0.1533,0.14,1,low,house,gable,False,28,24,5,1,1,1,1
3845,28.4167,24.4167,0.512,0.1533,0.1533,0.42,3,low,house,gable,False,28,24,2,2,1,1,1
3846,28.75,24.4167,0.511,0.1533,0.1533,0.14,1,low,house,gable,False,28,24,4,2,1,1,1
3847,28.25,24.5833,0.512,0.1533,0.1533,0.42,3,low,house,gable,False,28,24,1,3,1,1,1
3848,28.4167,24.8333,0.513,0.1533,0.3067,0.42,3,low,house,hip,False,28,24,2,4,1,2,2
3849,28.5833,24.9167,0.513,0.1533,0.1533,0.28,2,low,house,gable,False,28,24,3,5,1,1,1
3850,29.0833,1.6667,0.502,0.1533,0.3067,0.28,2,low,house,hip,False,29,1,0,3,1,2,2
3851,29.9167,1.75,0.507,0.1533,0.46,0.42,3,low,house,hip,False,29,1,5,3,1,3,3
3852,29.25,1.8333,0.504,0.1533,0.3067,0.42,3,low,house,hip,False,29,1,1,4,1,2,2
3853,29.75,1.75,0.507,0.1533,0.1533,0.42,3,low,house,gable,False,29,1,4,4,1,1,1
3854,29.4167,4.4167,0.493,0.1533,0.46,0.42,3,low,house,hip,False,29,4,2,1,1,3,3
3855,29.5833,4.4167,0.492,0.1533,0.1533,0.28,2,low,house,gable,False,29,4,3,2,1,1,1
3856,29.5833,5.5833,0.475,0.1533,0.46,0.28,2,low,house,hip,False,29,5,3,2,1,3,3
3857,29.4167,5.5833,0.478,0.1533,0.1533,0.28,2,low,house,gable,False,29,5,2,3,1,1,1
3858,29.75,5.5833,0.472,0.1533,0.1533,0.42,3,low,house,gable,False,29,5,4,3,1,1,1
3859,29.0833,6.1667,0.474,0.1533,0.3067,0.42,3,low,house,hip,False,29,6,0,0,1,2,2
3860,29.4167,6.1667,0.468,0.1533,0.3067,0.42,3,low,house,hip,False,29,6,2,0,1,2,2
3861,29.25,6.3333,0.469,0.1533,0.3067,0.28,2,low,house,hip,False,29,6,1,1,1,2,2
3862,29.5833,19.6667,0.426,0.1533,0.3067,0.42,3,low,house,hip,False,29,19,3,3,1,2,2
3863,29.3333,19.8333,0.438,0.3067,0.3067,0.42,3,low,house,gable,False,29,19,1,4,2,2,4
3864,29.0833,19.9167,0.448,0.1533,0.1533,0.42,3,low,house,gable,False,29,19,0,5,1,1,1
