id,x,y,z,width,depth,height,floor_count,density,type,roof,is_tower,macro_x,macro_y,micro_x,micro_y
1,6.4167,0.5833,0.715,0.1433,0.1433,0.96,3,low,house,gable,False,6,0,2,3
2,6.5833,0.5833,0.72,0.1433,0.1433,0.96,3,low,house,gable,False,6,0,3,3
3,6.75,0.5833,0.725,0.1433,0.1433,0.96,3,low,house,gable,False,6,0,4,3
4,6.4167,0.75,0.724,0.1433,0.1433,0.32,1,low,house,hip,False,6,0,2,4
5,6.75,0.75,0.734,0.1433,0.1433,0.32,1,low,house,gable,False,6,0,4,4
6,6.4167,0.9167,0.732,0.1433,0.1433,0.32,1,low,house,gable,False,6,0,2,5
7,6.5833,0.9167,0.738,0.1433,0.1433,0.64,2,low,house,hip,False,6,0,3,5
8,7.75,0.0833,0.712,0.1433,0.1433,0.64,2,low,house,gable,False,7,0,4,0
9,7.9167,0.0833,0.713,0.1433,0.1433,0.96,3,low,house,gable,False,7,0,5,0
10,7.75,0.25,0.722,0.1433,0.1433,0.32,1,low,house,gable,False,7,0,4,1
11,7.9167,0.25,0.723,0.1433,0.1433,0.96,3,low,house,gable,False,7,0,5,1
12,7.75,0.4167,0.733,0.1433,0.1433,0.64,2,low,house,gable,False,7,0,4,2
13,7.9167,0.4167,0.734,0.1433,0.1433,0.64,2,low,house,gable,False,7,0,5,2
14,7.75,0.5833,0.743,0.1433,0.1433,0.32,1,low,house,gable,False,7,0,4,3
15,8.25,0.25,0.724,0.1433,0.1433,0.64,2,low,house,gable,False,8,0,1,1
16,8.4167,0.25,0.724,0.1433,0.1433,0.32,1,low,house,gable,False,8,0,2,1
17,8.0833,0.4167,0.735,0.1433,0.1433,0.96,3,low,house,gable,False,8,0,0,2
18,8.25,0.4167,0.735,0.1433,0.1433,0.32,1,low,house,gable,False,8,0,1,2
19,8.4167,0.4167,0.735,0.1433,0.1433,0.64,2,low,house,gable,False,8,0,2,2
20,8.5833,0.4167,0.735,0.1433,0.1433,0.32,1,low,house,hip,False,8,0,3,2
21,8.5833,0.5833,0.746,0.1433,0.1433,0.32,1,low,house,gable,False,8,0,3,3
22,8.5833,0.75,0.757,0.1433,0.1433,0.96,3,low,house,gable,False,8,0,3,4
23,8.4167,0.9167,0.768,0.1433,0.1433,0.64,2,low,house,gable,False,8,0,2,5
24,8.5833,0.9167,0.768,0.1433,0.1433,0.32,1,low,house,hip,False,8,0,3,5
25,11.4167,0.0833,0.64,0.1433,0.1433,0.64,2,low,house,hip,False,11,0,2,0
26,11.5833,0.0833,0.633,0.1433,0.1433,0.32,1,low,house,gable,False,11,0,3,0
27,11.4167,0.25,0.653,0.1433,0.1433,0.32,1,low,house,gable,False,11,0,2,1
28,11.4167,0.75,0.695,0.1433,0.1433,0.64,2,low,house,gable,False,11,0,2,4
29,11.5833,0.75,0.688,0.1433,0.1433,0.96,3,low,house,gable,False,11,0,3,4
30,11.5833,0.9167,0.702,0.1433,0.1433,0.64,2,low,house,hip,False,11,0,3,5
31,6.0833,1.0833,0.728,0.1433,0.1433,0.64,2,low,house,hip,False,6,1,0,0
32,6.25,1.0833,0.735,0.1433,0.1433,0.64,2,low,house,gable,False,6,1,1,0
33,6.0833,1.25,0.736,0.1433,0.1433,0.32,1,low,house,hip,False,6,1,0,1
34,6.75,1.25,0.761,0.1433,0.1433,0.64,2,low,house,gable,False,6,1,4,1
35,6.75,1.4167,0.77,0.1433,0.1433,0.64,2,low,house,gable,False,6,1,4,2
36,6.9167,1.4167,0.775,0.1433,0.1433,0.96,3,low,house,gable,False,6,1,5,2
37,6.5833,1.5833,0.773,0.1433,0.1433,0.96,3,low,house,gable,False,6,1,3,3
38,6.75,1.5833,0.779,0.1433,0.1433,0.64,2,low,house,hip,False,6,1,4,3
39,6.9167,1.5833,0.784,0.1433,0.1433,0.64,2,low,house,gable,False,6,1,5,3
40,7.5833,1.0833,0.771,0.1433,0.1433,0.64,2,low,house,hip,False,7,1,3,0
41,7.75,1.0833,0.774,0.1433,0.1433,0.64,2,low,house,hip,False,7,1,4,0
42,7.5833,1.25,0.781,0.1433,0.1433,0.64,2,low,house,gable,False,7,1,3,1
43,7.4167,1.5833,0.798,0.1433,0.1433,0.64,2,low,house,gable,False,7,1,2,3
44,7.5833,1.5833,0.801,0.1433,0.1433,0.96,3,low,house,hip,False,7,1,3,3
45,7.5833,1.75,0.812,0.1433,0.1433,0.64,2,low,house,gable,False,7,1,3,4
46,7.75,1.75,0.815,0.1433,0.1433,0.32,1,low,house,gable,False,7,1,4,4
47,7.9167,1.75,0.818,0.1433,0.1433,0.64,2,low,house,gable,False,7,1,5,4
48,7.75,1.9167,0.825,0.1433,0.1433,0.32,1,low,house,gable,False,7,1,4,5
49,8.4167,1.0833,0.779,0.1433,0.1433,0.96,3,low,house,gable,False,8,1,2,0
50,8.5833,1.0833,0.78,0.1433,0.1433,0.32,1,low,house,hip,False,8,1,3,0
51,8.75,1.0833,0.78,0.1433,0.1433,0.96,3,low,house,gable,False,8,1,4,0
52,8.4167,1.25,0.791,0.1433,0.1433,0.32,1,low,house,hip,False,8,1,2,1
53,8.75,1.25,0.791,0.1433,0.1433,0.32,1,low,house,gable,False,8,1,4,1
54,8.9167,1.25,0.791,0.1433,0.1433,0.32,1,low,house,gable,False,8,1,5,1
55,8.25,1.4167,0.801,0.1433,0.1433,0.32,1,low,house,gable,False,8,1,1,2
56,8.4167,1.4167,0.802,0.1433,0.1433,0.32,1,low,house,gable,False,8,1,2,2
57,8.5833,1.4167,0.802,0.1433,0.1433,0.64,2,low,house,hip,False,8,1,3,2
58,8.75,1.4167,0.803,0.1433,0.1433,0.64,2,low,house,hip,False,8,1,4,2
59,9.9167,1.4167,0.793,0.1433,0.1433,0.96,3,low,house,gable,False,9,1,5,2
60,9.75,1.5833,0.808,0.1433,0.1433,0.96,3,low,house,gable,False,9,1,4,3
61,9.9167,1.5833,0.806,0.1433,0.1433,0.96,3,low,house,gable,False,9,1,5,3
62,9.75,1.75,0.821,0.1433,0.1433,0.96,3,low,house,hip,False,9,1,4,4
63,10.0833,1.0833,0.764,0.1433,0.1433,0.96,3,low,house,gable,False,10,1,0,0
64,10.25,1.0833,0.76,0.1433,0.1433,0.64,2,low,house,hip,False,10,1,1,0
65,10.0833,1.25,0.777,0.1433,0.1433,0.32,1,low,house,hip,False,10,1,0,1
66,10.25,1.25,0.773,0.1433,0.1433,0.32,1,low,house,gable,False,10,1,1,1
67,10.0833,1.4167,0.79,0.1433,0.1433,0.32,1,low,house,gable,False,10,1,0,2
68,10.0833,1.5833,0.803,0.1433,0.1433,0.32,1,low,house,gable,False,10,1,0,3
69,10.25,1.5833,0.8,0.1433,0.1433,0.32,1,low,house,gable,False,10,1,1,3
70,10.9167,1.5833,0.783,0.1433,0.1433,0.96,3,low,house,gable,False,10,1,5,3
71,11.5833,1.4167,0.746,0.1433,0.1433,0.32,1,low,house,gable,False,11,1,3,2
72,11.4167,1.5833,0.766,0.1433,0.1433,0.32,1,low,house,gable,False,11,1,2,3
73,11.5833,1.5833,0.76,0.1433,0.1433,0.96,3,low,house,gable,False,11,1,3,3
74,12.0833,1.0833,0.696,0.1433,0.1433,0.32,1,low,house,gable,False,12,1,0,0
75,12.25,1.0833,0.688,0.1433,0.1433,0.32,1,low,house,gable,False,12,1,1,0
76,12.0833,1.25,0.71,0.1433,0.1433,0.32,1,low,house,gable,False,12,1,0,1
77,24.0833,1.5833,0.391,0.1433,0.1433,0.96,3,low,house,gable,False,24,1,0,3
78,24.25,1.5833,0.394,0.1433,0.1433,0.32,1,low,house,gable,False,24,1,1,3
79,24.0833,1.75,0.397,0.1433,0.1433,0.64,2,low,house,gable,False,24,1,0,4
80,24.25,1.75,0.4,0.1433,0.1433,0.96,3,low,house,gable,False,24,1,1,4
81,25.75,1.5833,0.431,0.1433,0.1433,0.32,1,low,house,gable,False,25,1,4,3
82,25.5833,1.75,0.431,0.1433,0.1433,0.32,1,low,house,gable,False,25,1,3,4
83,25.9167,1.75,0.439,0.1433,0.1433,0.32,1,low,house,gable,False,25,1,5,4
84,25.75,1.9167,0.439,0.1433,0.1433,0.96,3,low,house,gable,False,25,1,4,5
85,26.25,1.4167,0.44,0.1433,0.1433,0.32,1,low,house,gable,False,26,1,1,2
86,26.4167,1.4167,0.444,0.1433,0.1433,0.32,1,low,house,gable,False,26,1,2,2
87,26.5833,1.4167,0.449,0.1433,0.1433,0.32,1,low,house,hip,False,26,1,3,2
88,26.75,1.4167,0.453,0.1433,0.1433,0.64,2,low,house,hip,False,26,1,4,2
89,26.5833,1.5833,0.452,0.1433,0.1433,0.96,3,low,house,gable,False,26,1,3,3
90,27.5833,1.75,0.478,0.1433,0.1433,0.96,3,low,house,gable,False,27,1,3,4
91,28.0833,1.0833,0.48,0.1433,0.1433,0.64,2,low,house,hip,False,28,1,0,0
92,28.25,1.0833,0.483,0.1433,0.1433,0.64,2,low,house,hip,False,28,1,1,0
93,28.4167,1.0833,0.487,0.1433,0.1433,0.96,3,low,house,gable,False,28,1,2,0
94,28.0833,1.25,0.482,0.1433,0.1433,0.64,2,low,house,gable,False,28,1,0,1
95,28.25,1.25,0.486,0.1433,0.1433,0.96,3,low,house,gable,False,28,1,1,1
96,28.25,1.4167,0.487,0.1433,0.1433,0.32,1,low,house,hip,False,28,1,1,2
97,28.5833,1.4167,0.493,0.1433,0.1433,0.64,2,low,house,gable,False,28,1,3,2
98,28.4167,1.5833,0.492,0.1433,0.1433,0.96,3,low,house,gable,False,28,1,2,3
99,28.5833,1.5833,0.495,0.1433,0.1433,0.32,1,low,house,hip,False,28,1,3,3
100,29.0833,1.5833,0.501,0.1433,0.1433,0.64,2,low,house,hip,False,29,1,0,3
101,29.9167,1.5833,0.507,0.1433,0.1433,0.64,2,low,house,gable,False,29,1,5,3
102,29.0833,1.75,0.502,0.1433,0.1433,0.64,2,low,house,hip,False,29,1,0,4
103,29.25,1.75,0.504,0.1433,0.1433,0.96,3,low,house,hip,False,29,1,1,4
104,29.75,1.75,0.507,0.1433,0.1433,0.96,3,low,house,gable,False,29,1,4,4
105,29.9167,1.75,0.507,0.1433,0.1433,0.96,3,low,house,gable,False,29,1,5,4
106,29.25,1.9167,0.504,0.1433,0.1433,0.32,1,low,house,gable,False,29,1,1,5
107,29.9167,1.9167,0.507,0.1433,0.1433,0.64,2,low,house,gable,False,29,1,5,5
108,5.25,2.0833,0.731,0.1433,0.1433,0.96,3,low,house,gable,False,5,2,1,0
109,5.4167,2.0833,0.741,0.1433,0.1433,0.96,3,low,house,gable,False,5,2,2,0
110,5.5833,2.0833,0.75,0.1433,0.1433,0.32,1,low,house,hip,False,5,2,3,0
111,5.9167,2.0833,0.768,0.1433,0.1433,0.96,3,low,house,gable,False,5,2,5,0
112,5.25,2.25,0.738,0.1433,0.1433,0.96,3,low,house,gable,False,5,2,1,1
113,5.4167,2.25,0.748,0.1433,0.1433,0.64,2,low,house,gable,False,5,2,2,1
114,5.75,2.25,0.767,0.1433,0.1433,0.96,3,low,house,hip,False,5,2,4,1
115,5.9167,2.25,0.776,0.1433,0.1433,0.96,3,low,house,gable,False,5,2,5,1
116,5.0833,2.4167,0.734,0.1433,0.1433,0.32,1,low,house,hip,False,5,2,0,2
117,5.25,2.4167,0.744,0.1433,0.1433,0.32,1,low,house,gable,False,5,2,1,2
118,5.4167,2.4167,0.755,0.1433,0.1433,0.64,2,low,house,gable,False,5,2,2,2
119,5.5833,2.4167,0.765,0.1433,0.1433,0.64,2,low,house,gable,False,5,2,3,2
120,5.75,2.4167,0.774,0.1433,0.1433,0.32,1,low,house,gable,False,5,2,4,2
121,5.25,2.5833,0.751,0.1433,0.1433,0.96,3,low,house,hip,False,5,2,1,3
122,6.4167,2.4167,0.809,0.1433,0.1433,0.96,3,low,house,gable,False,6,2,2,2
123,6.5833,2.4167,0.816,0.1433,0.1433,0.32,1,low,house,gable,False,6,2,3,2
124,6.4167,2.5833,0.817,0.1433,0.1433,0.32,1,low,house,gable,False,6,2,2,3
125,6.5833,2.5833,0.825,0.1433,0.1433,0.96,3,low,house,gable,False,6,2,3,3
126,6.75,2.5833,0.832,0.1433,0.1433,0.96,3,low,house,gable,False,6,2,4,3
127,6.5833,2.75,0.834,0.1433,0.1433,0.96,3,low,house,hip,False,6,2,3,4
128,6.75,2.75,0.841,0.1433,0.1433,0.96,3,low,house,gable,False,6,2,4,4
129,7.5833,2.75,0.872,0.1433,0.1433,0.32,1,low,house,gable,False,7,2,3,4
130,7.4167,2.9167,0.877,0.1433,0.1433,0.96,3,low,house,gable,False,7,2,2,5
131,7.5833,2.9167,0.883,0.1433,0.1433,0.32,1,low,house,gable,False,7,2,3,5
132,8.5833,2.4167,0.872,0.1433,0.1433,0.96,3,low,house,gable,False,8,2,3,2
133,8.4167,2.5833,0.881,0.1433,0.1433,0.64,2,low,house,gable,False,8,2,2,3
134,8.5833,2.5833,0.883,0.1433,0.1433,0.96,3,low,house,gable,False,8,2,3,3
135,8.75,2.5833,0.885,0.1433,0.1433,0.64,2,low,house,gable,False,8,2,4,3
136,8.25,2.75,0.889,0.1433,0.1433,0.96,3,low,house,gable,False,8,2,1,4
137,8.4167,2.75,0.892,0.1433,0.1433,0.64,2,low,house,hip,False,8,2,2,4
138,8.5833,2.75,0.895,0.1433,0.1433,0.64,2,low,house,gable,False,8,2,3,4
139,9.75,2.25,0.86,0.1433,0.1433,0.96,3,low,house,gable,False,9,2,4,1
140,9.4167,2.4167,0.875,0.1433,0.1433,0.96,3,low,house,gable,False,9,2,2,2
141,9.5833,2.4167,0.874,0.1433,0.1433,0.32,1,low,house,hip,False,9,2,3,2
142,9.9167,2.4167,0.872,0.1433,0.1433,0.64,2,low,house,gable,False,9,2,5,2
143,9.5833,2.5833,0.887,0.1433,0.1433,0.32,1,low,house,hip,False,9,2,3,3
144,9.75,2.5833,0.886,0.1433,0.1433,0.64,2,low,house,gable,False,9,2,4,3
145,10.25,2.75,0.895,0.1433,0.1433,0.64,2,low,house,gable,False,10,2,1,4
146,10.0833,2.9167,0.911,0.1433,0.1433,0.96,3,low,house,hip,False,10,2,0,5
147,10.25,2.9167,0.909,0.1433,0.1433,0.32,1,low,house,gable,False,10,2,1,5
148,10.4167,2.9167,0.907,0.1433,0.1433,0.96,3,low,house,gable,False,10,2,2,5
149,11.4167,2.0833,0.81,0.1433,0.1433,0.64,2,low,house,hip,False,11,2,2,0
150,11.25,2.25,0.83,0.1433,0.1433,0.96,3,low,house,gable,False,11,2,1,1
151,11.5833,2.25,0.819,0.1433,0.1433,0.96,3,low,house,hip,False,11,2,3,1
152,11.0833,2.4167,0.85,0.1433,0.1433,0.96,3,low,house,gable,False,11,2,0,2
153,11.25,2.4167,0.845,0.1433,0.1433,0.96,3,low,house,gable,False,11,2,1,2
154,11.25,2.5833,0.86,0.1433,0.1433,0.96,3,low,house,gable,False,11,2,1,3
155,11.0833,2.75,0.879,0.1433,0.1433,0.32,1,low,house,gable,False,11,2,0,4
156,11.25,2.75,0.875,0.1433,0.1433,0.64,2,low,house,gable,False,11,2,1,4
157,11.0833,2.9167,0.894,0.1433,0.1433,0.32,1,low,house,hip,False,11,2,0,5
158,11.25,2.9167,0.89,0.1433,0.1433,0.96,3,low,house,gable,False,11,2,1,5
159,12.5833,2.0833,0.764,0.1433,0.1433,0.32,1,low,house,gable,False,12,2,3,0
160,12.75,2.0833,0.757,0.1433,0.1433,0.96,3,low,house,gable,False,12,2,4,0
161,12.4167,2.25,0.787,0.1433,0.1433,0.32,1,low,house,gable,False,12,2,2,1
162,12.5833,2.25,0.78,0.1433,0.1433,0.64,2,low,house,hip,False,12,2,3,1
163,12.75,2.25,0.772,0.1433,0.1433,0.64,2,low,house,gable,False,12,2,4,1
164,12.75,2.4167,0.788,0.1433,0.1433,0.96,3,low,house,hip,False,12,2,4,2
165,12.5833,2.5833,0.812,0.1433,0.1433,0.64,2,low,house,gable,False,12,2,3,3
166,12.75,2.5833,0.804,0.1433,0.1433,0.96,3,low,house,gable,False,12,2,4,3
167,12.9167,2.5833,0.797,0.1433,0.1433,0.64,2,low,house,gable,False,12,2,5,3
168,12.75,2.75,0.82,0.1433,0.1433,0.96,3,low,house,gable,False,12,2,4,4
169,12.9167,2.75,0.813,0.1433,0.1433,0.64,2,low,house,hip,False,12,2,5,4
170,13.4167,2.25,0.74,0.1433,0.1433,0.96,3,low,house,gable,False,13,2,2,1
171,13.5833,2.25,0.732,0.1433,0.1433,0.32,1,low,house,gable,False,13,2,3,1
172,13.25,2.4167,0.765,0.1433,0.1433,0.96,3,low,house,gable,False,13,2,1,2
173,13.5833,2.4167,0.748,0.1433,0.1433,0.96,3,low,house,gable,False,13,2,3,2
174,13.75,2.4167,0.739,0.1433,0.1433,0.96,3,low,house,gable,False,13,2,4,2
175,13.0833,2.5833,0.789,0.1433,0.1433,0.32,1,low,house,gable,False,13,2,0,3
176,13.25,2.5833,0.781,0.1433,0.1433,0.32,1,low,house,gable,False,13,2,1,3
177,14.25,2.5833,0.729,0.1433,0.1433,0.32,1,low,house,gable,False,14,2,1,3
178,14.4167,2.5833,0.72,0.1433,0.1433,0.64,2,low,house,gable,False,14,2,2,3
179,14.25,2.75,0.745,0.1433,0.1433,0.96,3,low,house,hip,False,14,2,1,4
180,14.4167,2.75,0.736,0.1433,0.1433,0.96,3,low,house,gable,False,14,2,2,4
181,15.5833,2.25,0.622,0.1433,0.1433,0.64,2,low,house,gable,False,15,2,3,1
182,15.4167,2.4167,0.647,0.1433,0.1433,0.96,3,low,house,gable,False,15,2,2,2
183,15.5833,2.4167,0.638,0.1433,0.1433,0.96,3,low,house,gable,False,15,2,3,2
184,16.0833,2.75,0.642,0.1433,0.1433,0.32,1,low,house,gable,False,16,2,0,4
185,16.25,2.75,0.633,0.1433,0.1433,0.96,3,low,house,hip,False,16,2,1,4
186,16.0833,2.9167,0.658,0.1433,0.1433,0.64,2,low,house,hip,False,16,2,0,5
187,16.25,2.9167,0.649,0.1433,0.1433,0.96,3,low,house,gable,False,16,2,1,5
188,16.4167,2.9167,0.64,0.1433,0.1433,0.32,1,low,house,gable,False,16,2,2,5
189,17.0833,2.4167,0.556,0.1433,0.1433,0.32,1,low,house,hip,False,17,2,0,2
190,17.0833,2.5833,0.572,0.1433,0.1433,0.96,3,low,house,hip,False,17,2,0,3
191,17.25,2.5833,0.563,0.1433,0.1433,0.96,3,low,house,gable,False,17,2,1,3
192,17.0833,2.75,0.587,0.1433,0.1433,0.32,1,low,house,gable,False,17,2,0,4
193,17.5833,2.75,0.562,0.1433,0.1433,0.32,1,low,house,gable,False,17,2,3,4
194,17.75,2.75,0.553,0.1433,0.1433,0.64,2,low,house,gable,False,17,2,4,4
195,17.25,2.9167,0.594,0.1433,0.1433,0.64,2,low,house,hip,False,17,2,1,5
196,17.4167,2.9167,0.585,0.1433,0.1433,0.96,3,low,house,gable,False,17,2,2,5
197,17.5833,2.9167,0.577,0.1433,0.1433,0.96,3,low,house,hip,False,17,2,3,5
198,18.4167,2.0833,0.466,0.1433,0.1433,0.32,1,low,house,gable,False,18,2,2,0
199,18.25,2.25,0.487,0.1433,0.1433,0.32,1,low,house,gable,False,18,2,1,1
200,18.4167,2.25,0.48,0.1433,0.1433,0.96,3,low,house,gable,False,18,2,2,1
201,18.25,2.4167,0.501,0.1433,0.1433,0.96,3,low,house,gable,False,18,2,1,2
202,18.4167,2.4167,0.494,0.1433,0.1433,0.64,2,low,house,gable,False,18,2,2,2
203,18.25,2.5833,0.515,0.1433,0.1433,0.32,1,low,house,gable,False,18,2,1,3
204,18.4167,2.5833,0.508,0.1433,0.1433,0.96,3,low,house,gable,False,18,2,2,3
205,18.5833,2.5833,0.501,0.1433,0.1433,0.96,3,low,house,gable,False,18,2,3,3
206,18.4167,2.75,0.523,0.1433,0.1433,0.64,2,low,house,gable,False,18,2,2,4
207,19.25,2.0833,0.436,0.1433,0.1433,0.64,2,low,house,hip,False,19,2,1,0
208,19.4167,2.0833,0.431,0.1433,0.1433,0.32,1,low,house,hip,False,19,2,2,0
209,19.4167,2.25,0.444,0.1433,0.1433,0.96,3,low,house,hip,False,19,2,2,1
210,20.0833,2.0833,0.414,0.1433,0.1433,0.64,2,low,house,hip,False,20,2,0,0
211,20.25,2.0833,0.411,0.1433,0.1433,0.96,3,low,house,gable,False,20,2,1,0
212,20.4167,2.0833,0.408,0.1433,0.1433,0.32,1,low,house,hip,False,20,2,2,0
213,20.5833,2.0833,0.405,0.1433,0.1433,0.32,1,low,house,hip,False,20,2,3,0
214,20.75,2.0833,0.402,0.1433,0.1433,0.32,1,low,house,gable,False,20,2,4,0
215,20.25,2.25,0.423,0.1433,0.1433,0.96,3,low,house,gable,False,20,2,1,1
216,20.4167,2.25,0.419,0.1433,0.1433,0.96,3,low,house,gable,False,20,2,2,1
217,20.5833,2.25,0.416,0.1433,0.1433,0.64,2,low,house,gable,False,20,2,3,1
218,20.5833,2.4167,0.427,0.1433,0.1433,0.64,2,low,house,gable,False,20,2,3,2
219,20.75,2.4167,0.424,0.1433,0.1433,0.64,2,low,house,gable,False,20,2,4,2
220,20.5833,2.75,0.45,0.1433,0.1433,0.32,1,low,house,gable,False,20,2,3,4
221,21.5833,2.0833,0.394,0.1433,0.1433,0.32,1,low,house,gable,False,21,2,3,0
222,21.25,2.25,0.406,0.1433,0.1433,0.64,2,low,house,gable,False,21,2,1,1
223,21.4167,2.25,0.405,0.1433,0.1433,0.32,1,low,house,gable,False,21,2,2,1
224,21.5833,2.25,0.404,0.1433,0.1433,0.32,1,low,house,gable,False,21,2,3,1
225,21.25,2.4167,0.417,0.1433,0.1433,0.32,1,low,house,hip,False,21,2,1,2
226,21.4167,2.4167,0.415,0.1433,0.1433,0.32,1,low,house,hip,False,21,2,2,2
227,21.5833,2.5833,0.423,0.1433,0.1433,0.32,1,low,house,hip,False,21,2,3,3
228,21.0833,2.75,0.44,0.1433,0.1433,0.32,1,low,house,gable,False,21,2,0,4
229,21.25,2.75,0.438,0.1433,0.1433,0.32,1,low,house,gable,False,21,2,1,4
230,21.4167,2.75,0.435,0.1433,0.1433,0.96,3,low,house,hip,False,21,2,2,4
231,21.5833,2.75,0.433,0.1433,0.1433,0.64,2,low,house,gable,False,21,2,3,4
232,21.25,2.9167,0.448,0.1433,0.1433,0.96,3,low,house,gable,False,21,2,1,5
233,21.4167,2.9167,0.445,0.1433,0.1433,0.96,3,low,house,gable,False,21,2,2,5
234,24.0833,2.0833,0.41,0.1433,0.1433,0.64,2,low,house,hip,False,24,2,0,0
235,24.25,2.0833,0.412,0.1433,0.1433,0.64,2,low,house,gable,False,24,2,1,0
236,24.0833,2.25,0.416,0.1433,0.1433,0.32,1,low,house,gable,False,24,2,0,1
237,24.0833,2.4167,0.422,0.1433,0.1433,0.32,1,low,house,gable,False,24,2,0,2
238,24.25,2.4167,0.424,0.1433,0.1433,0.96,3,low,house,gable,False,24,2,1,2
239,24.0833,2.5833,0.428,0.1433,0.1433,0.64,2,low,house,gable,False,24,2,0,3
240,24.4167,2.5833,0.432,0.1433,0.1433,0.32,1,low,house,gable,False,24,2,2,3
241,24.5833,2.75,0.44,0.1433,0.1433,0.64,2,low,house,gable,False,24,2,3,4
242,25.5833,2.0833,0.439,0.1433,0.1433,0.64,2,low,house,hip,False,25,2,3,0
243,25.75,2.0833,0.443,0.1433,0.1433,0.64,2,low,house,gable,False,25,2,4,0
244,25.5833,2.25,0.444,0.1433,0.1433,0.32,1,low,house,gable,False,25,2,3,1
245,25.75,2.25,0.447,0.1433,0.1433,0.64,2,low,house,gable,False,25,2,4,1
246,25.9167,2.25,0.451,0.1433,0.1433,0.64,2,low,house,hip,False,25,2,5,1
247,25.75,2.4167,0.451,0.1433,0.1433,0.96,3,low,house,gable,False,25,2,4,2
248,25.75,2.5833,0.455,0.1433,0.1433,0.96,3,low,house,gable,False,25,2,4,3
249,25.9167,2.5833,0.458,0.1433,0.1433,0.64,2,low,house,gable,False,25,2,5,3
250,25.5833,2.75,0.455,0.1433,0.1433,0.32,1,low,house,gable,False,25,2,3,4
251,25.75,2.75,0.458,0.1433,0.1433,0.96,3,low,house,gable,False,25,2,4,4
252,25.5833,2.9167,0.459,0.1433,0.1433,0.96,3,low,house,gable,False,25,2,3,5
253,26.75,2.0833,0.465,0.1433,0.1433,0.32,1,low,house,gable,False,26,2,4,0
254,26.9167,2.0833,0.469,0.1433,0.1433,0.32,1,low,house,gable,False,26,2,5,0
255,26.9167,2.25,0.471,0.1433,0.1433,0.96,3,low,house,gable,False,26,2,5,1
256,27.9167,2.4167,0.491,0.1433,0.1433,0.64,2,low,house,gable,False,27,2,5,2
257,27.5833,2.5833,0.487,0.1433,0.1433,0.96,3,low,house,hip,False,27,2,3,3
258,27.75,2.5833,0.49,0.1433,0.1433,0.32,1,low,house,gable,False,27,2,4,3
259,27.9167,2.5833,0.492,0.1433,0.1433,0.96,3,low,house,gable,False,27,2,5,3
260,27.4167,2.75,0.486,0.1433,0.1433,0.32,1,low,house,gable,False,27,2,2,4
261,27.75,2.75,0.491,0.1433,0.1433,0.32,1,low,house,gable,False,27,2,4,4
262,27.9167,2.75,0.493,0.1433,0.1433,0.96,3,low,house,hip,False,27,2,5,4
263,27.5833,2.9167,0.49,0.1433,0.1433,0.32,1,low,house,hip,False,27,2,3,5
264,27.9167,2.9167,0.494,0.1433,0.1433,0.96,3,low,house,hip,False,27,2,5,5
265,28.0833,2.25,0.492,0.1433,0.1433,0.64,2,low,house,gable,False,28,2,0,1
266,28.75,2.75,0.502,0.1433,0.1433,0.32,1,low,house,hip,False,28,2,4,4
267,28.9167,2.75,0.503,0.1433,0.1433,0.32,1,low,house,gable,False,28,2,5,4
268,28.75,2.9167,0.502,0.1433,0.1433,0.32,1,low,house,hip,False,28,2,4,5
269,28.9167,2.9167,0.503,0.1433,0.1433,0.64,2,low,house,hip,False,28,2,5,5
270,4.25,3.0833,0.695,0.1433,0.1433,0.64,2,low,house,gable,False,4,3,1,0
271,4.4167,3.0833,0.708,0.1433,0.1433,0.96,3,low,house,gable,False,4,3,2,0
272,4.0833,3.25,0.686,0.1433,0.1433,0.96,3,low,house,gable,False,4,3,0,1
273,4.4167,3.25,0.713,0.1433,0.1433,0.32,1,low,house,gable,False,4,3,2,1
274,4.0833,3.4167,0.69,0.1433,0.1433,0.64,2,low,house,gable,False,4,3,0,2
275,4.4167,3.4167,0.718,0.1433,0.1433,0.64,2,low,house,hip,False,4,3,2,2
276,4.25,3.5833,0.709,0.1433,0.1433,0.32,1,low,house,gable,False,4,3,1,3
277,4.4167,3.5833,0.723,0.1433,0.1433,0.64,2,low,house,gable,False,4,3,2,3
278,5.5833,3.5833,0.814,0.1433,0.1433,0.64,2,low,house,gable,False,5,3,3,3
279,5.75,3.5833,0.825,0.1433,0.1433,0.96,3,low,house,gable,False,5,3,4,3
280,5.9167,3.5833,0.836,0.1433,0.1433,0.64,2,low,house,hip,False,5,3,5,3
281,5.4167,3.75,0.808,0.1433,0.1433,0.96,3,low,house,hip,False,5,3,2,4
282,5.75,3.75,0.832,0.1433,0.1433,0.64,2,low,house,hip,False,5,3,4,4
283,5.5833,3.9167,0.827,0.1433,0.1433,0.64,2,low,house,hip,False,5,3,3,5
284,5.75,3.9167,0.839,0.1433,0.1433,0.96,3,low,house,gable,False,5,3,4,5
285,5.9167,3.9167,0.851,0.1433,0.1433,0.96,3,low,house,gable,False,5,3,5,5
286,6.4167,3.25,0.85,0.1433,0.1433,0.64,2,low,house,gable,False,6,3,2,1
287,6.25,3.4167,0.849,0.1433,0.1433,0.64,2,low,house,gable,False,6,3,1,2
288,6.4167,3.4167,0.859,0.1433,0.1433,0.64,2,low,house,hip,False,6,3,2,2
289,7.5833,3.0833,0.893,0.1433,0.1433,0.32,1,low,house,hip,False,7,3,3,0
290,7.75,3.0833,0.898,0.1433,0.1433,0.96,3,low,house,gable,False,7,3,4,0
291,7.5833,3.25,0.903,0.1433,0.1433,0.96,3,low,house,gable,False,7,3,3,1
292,7.5833,3.4167,0.913,0.1433,0.1433,0.32,1,low,house,gable,False,7,3,3,2
293,7.4167,3.5833,0.917,0.1433,0.1433,0.32,1,low,house,gable,False,7,3,2,3
294,7.5833,3.5833,0.924,0.1433,0.1433,0.32,1,low,house,gable,False,7,3,3,3
295,7.5833,3.75,0.934,0.1433,0.1433,0.64,2,low,house,gable,False,7,3,3,4
296,10.0833,3.0833,0.925,0.1433,0.1433,0.96,3,low,house,gable,False,10,3,0,0
297,10.25,3.0833,0.923,0.1433,0.1433,0.64,2,low,house,hip,False,10,3,1,0
298,10.5833,3.0833,0.919,0.1433,0.1433,0.32,1,low,house,gable,False,10,3,3,0
299,10.75,3.0833,0.916,0.1433,0.1433,0.64,2,low,house,gable,False,10,3,4,0
300,10.25,3.25,0.937,0.1433,0.1433,0.96,3,low,house,gable,False,10,3,1,1
301,10.4167,3.25,0.935,0.1433,0.1433,0.96,3,low,house,gable,False,10,3,2,1
302,10.5833,3.25,0.933,0.1433,0.1433,0.96,3,low,house,hip,False,10,3,3,1
303,10.0833,3.4167,0.953,0.1433,0.1433,0.32,1,low,house,gable,False,10,3,0,2
304,10.4167,3.4167,0.95,0.1433,0.1433,0.96,3,low,house,hip,False,10,3,2,2
305,10.5833,3.4167,0.948,0.1433,0.1433,0.32,1,low,house,gable,False,10,3,3,2
306,10.75,3.4167,0.945,0.1433,0.1433,0.64,2,low,house,gable,False,10,3,4,2
307,10.0833,3.5833,0.967,0.1433,0.1433,0.96,3,low,house,gable,False,10,3,0,3
308,10.25,3.5833,0.966,0.1433,0.1433,0.32,1,low,house,gable,False,10,3,1,3
309,11.0833,3.4167,0.939,0.1433,0.1433,0.96,3,low,house,gable,False,11,3,0,2
310,11.0833,3.5833,0.954,0.1433,0.1433,0.64,2,low,house,gable,False,11,3,0,3
311,11.25,3.5833,0.951,0.1433,0.1433,0.96,3,low,house,hip,False,11,3,1,3
312,11.0833,3.75,0.97,0.1433,0.1433,0.64,2,low,house,gable,False,11,3,0,4
313,11.25,3.75,0.966,0.1433,0.1433,0.96,3,low,house,gable,False,11,3,1,4
314,11.4167,3.75,0.963,0.1433,0.1433,0.32,1,low,house,gable,False,11,3,2,4
315,11.25,3.9167,0.982,0.1433,0.1433,0.96,3,low,house,hip,False,11,3,1,5
316,12.0833,3.5833,0.928,0.1433,0.1433,0.64,2,low,house,hip,False,12,3,0,3
317,12.25,3.5833,0.922,0.1433,0.1433,0.96,3,low,house,gable,False,12,3,1,3
318,12.0833,3.75,0.944,0.1433,0.1433,0.32,1,low,house,gable,False,12,3,0,4
319,12.25,3.75,0.938,0.1433,0.1433,0.64,2,low,house,gable,False,12,3,1,4
320,12.4167,3.75,0.932,0.1433,0.1433,0.96,3,low,house,gable,False,12,3,2,4
321,12.0833,3.9167,0.96,0.1433,0.1433,0.64,2,low,house,gable,False,12,3,0,5
322,12.25,3.9167,0.955,0.1433,0.1433,0.96,3,low,house,hip,False,12,3,1,5
323,13.0833,3.5833,0.888,0.1433,0.1433,0.32,1,low,house,gable,False,13,3,0,3
324,13.0833,3.75,0.905,0.1433,0.1433,0.96,3,low,house,gable,False,13,3,0,4
325,13.25,3.75,0.897,0.1433,0.1433,0.32,1,low,house,hip,False,13,3,1,4
326,13.0833,3.9167,0.922,0.1433,0.1433,0.96,3,low,house,hip,False,13,3,0,5
327,13.25,3.9167,0.915,0.1433,0.1433,0.64,2,low,house,hip,False,13,3,1,5
328,14.9167,3.25,0.759,0.1433,0.1433,0.96,3,low,house,gable,False,14,3,5,1
329,14.75,3.4167,0.785,0.1433,0.1433,0.96,3,low,house,gable,False,14,3,4,2
330,14.9167,3.4167,0.776,0.1433,0.1433,0.96,3,low,house,gable,False,14,3,5,2
331,15.5833,3.5833,0.754,0.1433,0.1433,0.64,2,low,house,gable,False,15,3,3,3
332,15.4167,3.75,0.781,0.1433,0.1433,0.64,2,low,house,hip,False,15,3,2,4
333,15.5833,3.75,0.771,0.1433,0.1433,0.64,2,low,house,gable,False,15,3,3,4
334,19.25,3.0833,0.516,0.1433,0.1433,0.96,3,low,house,gable,False,19,3,1,0
335,19.4167,3.0833,0.51,0.1433,0.1433,0.64,2,low,house,gable,False,19,3,2,0
336,19.25,3.25,0.529,0.1433,0.1433,0.64,2,low,house,gable,False,19,3,1,1
337,19.5833,3.25,0.516,0.1433,0.1433,0.64,2,low,house,gable,False,19,3,3,1
338,19.25,3.4167,0.543,0.1433,0.1433,0.96,3,low,house,gable,False,19,3,1,2
339,19.4167,3.4167,0.536,0.1433,0.1433,0.32,1,low,house,gable,False,19,3,2,2
340,20.25,3.4167,0.506,0.1433,0.1433,0.96,3,low,house,gable,False,20,3,1,2
341,20.0833,3.5833,0.524,0.1433,0.1433,0.64,2,low,house,hip,False,20,3,0,3
342,20.25,3.5833,0.518,0.1433,0.1433,0.96,3,low,house,gable,False,20,3,1,3
343,20.4167,3.5833,0.513,0.1433,0.1433,0.64,2,low,house,gable,False,20,3,2,3
344,20.25,3.75,0.53,0.1433,0.1433,0.32,1,low,house,gable,False,20,3,1,4
345,21.0833,3.0833,0.462,0.1433,0.1433,0.96,3,low,house,gable,False,21,3,0,0
346,21.25,3.0833,0.459,0.1433,0.1433,0.32,1,low,house,hip,False,21,3,1,0
347,21.4167,3.0833,0.456,0.1433,0.1433,0.32,1,low,house,gable,False,21,3,2,0
348,21.25,3.25,0.469,0.1433,0.1433,0.96,3,low,house,gable,False,21,3,1,1
349,21.4167,3.25,0.466,0.1433,0.1433,0.32,1,low,house,gable,False,21,3,2,1
350,23.4167,3.4167,0.457,0.1433,0.1433,0.64,2,low,house,gable,False,23,3,2,2
351,23.25,3.5833,0.464,0.1433,0.1433,0.32,1,low,house,gable,False,23,3,1,3
352,23.4167,3.5833,0.464,0.1433,0.1433,0.96,3,low,house,hip,False,23,3,2,3
353,23.25,3.75,0.471,0.1433,0.1433,0.32,1,low,house,gable,False,23,3,1,4
354,24.4167,3.4167,0.46,0.1433,0.1433,0.96,3,low,house,gable,False,24,3,2,2
355,24.25,3.5833,0.464,0.1433,0.1433,0.64,2,low,house,gable,False,24,3,1,3
356,24.4167,3.5833,0.465,0.1433,0.1433,0.64,2,low,house,gable,False,24,3,2,3
357,24.75,3.5833,0.467,0.1433,0.1433,0.64,2,low,house,hip,False,24,3,4,3
358,24.0833,3.75,0.469,0.1433,0.1433,0.64,2,low,house,gable,False,24,3,0,4
359,24.25,3.75,0.47,0.1433,0.1433,0.32,1,low,house,hip,False,24,3,1,4
360,24.5833,3.75,0.471,0.1433,0.1433,0.64,2,low,house,hip,False,24,3,3,4
361,24.75,3.75,0.471,0.1433,0.1433,0.32,1,low,house,gable,False,24,3,4,4
362,24.9167,3.75,0.472,0.1433,0.1433,0.96,3,low,house,gable,False,24,3,5,4
363,24.0833,3.9167,0.475,0.1433,0.1433,0.96,3,low,house,gable,False,24,3,0,5
364,24.25,3.9167,0.475,0.1433,0.1433,0.96,3,low,house,gable,False,24,3,1,5
365,24.5833,3.9167,0.476,0.1433,0.1433,0.32,1,low,house,gable,False,24,3,3,5
366,24.75,3.9167,0.476,0.1433,0.1433,0.64,2,low,house,hip,False,24,3,4,5
367,24.9167,3.9167,0.477,0.1433,0.1433,0.32,1,low,house,gable,False,24,3,5,5
368,25.5833,3.5833,0.474,0.1433,0.1433,0.64,2,low,house,gable,False,25,3,3,3
369,25.5833,3.75,0.477,0.1433,0.1433,0.32,1,low,house,gable,False,25,3,3,4
370,25.75,3.75,0.478,0.1433,0.1433,0.64,2,low,house,gable,False,25,3,4,4
371,25.5833,3.9167,0.48,0.1433,0.1433,0.96,3,low,house,gable,False,25,3,3,5
372,25.9167,3.9167,0.483,0.1433,0.1433,0.64,2,low,house,gable,False,25,3,5,5
373,27.4167,3.5833,0.492,0.1433,0.1433,0.96,3,low,house,gable,False,27,3,2,3
374,27.5833,3.5833,0.494,0.1433,0.1433,0.64,2,low,house,gable,False,27,3,3,3
375,27.75,3.5833,0.495,0.1433,0.1433,0.64,2,low,house,hip,False,27,3,4,3
376,27.9167,3.5833,0.496,0.1433,0.1433,0.64,2,low,house,gable,False,27,3,5,3
377,27.25,3.75,0.492,0.1433,0.1433,0.64,2,low,house,gable,False,27,3,1,4
378,27.4167,3.75,0.493,0.1433,0.1433,0.64,2,low,house,gable,False,27,3,2,4
379,27.5833,3.75,0.494,0.1433,0.1433,0.96,3,low,house,hip,False,27,3,3,4
380,27.75,3.75,0.496,0.1433,0.1433,0.32,1,low,house,gable,False,27,3,4,4
381,27.9167,3.75,0.497,0.1433,0.1433,0.64,2,low,house,gable,False,27,3,5,4
382,27.5833,3.9167,0.495,0.1433,0.1433,0.64,2,low,house,gable,False,27,3,3,5
383,28.4167,3.0833,0.5,0.1433,0.1433,0.96,3,low,house,gable,False,28,3,2,0
384,28.5833,3.0833,0.501,0.1433,0.1433,0.32,1,low,house,gable,False,28,3,3,0
385,28.75,3.0833,0.502,0.1433,0.1433,0.96,3,low,house,hip,False,28,3,4,0
386,28.5833,3.25,0.501,0.1433,0.1433,0.96,3,low,house,gable,False,28,3,3,1
387,28.75,3.25,0.502,0.1433,0.1433,0.32,1,low,house,gable,False,28,3,4,1
388,2.75,4.4167,0.581,0.1433,0.1433,0.96,3,low,house,gable,False,2,4,4,2
389,2.5833,4.5833,0.566,0.1433,0.1433,0.32,1,low,house,gable,False,2,4,3,3
390,2.75,4.5833,0.583,0.1433,0.1433,0.64,2,low,house,gable,False,2,4,4,3
391,2.9167,4.5833,0.601,0.1433,0.1433,0.32,1,low,house,hip,False,2,4,5,3
392,2.0833,4.75,0.513,0.1433,0.1433,0.64,2,low,house,gable,False,2,4,0,4
393,2.25,4.75,0.531,0.1433,0.1433,0.32,1,low,house,gable,False,2,4,1,4
394,2.4167,4.75,0.549,0.1433,0.1433,0.96,3,low,house,gable,False,2,4,2,4
395,2.5833,4.75,0.567,0.1433,0.1433,0.64,2,low,house,gable,False,2,4,3,4
396,2.75,4.75,0.585,0.1433,0.1433,0.32,1,low,house,gable,False,2,4,4,4
397,2.9167,4.75,0.603,0.1433,0.1433,0.96,3,low,house,gable,False,2,4,5,4
398,2.0833,4.9167,0.514,0.1433,0.1433,0.96,3,low,house,gable,False,2,4,0,5
399,2.4167,4.9167,0.55,0.1433,0.1433,0.32,1,low,house,gable,False,2,4,2,5
400,2.5833,4.9167,0.569,0.1433,0.1433,0.64,2,low,house,gable,False,2,4,3,5
401,3.75,4.0833,0.676,0.1433,0.1433,0.32,1,low,house,gable,False,3,4,4,0
402,3.9167,4.0833,0.692,0.1433,0.1433,0.32,1,low,house,gable,False,3,4,5,0
403,3.5833,4.25,0.664,0.1433,0.1433,0.64,2,low,house,gable,False,3,4,3,1
404,3.75,4.25,0.68,0.1433,0.1433,0.96,3,low,house,hip,False,3,4,4,1
405,3.5833,4.4167,0.667,0.1433,0.1433,0.64,2,low,house,gable,False,3,4,3,2
406,3.75,4.4167,0.683,0.1433,0.1433,0.96,3,low,house,gable,False,3,4,4,2
407,3.9167,4.4167,0.7,0.1433,0.1433,0.96,3,low,house,hip,False,3,4,5,2
408,4.75,4.0833,0.767,0.1433,0.1433,0.64,2,low,house,hip,False,4,4,4,0
409,4.9167,4.0833,0.781,0.1433,0.1433,0.64,2,low,house,gable,False,4,4,5,0
410,4.9167,4.25,0.787,0.1433,0.1433,0.32,1,low,house,gable,False,4,4,5,1
411,5.4167,4.4167,0.834,0.1433,0.1433,0.32,1,low,house,hip,False,5,4,2,2
412,5.4167,4.5833,0.841,0.1433,0.1433,0.64,2,low,house,gable,False,5,4,2,3
413,5.5833,4.5833,0.854,0.1433,0.1433,0.64,2,low,house,gable,False,5,4,3,3
414,9.5833,4.5833,1.048,0.1433,0.1433,0.32,1,low,house,gable,False,9,4,3,3
415,9.75,4.5833,1.049,0.1433,0.1433,0.96,3,low,house,gable,False,9,4,4,3
416,9.9167,4.5833,1.051,0.1433,0.1433,0.64,2,low,house,gable,False,9,4,5,3
417,9.4167,4.75,1.058,0.1433,0.1433,0.64,2,low,house,hip,False,9,4,2,4
418,9.5833,4.75,1.061,0.1433,0.1433,0.96,3,low,house,gable,False,9,4,3,4
419,9.75,4.75,1.063,0.1433,0.1433,0.32,1,low,house,gable,False,9,4,4,4
420,9.4167,4.9167,1.072,0.1433,0.1433,0.64,2,low,house,gable,False,9,4,2,5
421,9.75,4.9167,1.077,0.1433,0.1433,0.32,1,low,house,hip,False,9,4,4,5
422,11.0833,4.25,1.016,0.1433,0.1433,0.32,1,low,house,gable,False,11,4,0,1
423,11.25,4.25,1.013,0.1433,0.1433,0.64,2,low,house,gable,False,11,4,1,1
424,11.0833,4.4167,1.032,0.1433,0.1433,0.64,2,low,house,gable,False,11,4,0,2
425,11.4167,4.4167,1.026,0.1433,0.1433,0.96,3,low,house,gable,False,11,4,2,2
426,11.25,4.5833,1.045,0.1433,0.1433,0.32,1,low,house,hip,False,11,4,1,3
427,11.5833,4.5833,1.039,0.1433,0.1433,0.64,2,low,house,hip,False,11,4,3,3
428,11.75,4.75,1.051,0.1433,0.1433,0.96,3,low,house,hip,False,11,4,4,4
429,12.75,4.4167,0.987,0.1433,0.1433,0.96,3,low,house,gable,False,12,4,4,2
430,12.5833,4.5833,1.01,0.1433,0.1433,0.64,2,low,house,hip,False,12,4,3,3
431,12.75,4.5833,1.004,0.1433,0.1433,0.32,1,low,house,gable,False,12,4,4,3
432,12.9167,4.5833,0.998,0.1433,0.1433,0.96,3,low,house,gable,False,12,4,5,3
433,12.5833,4.75,1.027,0.1433,0.1433,0.96,3,low,house,gable,False,12,4,3,4
434,12.75,4.75,1.021,0.1433,0.1433,0.32,1,low,house,gable,False,12,4,4,4
435,13.4167,4.4167,0.959,0.1433,0.1433,0.96,3,low,house,gable,False,13,4,2,2
436,13.5833,4.4167,0.951,0.1433,0.1433,0.64,2,low,house,gable,False,13,4,3,2
437,13.4167,4.5833,0.976,0.1433,0.1433,0.64,2,low,house,gable,False,13,4,2,3
438,13.0833,4.75,1.008,0.1433,0.1433,0.32,1,low,house,hip,False,13,4,0,4
439,13.25,4.75,1.001,0.1433,0.1433,0.64,2,low,house,gable,False,13,4,1,4
440,13.4167,4.75,0.994,0.1433,0.1433,0.32,1,low,house,gable,False,13,4,2,4
441,13.25,4.9167,1.019,0.1433,0.1433,0.96,3,low,house,hip,False,13,4,1,5
442,13.4167,4.9167,1.011,0.1433,0.1433,0.64,2,low,house,gable,False,13,4,2,5
443,14.9167,4.0833,0.845,0.1433,0.1433,0.32,1,low,house,gable,False,14,4,5,0
444,14.75,4.25,0.872,0.1433,0.1433,0.32,1,low,house,gable,False,14,4,4,1
445,14.9167,4.25,0.862,0.1433,0.1433,0.64,2,low,house,hip,False,14,4,5,1
446,15.9167,4.0833,0.786,0.1433,0.1433,0.96,3,low,house,gable,False,15,4,5,0
447,15.75,4.25,0.813,0.1433,0.1433,0.96,3,low,house,gable,False,15,4,4,1
448,15.9167,4.25,0.803,0.1433,0.1433,0.64,2,low,house,gable,False,15,4,5,1
449,15.75,4.4167,0.83,0.1433,0.1433,0.64,2,low,house,gable,False,15,4,4,2
450,15.9167,4.4167,0.82,0.1433,0.1433,0.64,2,low,house,gable,False,15,4,5,2
451,15.9167,4.5833,0.837,0.1433,0.1433,0.96,3,low,house,gable,False,15,4,5,3
452,16.4167,4.0833,0.755,0.1433,0.1433,0.96,3,low,house,hip,False,16,4,2,0
453,16.5833,4.0833,0.745,0.1433,0.1433,0.96,3,low,house,gable,False,16,4,3,0
454,16.25,4.25,0.782,0.1433,0.1433,0.32,1,low,house,hip,False,16,4,1,1
455,16.4167,4.25,0.772,0.1433,0.1433,0.32,1,low,house,gable,False,16,4,2,1
456,16.75,4.25,0.752,0.1433,0.1433,0.32,1,low,house,gable,False,16,4,4,1
457,16.4167,4.4167,0.789,0.1433,0.1433,0.32,1,low,house,hip,False,16,4,2,2
458,16.5833,4.4167,0.779,0.1433,0.1433,0.96,3,low,house,hip,False,16,4,3,2
459,16.75,4.4167,0.768,0.1433,0.1433,0.32,1,low,house,hip,False,16,4,4,2
460,17.0833,4.0833,0.715,0.1433,0.1433,0.96,3,low,house,gable,False,17,4,0,0
461,17.0833,4.25,0.731,0.1433,0.1433,0.96,3,low,house,gable,False,17,4,0,1
462,17.25,4.25,0.721,0.1433,0.1433,0.32,1,low,house,gable,False,17,4,1,1
463,18.0833,4.0833,0.657,0.1433,0.1433,0.96,3,low,house,gable,False,18,4,0,0
464,18.25,4.0833,0.648,0.1433,0.1433,0.96,3,low,house,gable,False,18,4,1,0
465,18.4167,4.0833,0.639,0.1433,0.1433,0.96,3,low,house,gable,False,18,4,2,0
466,18.0833,4.25,0.673,0.1433,0.1433,0.96,3,low,house,gable,False,18,4,0,1
467,18.25,4.25,0.663,0.1433,0.1433,0.32,1,low,house,hip,False,18,4,1,1
468,18.4167,4.25,0.654,0.1433,0.1433,0.96,3,low,house,gable,False,18,4,2,1
469,18.0833,4.4167,0.688,0.1433,0.1433,0.64,2,low,house,gable,False,18,4,0,2
470,18.25,4.4167,0.679,0.1433,0.1433,0.96,3,low,house,gable,False,18,4,1,2
471,18.25,4.5833,0.694,0.1433,0.1433,0.96,3,low,house,gable,False,18,4,1,3
472,18.25,4.75,0.709,0.1433,0.1433,0.64,2,low,house,gable,False,18,4,1,4
473,18.0833,4.9167,0.735,0.1433,0.1433,0.64,2,low,house,hip,False,18,4,0,5
474,18.25,4.9167,0.724,0.1433,0.1433,0.64,2,low,house,gable,False,18,4,1,5
475,19.0833,4.75,0.662,0.1433,0.1433,0.96,3,low,house,gable,False,19,4,0,4
476,19.25,4.75,0.653,0.1433,0.1433,0.64,2,low,house,gable,False,19,4,1,4
477,19.4167,4.75,0.644,0.1433,0.1433,0.96,3,low,house,gable,False,19,4,2,4
478,19.25,4.9167,0.667,0.1433,0.1433,0.32,1,low,house,gable,False,19,4,1,5
479,19.4167,4.9167,0.658,0.1433,0.1433,0.96,3,low,house,gable,False,19,4,2,5
480,20.25,4.75,0.604,0.1433,0.1433,0.96,3,low,house,hip,False,20,4,1,4
481,22.25,4.75,0.534,0.1433,0.1433,0.64,2,low,house,gable,False,22,4,1,4
482,23.0833,4.0833,0.487,0.1433,0.1433,0.64,2,low,house,gable,False,23,4,0,0
483,23.0833,4.25,0.494,0.1433,0.1433,0.96,3,low,house,gable,False,23,4,0,1
484,23.25,4.25,0.492,0.1433,0.1433,0.32,1,low,house,gable,False,23,4,1,1
485,23.0833,4.4167,0.502,0.1433,0.1433,0.32,1,low,house,gable,False,23,4,0,2
486,23.25,4.4167,0.499,0.1433,0.1433,0.32,1,low,house,gable,False,23,4,1,2
487,23.25,4.5833,0.506,0.1433,0.1433,0.32,1,low,house,gable,False,23,4,1,3
488,23.25,4.75,0.513,0.1433,0.1433,0.96,3,low,house,gable,False,23,4,1,4
489,23.4167,4.75,0.511,0.1433,0.1433,0.32,1,low,house,gable,False,23,4,2,4
490,23.5833,4.75,0.509,0.1433,0.1433,0.96,3,low,house,gable,False,23,4,3,4
491,23.4167,4.9167,0.518,0.1433,0.1433,0.32,1,low,house,gable,False,23,4,2,5
492,25.4167,4.4167,0.489,0.1433,0.1433,0.96,3,low,house,gable,False,25,4,2,2
493,25.5833,4.4167,0.49,0.1433,0.1433,0.96,3,low,house,gable,False,25,4,3,2
494,25.4167,4.5833,0.493,0.1433,0.1433,0.32,1,low,house,gable,False,25,4,2,3
495,25.5833,4.5833,0.493,0.1433,0.1433,0.96,3,low,house,gable,False,25,4,3,3
496,25.5833,4.75,0.496,0.1433,0.1433,0.32,1,low,house,gable,False,25,4,3,4
497,25.75,4.75,0.496,0.1433,0.1433,0.96,3,low,house,hip,False,25,4,4,4
498,25.9167,4.75,0.496,0.1433,0.1433,0.64,2,low,house,hip,False,25,4,5,4
499,25.75,4.9167,0.498,0.1433,0.1433,0.64,2,low,house,gable,False,25,4,4,5
500,25.9167,4.9167,0.498,0.1433,0.1433,0.64,2,low,house,gable,False,25,4,5,5
501,26.75,4.0833,0.491,0.1433,0.1433,0.32,1,low,house,gable,False,26,4,4,0
502,26.9167,4.0833,0.492,0.1433,0.1433,0.64,2,low,house,gable,False,26,4,5,0
503,26.75,4.25,0.492,0.1433,0.1433,0.32,1,low,house,gable,False,26,4,4,1
504,26.9167,4.25,0.493,0.1433,0.1433,0.32,1,low,house,gable,False,26,4,5,1
505,26.5833,4.75,0.496,0.1433,0.1433,0.64,2,low,house,gable,False,26,4,3,4
506,27.4167,4.4167,0.496,0.1433,0.1433,0.96,3,low,house,gable,False,27,4,2,2
507,27.5833,4.4167,0.496,0.1433,0.1433,0.96,3,low,house,gable,False,27,4,3,2
508,27.4167,4.5833,0.496,0.1433,0.1433,0.96,3,low,house,gable,False,27,4,2,3
509,27.5833,4.5833,0.496,0.1433,0.1433,0.64,2,low,house,hip,False,27,4,3,3
510,27.75,4.5833,0.496,0.1433,0.1433,0.64,2,low,house,hip,False,27,4,4,3
511,27.4167,4.75,0.496,0.1433,0.1433,0.64,2,low,house,hip,False,27,4,2,4
512,27.9167,4.75,0.496,0.1433,0.1433,0.96,3,low,house,gable,False,27,4,5,4
513,27.4167,4.9167,0.497,0.1433,0.1433,0.64,2,low,house,gable,False,27,4,2,5
514,27.5833,4.9167,0.496,0.1433,0.1433,0.32,1,low,house,gable,False,27,4,3,5
515,27.75,4.9167,0.496,0.1433,0.1433,0.32,1,low,house,gable,False,27,4,4,5
516,28.25,4.0833,0.498,0.1433,0.1433,0.32,1,low,house,gable,False,28,4,1,0
517,28.0833,4.25,0.497,0.1433,0.1433,0.64,2,low,house,gable,False,28,4,0,1
518,28.4167,4.25,0.498,0.1433,0.1433,0.64,2,low,house,gable,False,28,4,2,1
519,28.9167,4.25,0.497,0.1433,0.1433,0.64,2,low,house,gable,False,28,4,5,1
520,28.25,4.4167,0.497,0.1433,0.1433,0.64,2,low,house,gable,False,28,4,1,2
521,28.4167,4.4167,0.497,0.1433,0.1433,0.32,1,low,house,gable,False,28,4,2,2
522,28.0833,4.5833,0.496,0.1433,0.1433,0.64,2,low,house,gable,False,28,4,0,3
523,28.25,4.5833,0.496,0.1433,0.1433,0.64,2,low,house,hip,False,28,4,1,3
524,28.25,4.75,0.496,0.1433,0.1433,0.64,2,low,house,gable,False,28,4,1,4
525,28.4167,4.75,0.495,0.1433,0.1433,0.96,3,low,house,gable,False,28,4,2,4
526,28.25,4.9167,0.495,0.1433,0.1433,0.32,1,low,house,hip,False,28,4,1,5
527,28.4167,4.9167,0.494,0.1433,0.1433,0.64,2,low,house,gable,False,28,4,2,5
528,29.4167,4.25,0.495,0.1433,0.1433,0.96,3,low,house,gable,False,29,4,2,1
529,29.4167,4.4167,0.493,0.1433,0.1433,0.64,2,low,house,gable,False,29,4,2,2
530,29.5833,4.4167,0.492,0.1433,0.1433,0.64,2,low,house,gable,False,29,4,3,2
531,29.4167,4.5833,0.491,0.1433,0.1433,0.32,1,low,house,hip,False,29,4,2,3
532,5.0833,5.25,0.835,0.1433,0.1433,0.32,1,low,house,gable,False,5,5,0,1
533,5.25,5.25,0.851,0.1433,0.1433,0.32,1,low,house,hip,False,5,5,1,1
534,5.0833,5.4167,0.841,0.1433,0.1433,0.64,2,low,house,gable,False,5,5,0,2
535,5.9167,5.5833,0.924,0.1433,0.1433,0.64,2,low,house,gable,False,5,5,5,3
536,6.25,5.5833,0.952,0.1433,0.1433,0.32,1,low,house,gable,False,6,5,1,3
537,12.0833,5.4167,1.11,0.1433,0.1433,0.96,3,low,house,gable,False,12,5,0,2
538,12.25,5.4167,1.106,0.1433,0.1433,0.32,1,low,house,gable,False,12,5,1,2
539,12.0833,5.5833,1.127,0.1433,0.1433,0.32,1,low,house,gable,False,12,5,0,3
540,12.25,5.5833,1.123,0.1433,0.1433,0.64,2,low,house,gable,False,12,5,1,3
541,13.25,5.4167,1.072,0.1433,0.1433,0.96,3,low,house,gable,False,13,5,1,2
542,14.75,5.4167,0.996,0.1433,0.1433,0.32,1,low,house,hip,False,14,5,4,2
543,14.9167,5.4167,0.987,0.1433,0.1433,0.64,2,low,house,gable,False,14,5,5,2
544,14.5833,5.5833,1.024,0.1433,0.1433,0.64,2,low,house,gable,False,14,5,3,3
545,14.75,5.5833,1.014,0.1433,0.1433,0.64,2,low,house,gable,False,14,5,4,3
546,14.5833,5.75,1.042,0.1433,0.1433,0.32,1,low,house,hip,False,14,5,3,4
547,14.75,5.75,1.032,0.1433,0.1433,0.96,3,low,house,hip,False,14,5,4,4
548,14.9167,5.75,1.023,0.1433,0.1433,0.96,3,low,house,gable,False,14,5,5,4
549,15.25,5.25,0.949,0.1433,0.1433,0.64,2,low,house,hip,False,15,5,1,1
550,15.4167,5.4167,0.956,0.1433,0.1433,0.64,2,low,house,gable,False,15,5,2,2
551,15.5833,5.4167,0.946,0.1433,0.1433,0.96,3,low,house,gable,False,15,5,3,2
552,15.75,5.4167,0.935,0.1433,0.1433,0.64,2,low,house,gable,False,15,5,4,2
553,15.75,5.5833,0.953,0.1433,0.1433,0.96,3,low,house,gable,False,15,5,4,3
554,15.9167,5.5833,0.942,0.1433,0.1433,0.64,2,low,house,gable,False,15,5,5,3
555,16.5833,5.25,0.864,0.1433,0.1433,0.96,3,low,house,gable,False,16,5,3,1
556,16.75,5.25,0.853,0.1433,0.1433,0.32,1,low,house,gable,False,16,5,4,1
557,16.5833,5.4167,0.881,0.1433,0.1433,0.64,2,low,house,gable,False,16,5,3,2
558,16.75,5.4167,0.87,0.1433,0.1433,0.64,2,low,house,gable,False,16,5,4,2
559,16.9167,5.4167,0.859,0.1433,0.1433,0.64,2,low,house,hip,False,16,5,5,2
560,16.75,5.5833,0.887,0.1433,0.1433,0.32,1,low,house,gable,False,16,5,4,3
561,16.9167,5.5833,0.876,0.1433,0.1433,0.32,1,low,house,gable,False,16,5,5,3
562,16.5833,5.75,0.915,0.1433,0.1433,0.96,3,low,house,gable,False,16,5,3,4
563,16.75,5.75,0.904,0.1433,0.1433,0.96,3,low,house,hip,False,16,5,4,4
564,16.75,5.9167,0.921,0.1433,0.1433,0.64,2,low,house,hip,False,16,5,4,5
565,17.4167,5.5833,0.842,0.1433,0.1433,0.64,2,low,house,gable,False,17,5,2,3
566,17.25,5.75,0.87,0.1433,0.1433,0.32,1,low,house,gable,False,17,5,1,4
567,17.4167,5.75,0.858,0.1433,0.1433,0.96,3,low,house,gable,False,17,5,2,4
568,17.5833,5.75,0.847,0.1433,0.1433,0.64,2,low,house,gable,False,17,5,3,4
569,18.9167,5.25,0.714,0.1433,0.1433,0.32,1,low,house,gable,False,18,5,5,1
570,18.75,5.4167,0.739,0.1433,0.1433,0.96,3,low,house,hip,False,18,5,4,2
571,18.9167,5.4167,0.729,0.1433,0.1433,0.32,1,low,house,hip,False,18,5,5,2
572,19.5833,5.0833,0.662,0.1433,0.1433,0.32,1,low,house,gable,False,19,5,3,0
573,19.9167,5.0833,0.645,0.1433,0.1433,0.32,1,low,house,gable,False,19,5,5,0
574,19.4167,5.25,0.685,0.1433,0.1433,0.96,3,low,house,gable,False,19,5,2,1
575,19.5833,5.25,0.676,0.1433,0.1433,0.32,1,low,house,gable,False,19,5,3,1
576,19.75,5.25,0.667,0.1433,0.1433,0.64,2,low,house,hip,False,19,5,4,1
577,19.0833,5.4167,0.719,0.1433,0.1433,0.32,1,low,house,gable,False,19,5,0,2
578,19.25,5.4167,0.709,0.1433,0.1433,0.32,1,low,house,gable,False,19,5,1,2
579,19.5833,5.4167,0.689,0.1433,0.1433,0.64,2,low,house,gable,False,19,5,3,2
580,19.25,5.5833,0.723,0.1433,0.1433,0.32,1,low,house,gable,False,19,5,1,3
581,19.4167,5.5833,0.713,0.1433,0.1433,0.32,1,low,house,gable,False,19,5,2,3
582,19.5833,5.5833,0.703,0.1433,0.1433,0.32,1,low,house,gable,False,19,5,3,3
583,20.4167,5.25,0.633,0.1433,0.1433,0.64,2,low,house,gable,False,20,5,2,1
584,20.25,5.4167,0.653,0.1433,0.1433,0.64,2,low,house,gable,False,20,5,1,2
585,20.4167,5.4167,0.645,0.1433,0.1433,0.96,3,low,house,hip,False,20,5,2,2
586,21.5833,5.75,0.613,0.1433,0.1433,0.96,3,low,house,gable,False,21,5,3,4
587,21.75,5.75,0.606,0.1433,0.1433,0.64,2,low,house,gable,False,21,5,4,4
588,21.5833,5.9167,0.623,0.1433,0.1433,0.96,3,low,house,hip,False,21,5,3,5
589,21.75,5.9167,0.615,0.1433,0.1433,0.32,1,low,house,hip,False,21,5,4,5
590,23.5833,5.5833,0.54,0.1433,0.1433,0.96,3,low,house,gable,False,23,5,3,3
591,23.5833,5.75,0.546,0.1433,0.1433,0.32,1,low,house,gable,False,23,5,3,4
592,23.75,5.75,0.542,0.1433,0.1433,0.32,1,low,house,hip,False,23,5,4,4
593,23.5833,5.9167,0.552,0.1433,0.1433,0.96,3,low,house,gable,False,23,5,3,5
594,25.25,5.75,0.516,0.1433,0.1433,0.32,1,low,house,gable,False,25,5,1,4
595,25.4167,5.75,0.514,0.1433,0.1433,0.32,1,low,house,gable,False,25,5,2,4
596,25.25,5.9167,0.52,0.1433,0.1433,0.64,2,low,house,gable,False,25,5,1,5
597,25.4167,5.9167,0.517,0.1433,0.1433,0.96,3,low,house,hip,False,25,5,2,5
598,25.5833,5.9167,0.515,0.1433,0.1433,0.96,3,low,house,gable,False,25,5,3,5
599,27.25,5.0833,0.497,0.1433,0.1433,0.96,3,low,house,gable,False,27,5,1,0
600,27.0833,5.25,0.498,0.1433,0.1433,0.64,2,low,house,hip,False,27,5,0,1
601,27.25,5.25,0.497,0.1433,0.1433,0.32,1,low,house,gable,False,27,5,1,1
602,27.5833,5.25,0.496,0.1433,0.1433,0.32,1,low,house,gable,False,27,5,3,1
603,27.75,5.25,0.495,0.1433,0.1433,0.64,2,low,house,gable,False,27,5,4,1
604,27.0833,5.4167,0.498,0.1433,0.1433,0.96,3,low,house,hip,False,27,5,0,2
605,27.5833,5.4167,0.496,0.1433,0.1433,0.64,2,low,house,gable,False,27,5,3,2
606,27.75,5.4167,0.495,0.1433,0.1433,0.32,1,low,house,gable,False,27,5,4,2
607,29.5833,5.4167,0.478,0.1433,0.1433,0.32,1,low,house,gable,False,29,5,3,2
608,29.4167,5.5833,0.478,0.1433,0.1433,0.64,2,low,house,gable,False,29,5,2,3
609,29.5833,5.5833,0.475,0.1433,0.1433,0.64,2,low,house,gable,False,29,5,3,3
610,29.75,5.5833,0.472,0.1433,0.1433,0.96,3,low,house,gable,False,29,5,4,3
611,29.5833,5.75,0.472,0.1433,0.1433,0.64,2,low,house,hip,False,29,5,3,4
612,2.25,6.0833,0.538,0.1433,0.1433,0.96,3,low,house,gable,False,2,6,1,0
613,2.5833,6.0833,0.579,0.1433,0.1433,0.96,3,low,house,gable,False,2,6,3,0
614,2.25,6.25,0.539,0.1433,0.1433,0.64,2,low,house,gable,False,2,6,1,1
615,2.4167,6.25,0.559,0.1433,0.1433,0.64,2,low,house,hip,False,2,6,2,1
616,2.5833,6.25,0.58,0.1433,0.1433,0.64,2,low,house,gable,False,2,6,3,1
617,2.4167,6.4167,0.56,0.1433,0.1433,0.64,2,low,house,gable,False,2,6,2,2
618,2.4167,6.5833,0.561,0.1433,0.1433,0.64,2,low,house,gable,False,2,6,2,3
619,2.25,6.75,0.541,0.1433,0.1433,0.96,3,low,house,gable,False,2,6,1,4
620,2.4167,6.75,0.562,0.1433,0.1433,0.32,1,low,house,hip,False,2,6,2,4
621,2.5833,6.75,0.583,0.1433,0.1433,0.96,3,low,house,hip,False,2,6,3,4
622,2.25,6.9167,0.541,0.1433,0.1433,0.64,2,low,house,gable,False,2,6,1,5
623,2.4167,6.9167,0.563,0.1433,0.1433,0.64,2,low,house,gable,False,2,6,2,5
624,3.4167,6.5833,0.685,0.1433,0.1433,0.64,2,low,house,gable,False,3,6,2,3
625,3.5833,6.5833,0.706,0.1433,0.1433,0.64,2,low,house,gable,False,3,6,3,3
626,3.4167,6.75,0.688,0.1433,0.1433,0.96,3,low,house,gable,False,3,6,2,4
627,6.25,6.25,0.983,0.1433,0.1433,0.96,3,low,house,gable,False,6,6,1,1
628,6.25,6.4167,0.99,0.1433,0.1433,0.96,3,low,house,hip,False,6,6,1,2
629,6.4167,6.4167,1.005,0.1433,0.1433,0.64,2,low,house,gable,False,6,6,2,2
630,6.0833,6.5833,0.982,0.1433,0.1433,0.96,3,low,house,gable,False,6,6,0,3
631,6.25,6.5833,0.998,0.1433,0.1433,0.96,3,low,house,gable,False,6,6,1,3
632,6.4167,6.5833,1.013,0.1433,0.1433,0.96,3,low,house,gable,False,6,6,2,3
633,6.4167,6.75,1.021,0.1433,0.1433,0.64,2,low,house,gable,False,6,6,2,4
634,6.5833,6.75,1.036,0.1433,0.1433,0.32,1,low,house,hip,False,6,6,3,4
635,6.4167,6.9167,1.029,0.1433,0.1433,0.32,1,low,house,gable,False,6,6,2,5
636,6.5833,6.9167,1.044,0.1433,0.1433,0.96,3,low,house,gable,False,6,6,3,5
637,7.75,6.0833,1.088,0.1433,0.1433,0.96,3,low,house,gable,False,7,6,4,0
638,7.9167,6.0833,1.098,0.1433,0.1433,0.32,1,low,house,gable,False,7,6,5,0
639,7.9167,6.25,1.109,0.1433,0.1433,0.96,3,low,house,gable,False,7,6,5,1
640,8.0833,6.0833,1.108,0.1433,0.1433,0.64,2,low,house,gable,False,8,6,0,0
641,8.75,6.0833,1.141,0.1433,0.1433,0.32,1,low,house,gable,False,8,6,4,0
642,8.9167,6.0833,1.148,0.1433,0.1433,0.32,1,low,house,hip,False,8,6,5,0
643,8.0833,6.25,1.119,0.1433,0.1433,0.96,3,low,house,gable,False,8,6,0,1
644,8.25,6.25,1.129,0.1433,0.1433,0.64,2,low,house,gable,False,8,6,1,1
645,8.9167,6.25,1.161,0.1433,0.1433,0.32,1,low,house,hip,False,8,6,5,1
646,8.0833,6.4167,1.13,0.1433,0.1433,0.96,3,low,house,gable,False,8,6,0,2
647,10.4167,6.5833,1.231,0.1433,0.1433,0.64,2,low,house,hip,False,10,6,2,3
648,10.4167,6.75,1.246,0.1433,0.1433,0.64,2,low,house,gable,False,10,6,2,4
649,10.5833,6.75,1.249,0.1433,0.1433,0.96,3,low,house,gable,False,10,6,3,4
650,12.4167,6.0833,1.17,0.1433,0.1433,0.96,3,low,house,gable,False,12,6,2,0
651,12.0833,6.25,1.195,0.1433,0.1433,0.64,2,low,house,gable,False,12,6,0,1
652,12.25,6.25,1.191,0.1433,0.1433,0.32,1,low,house,hip,False,12,6,1,1
653,12.5833,6.25,1.183,0.1433,0.1433,0.32,1,low,house,gable,False,12,6,3,1
654,12.0833,6.4167,1.212,0.1433,0.1433,0.64,2,low,house,gable,False,12,6,0,2
655,12.4167,6.4167,1.204,0.1433,0.1433,0.96,3,low,house,gable,False,12,6,2,2
656,12.25,6.5833,1.225,0.1433,0.1433,0.32,1,low,house,hip,False,12,6,1,3
657,12.5833,6.5833,1.217,0.1433,0.1433,0.96,3,low,house,gable,False,12,6,3,3
658,12.4167,6.75,1.238,0.1433,0.1433,0.32,1,low,house,gable,False,12,6,2,4
659,12.5833,6.75,1.234,0.1433,0.1433,0.32,1,low,house,gable,False,12,6,3,4
660,12.25,6.9167,1.259,0.1433,0.1433,0.64,2,low,house,gable,False,12,6,1,5
661,12.4167,6.9167,1.255,0.1433,0.1433,0.64,2,low,house,gable,False,12,6,2,5
662,13.5833,6.0833,1.128,0.1433,0.1433,0.96,3,low,house,hip,False,13,6,3,0
663,13.75,6.0833,1.121,0.1433,0.1433,0.32,1,low,house,gable,False,13,6,4,0
664,13.4167,6.25,1.153,0.1433,0.1433,0.32,1,low,house,hip,False,13,6,2,1
665,13.5833,6.25,1.146,0.1433,0.1433,0.32,1,low,house,hip,False,13,6,3,1
666,13.75,6.25,1.139,0.1433,0.1433,0.32,1,low,house,gable,False,13,6,4,1
667,13.9167,6.25,1.131,0.1433,0.1433,0.96,3,low,house,hip,False,13,6,5,1
668,13.25,6.4167,1.178,0.1433,0.1433,0.96,3,low,house,gable,False,13,6,1,2
669,13.4167,6.4167,1.171,0.1433,0.1433,0.96,3,low,house,gable,False,13,6,2,2
670,13.5833,6.4167,1.164,0.1433,0.1433,0.32,1,low,house,gable,False,13,6,3,2
671,15.25,6.0833,1.038,0.1433,0.1433,1.28,4,medium,house,gable,False,15,6,1,0
672,15.4167,6.0833,1.028,0.1433,0.1433,0.64,2,medium,house,gable,False,15,6,2,0
673,15.75,6.0833,1.006,0.1433,0.1433,0.96,3,medium,house,hip,False,15,6,4,0
674,15.9167,6.0833,0.995,0.1433,0.1433,1.28,4,medium,house,gable,False,15,6,5,0
675,15.4167,6.25,1.046,0.1433,0.1433,1.28,4,medium,house,gable,False,15,6,2,1
676,15.5833,6.25,1.035,0.1433,0.1433,0.96,3,medium,house,gable,False,15,6,3,1
677,15.75,6.25,1.024,0.1433,0.1433,0.96,3,medium,house,hip,False,15,6,4,1
678,15.9167,6.25,1.013,0.1433,0.1433,0.64,2,medium,house,hip,False,15,6,5,1
679,15.75,6.4167,1.042,0.1433,0.1433,0.64,2,medium,house,hip,False,15,6,4,2
680,15.0833,6.5833,1.102,0.1433,0.1433,1.28,4,medium,house,gable,False,15,6,0,3
681,15.25,6.5833,1.092,0.1433,0.1433,0.96,3,medium,house,gable,False,15,6,1,3
682,15.5833,6.5833,1.07,0.1433,0.1433,0.96,3,medium,house,gable,False,15,6,3,3
683,15.9167,6.5833,1.048,0.1433,0.1433,0.64,2,medium,house,gable,False,15,6,5,3
684,15.25,6.75,1.11,0.1433,0.1433,0.64,2,medium,house,gable,False,15,6,1,4
685,15.4167,6.75,1.099,0.1433,0.1433,0.64,2,medium,house,gable,False,15,6,2,4
686,15.5833,6.75,1.088,0.1433,0.1433,0.96,3,medium,house,gable,False,15,6,3,4
687,15.75,6.75,1.077,0.1433,0.1433,0.96,3,medium,house,gable,False,15,6,4,4
688,15.9167,6.75,1.066,0.1433,0.1433,1.28,4,medium,house,hip,False,15,6,5,4
689,15.0833,6.9167,1.138,0.1433,0.1433,0.96,3,medium,house,gable,False,15,6,0,5
690,15.25,6.9167,1.128,0.1433,0.1433,1.28,4,medium,house,gable,False,15,6,1,5
691,15.4167,6.9167,1.117,0.1433,0.1433,0.64,2,medium,house,hip,False,15,6,2,5
692,15.75,6.9167,1.094,0.1433,0.1433,1.28,4,medium,house,gable,False,15,6,4,5
693,15.9167,6.9167,1.083,0.1433,0.1433,0.96,3,medium,house,gable,False,15,6,5,5
694,16.0833,6.0833,0.984,0.1433,0.1433,0.64,2,medium,house,gable,False,16,6,0,0
695,16.25,6.0833,0.973,0.1433,0.1433,0.64,2,medium,house,hip,False,16,6,1,0
696,16.75,6.0833,0.938,0.1433,0.1433,1.28,4,medium,house,gable,False,16,6,4,0
697,16.0833,6.25,1.002,0.1433,0.1433,0.64,2,medium,house,gable,False,16,6,0,1
698,16.75,6.25,0.955,0.1433,0.1433,0.96,3,medium,house,gable,False,16,6,4,1
699,16.9167,6.25,0.943,0.1433,0.1433,0.64,2,medium,house,gable,False,16,6,5,1
700,16.0833,6.4167,1.019,0.1433,0.1433,0.96,3,medium,house,gable,False,16,6,0,2
701,16.25,6.4167,1.007,0.1433,0.1433,1.28,4,medium,house,gable,False,16,6,1,2
702,16.5833,6.4167,0.984,0.1433,0.1433,0.64,2,medium,house,hip,False,16,6,3,2
703,16.9167,6.4167,0.96,0.1433,0.1433,1.28,4,medium,house,gable,False,16,6,5,2
704,16.0833,6.5833,1.037,0.1433,0.1433,1.28,4,medium,house,hip,False,16,6,0,3
705,16.25,6.5833,1.025,0.1433,0.1433,0.96,3,medium,house,hip,False,16,6,1,3
706,16.5833,6.5833,1.001,0.1433,0.1433,0.96,3,medium,house,gable,False,16,6,3,3
707,16.9167,6.5833,0.977,0.1433,0.1433,0.96,3,medium,house,gable,False,16,6,5,3
708,16.0833,6.75,1.054,0.1433,0.1433,1.28,4,medium,house,gable,False,16,6,0,4
709,16.75,6.75,1.006,0.1433,0.1433,0.64,2,medium,house,gable,False,16,6,4,4
710,16.9167,6.75,0.994,0.1433,0.1433,0.64,2,medium,house,hip,False,16,6,5,4
711,16.75,6.9167,1.023,0.1433,0.1433,1.28,4,medium,house,hip,False,16,6,4,5
712,16.9167,6.9167,1.01,0.1433,0.1433,0.64,2,medium,house,gable,False,16,6,5,5
713,17.0833,6.0833,0.915,0.1433,0.1433,1.28,4,medium,house,gable,False,17,6,0,0
714,17.25,6.0833,0.903,0.1433,0.1433,0.64,2,medium,house,gable,False,17,6,1,0
715,17.4167,6.0833,0.891,0.1433,0.1433,1.28,4,medium,house,gable,False,17,6,2,0
716,17.75,6.0833,0.867,0.1433,0.1433,0.64,2,medium,house,gable,False,17,6,4,0
717,17.9167,6.0833,0.856,0.1433,0.1433,0.64,2,medium,house,gable,False,17,6,5,0
718,17.25,6.25,0.919,0.1433,0.1433,0.64,2,medium,house,gable,False,17,6,1,1
719,17.4167,6.25,0.907,0.1433,0.1433,0.96,3,medium,house,gable,False,17,6,2,1
720,17.5833,6.25,0.895,0.1433,0.1433,0.64,2,medium,house,gable,False,17,6,3,1
721,17.75,6.25,0.883,0.1433,0.1433,1.28,4,medium,house,gable,False,17,6,4,1
722,17.0833,6.4167,0.948,0.1433,0.1433,0.64,2,medium,house,gable,False,17,6,0,2
723,17.75,6.4167,0.899,0.1433,0.1433,1.28,4,medium,house,gable,False,17,6,4,2
724,17.9167,6.4167,0.887,0.1433,0.1433,0.96,3,medium,house,gable,False,17,6,5,2
725,17.25,6.5833,0.952,0.1433,0.1433,1.28,4,medium,house,hip,False,17,6,1,3
726,17.4167,6.9167,0.973,0.1433,0.1433,0.64,2,medium,house,gable,False,17,6,2,5
727,18.25,6.4167,0.863,0.1433,0.1433,1.28,4,medium,house,gable,False,18,6,1,2
728,18.4167,6.4167,0.851,0.1433,0.1433,0.96,3,medium,house,gable,False,18,6,2,2
729,18.5833,6.4167,0.839,0.1433,0.1433,1.28,4,medium,house,hip,False,18,6,3,2
730,18.75,6.4167,0.827,0.1433,0.1433,0.64,2,medium,house,hip,False,18,6,4,2
731,18.9167,6.4167,0.816,0.1433,0.1433,1.28,4,medium,house,hip,False,18,6,5,2
732,18.0833,6.5833,0.891,0.1433,0.1433,1.28,4,medium,house,gable,False,18,6,0,3
733,18.25,6.5833,0.878,0.1433,0.1433,0.64,2,medium,house,gable,False,18,6,1,3
734,18.4167,6.5833,0.866,0.1433,0.1433,1.28,4,medium,house,gable,False,18,6,2,3
735,18.5833,6.5833,0.854,0.1433,0.1433,1.28,4,medium,house,hip,False,18,6,3,3
736,18.9167,6.5833,0.83,0.1433,0.1433,1.28,4,medium,house,gable,False,18,6,5,3
737,18.4167,6.75,0.881,0.1433,0.1433,0.96,3,medium,house,gable,False,18,6,2,4
738,18.5833,6.75,0.869,0.1433,0.1433,0.64,2,medium,house,gable,False,18,6,3,4
739,18.75,6.75,0.856,0.1433,0.1433,0.64,2,medium,house,gable,False,18,6,4,4
740,18.9167,6.75,0.844,0.1433,0.1433,0.64,2,medium,house,gable,False,18,6,5,4
741,18.75,6.9167,0.871,0.1433,0.1433,0.64,2,medium,house,hip,False,18,6,4,5
742,19.0833,6.0833,0.776,0.1433,0.1433,0.64,2,medium,house,gable,False,19,6,0,0
743,19.25,6.0833,0.765,0.1433,0.1433,1.28,4,medium,house,gable,False,19,6,1,0
744,19.4167,6.0833,0.754,0.1433,0.1433,0.64,2,medium,house,gable,False,19,6,2,0
745,19.5833,6.0833,0.743,0.1433,0.1433,0.96,3,medium,house,gable,False,19,6,3,0
746,19.0833,6.25,0.79,0.1433,0.1433,0.96,3,medium,house,hip,False,19,6,0,1
747,19.25,6.25,0.779,0.1433,0.1433,1.28,4,medium,house,gable,False,19,6,1,1
748,19.5833,6.25,0.757,0.1433,0.1433,0.96,3,medium,house,hip,False,19,6,3,1
749,19.25,6.4167,0.792,0.1433,0.1433,0.64,2,medium,house,gable,False,19,6,1,2
750,19.4167,6.4167,0.781,0.1433,0.1433,0.64,2,medium,house,gable,False,19,6,2,2
751,19.5833,6.4167,0.77,0.1433,0.1433,0.64,2,medium,house,gable,False,19,6,3,2
752,19.0833,6.5833,0.818,0.1433,0.1433,0.96,3,medium,house,hip,False,19,6,0,3
753,19.4167,6.5833,0.795,0.1433,0.1433,0.96,3,medium,house,hip,False,19,6,2,3
754,19.5833,6.5833,0.783,0.1433,0.1433,0.64,2,medium,house,gable,False,19,6,3,3
755,19.0833,6.75,0.832,0.1433,0.1433,1.28,4,medium,house,gable,False,19,6,0,4
756,19.25,6.75,0.82,0.1433,0.1433,0.64,2,medium,house,hip,False,19,6,1,4
757,19.5833,6.75,0.797,0.1433,0.1433,0.64,2,medium,house,gable,False,19,6,3,4
758,19.0833,6.9167,0.846,0.1433,0.1433,1.28,4,medium,house,hip,False,19,6,0,5
759,19.25,6.9167,0.834,0.1433,0.1433,0.96,3,medium,house,gable,False,19,6,1,5
760,19.4167,6.9167,0.822,0.1433,0.1433,0.96,3,medium,house,gable,False,19,6,2,5
761,19.5833,6.9167,0.81,0.1433,0.1433,1.28,4,medium,house,hip,False,19,6,3,5
762,20.5833,6.0833,0.684,0.1433,0.1433,1.28,4,medium,house,gable,False,20,6,3,0
763,20.75,6.0833,0.675,0.1433,0.1433,1.28,4,medium,house,hip,False,20,6,4,0
764,20.9167,6.0833,0.666,0.1433,0.1433,0.64,2,medium,house,gable,False,20,6,5,0
765,20.5833,6.25,0.695,0.1433,0.1433,0.64,2,medium,house,gable,False,20,6,3,1
766,20.9167,6.25,0.677,0.1433,0.1433,0.64,2,medium,house,hip,False,20,6,5,1
767,20.0833,6.4167,0.738,0.1433,0.1433,0.96,3,medium,house,gable,False,20,6,0,2
768,20.25,6.4167,0.727,0.1433,0.1433,0.96,3,medium,house,hip,False,20,6,1,2
769,20.5833,6.4167,0.707,0.1433,0.1433,1.28,4,medium,house,gable,False,20,6,3,2
770,20.75,6.4167,0.697,0.1433,0.1433,0.96,3,medium,house,gable,False,20,6,4,2
771,20.9167,6.4167,0.688,0.1433,0.1433,0.96,3,medium,house,gable,False,20,6,5,2
772,20.0833,6.5833,0.75,0.1433,0.1433,0.64,2,medium,house,gable,False,20,6,0,3
773,20.4167,6.5833,0.729,0.1433,0.1433,0.64,2,medium,house,gable,False,20,6,2,3
774,20.5833,6.5833,0.719,0.1433,0.1433,0.96,3,medium,house,gable,False,20,6,3,3
775,20.9167,6.5833,0.699,0.1433,0.1433,0.96,3,medium,house,gable,False,20,6,5,3
776,20.25,6.75,0.752,0.1433,0.1433,0.96,3,medium,house,gable,False,20,6,1,4
777,20.5833,6.75,0.73,0.1433,0.1433,0.64,2,medium,house,gable,False,20,6,3,4
778,20.75,6.75,0.72,0.1433,0.1433,0.96,3,medium,house,gable,False,20,6,4,4
779,20.9167,6.75,0.71,0.1433,0.1433,0.96,3,medium,house,hip,False,20,6,5,4
780,20.0833,6.9167,0.775,0.1433,0.1433,1.28,4,medium,house,gable,False,20,6,0,5
781,20.25,6.9167,0.764,0.1433,0.1433,0.64,2,medium,house,gable,False,20,6,1,5
782,20.4167,6.9167,0.753,0.1433,0.1433,0.64,2,medium,house,hip,False,20,6,2,5
783,20.75,6.9167,0.731,0.1433,0.1433,0.96,3,medium,house,gable,False,20,6,4,5
784,20.9167,6.9167,0.721,0.1433,0.1433,1.28,4,medium,house,gable,False,20,6,5,5
785,21.9167,6.4167,0.636,0.1433,0.1433,0.96,3,low,house,gable,False,21,6,5,2
786,21.25,6.5833,0.68,0.1433,0.1433,0.64,2,low,house,gable,False,21,6,1,3
787,21.75,6.5833,0.653,0.1433,0.1433,0.64,2,low,house,gable,False,21,6,4,3
788,21.9167,6.5833,0.645,0.1433,0.1433,0.64,2,low,house,gable,False,21,6,5,3
789,21.4167,6.75,0.681,0.1433,0.1433,0.64,2,low,house,gable,False,21,6,2,4
790,21.5833,6.75,0.672,0.1433,0.1433,0.96,3,low,house,gable,False,21,6,3,4
791,21.9167,6.75,0.654,0.1433,0.1433,0.32,1,low,house,hip,False,21,6,5,4
792,21.5833,6.9167,0.682,0.1433,0.1433,0.32,1,low,house,gable,False,21,6,3,5
793,22.0833,6.4167,0.628,0.1433,0.1433,0.64,2,low,house,hip,False,22,6,0,2
794,22.0833,6.5833,0.637,0.1433,0.1433,0.64,2,low,house,gable,False,22,6,0,3
795,22.25,6.5833,0.629,0.1433,0.1433,0.32,1,low,house,gable,False,22,6,1,3
796,22.4167,6.5833,0.622,0.1433,0.1433,0.96,3,low,house,gable,False,22,6,2,3
797,22.4167,6.75,0.63,0.1433,0.1433,0.32,1,low,house,hip,False,22,6,2,4
798,22.5833,6.75,0.622,0.1433,0.1433,0.96,3,low,house,gable,False,22,6,3,4
799,22.25,6.9167,0.646,0.1433,0.1433,0.96,3,low,house,gable,False,22,6,1,5
800,22.4167,6.9167,0.638,0.1433,0.1433,0.96,3,low,house,gable,False,22,6,2,5
801,22.5833,6.9167,0.63,0.1433,0.1433,0.32,1,low,house,hip,False,22,6,3,5
802,24.75,6.4167,0.539,0.1433,0.1433,0.32,1,low,house,gable,False,24,6,4,2
803,25.75,6.5833,0.522,0.1433,0.1433,0.96,3,low,house,gable,False,25,6,4,3
804,25.9167,6.5833,0.519,0.1433,0.1433,0.64,2,low,house,gable,False,25,6,5,3
805,25.75,6.75,0.524,0.1433,0.1433,0.64,2,low,house,gable,False,25,6,4,4
806,25.9167,6.75,0.521,0.1433,0.1433,0.96,3,low,house,gable,False,25,6,5,4
807,25.5833,6.9167,0.53,0.1433,0.1433,0.96,3,low,house,gable,False,25,6,3,5
808,25.75,6.9167,0.526,0.1433,0.1433,0.96,3,low,house,gable,False,25,6,4,5
809,26.75,6.9167,0.506,0.1433,0.1433,0.64,2,low,house,gable,False,26,6,4,5
810,27.25,6.4167,0.498,0.1433,0.1433,0.96,3,low,house,hip,False,27,6,1,2
811,27.0833,6.5833,0.5,0.1433,0.1433,0.96,3,low,house,gable,False,27,6,0,3
812,27.25,6.5833,0.498,0.1433,0.1433,0.64,2,low,house,gable,False,27,6,1,3
813,27.25,6.75,0.497,0.1433,0.1433,0.64,2,low,house,hip,False,27,6,1,4
814,28.25,6.25,0.485,0.1433,0.1433,0.96,3,low,house,hip,False,28,6,1,1
815,28.4167,6.25,0.483,0.1433,0.1433,0.96,3,low,house,gable,False,28,6,2,1
816,28.5833,6.25,0.481,0.1433,0.1433,0.96,3,low,house,gable,False,28,6,3,1
817,28.75,6.25,0.478,0.1433,0.1433,0.96,3,low,house,hip,False,28,6,4,1
818,28.9167,6.25,0.476,0.1433,0.1433,0.32,1,low,house,gable,False,28,6,5,1
819,28.75,6.4167,0.476,0.1433,0.1433,0.64,2,low,house,gable,False,28,6,4,2
820,28.4167,6.75,0.478,0.1433,0.1433,0.32,1,low,house,gable,False,28,6,2,4
821,28.5833,6.75,0.475,0.1433,0.1433,0.32,1,low,house,gable,False,28,6,3,4
822,28.25,6.9167,0.479,0.1433,0.1433,0.32,1,low,house,hip,False,28,6,1,5
823,28.4167,6.9167,0.476,0.1433,0.1433,0.96,3,low,house,gable,False,28,6,2,5
824,29.0833,6.0833,0.475,0.1433,0.1433,0.32,1,low,house,gable,False,29,6,0,0
825,29.4167,6.0833,0.47,0.1433,0.1433,0.96,3,low,house,hip,False,29,6,2,0
826,29.0833,6.25,0.473,0.1433,0.1433,0.96,3,low,house,gable,False,29,6,0,1
827,29.25,6.25,0.47,0.1433,0.1433,0.64,2,low,house,gable,False,29,6,1,1
828,29.4167,6.25,0.467,0.1433,0.1433,0.96,3,low,house,gable,False,29,6,2,1
829,29.25,6.4167,0.467,0.1433,0.1433,0.32,1,low,house,hip,False,29,6,1,2
830,2.4167,7.0833,0.563,0.1433,0.1433,0.64,2,low,house,hip,False,2,7,2,0
831,2.25,7.25,0.542,0.1433,0.1433,0.64,2,low,house,gable,False,2,7,1,1
832,2.4167,7.25,0.564,0.1433,0.1433,0.64,2,low,house,gable,False,2,7,2,1
833,2.4167,7.4167,0.565,0.1433,0.1433,0.64,2,low,house,hip,False,2,7,2,2
834,2.5833,7.5833,0.588,0.1433,0.1433,0.96,3,low,house,gable,False,2,7,3,3
835,2.4167,7.75,0.566,0.1433,0.1433,0.64,2,low,house,gable,False,2,7,2,4
836,2.5833,7.75,0.589,0.1433,0.1433,0.32,1,low,house,gable,False,2,7,3,4
837,2.4167,7.9167,0.567,0.1433,0.1433,0.32,1,low,house,gable,False,2,7,2,5
838,2.5833,7.9167,0.59,0.1433,0.1433,0.96,3,low,house,hip,False,2,7,3,5
839,3.9167,7.0833,0.756,0.1433,0.1433,0.64,2,low,house,gable,False,3,7,5,0
840,3.75,7.25,0.738,0.1433,0.1433,0.96,3,low,house,gable,False,3,7,4,1
841,3.9167,7.25,0.759,0.1433,0.1433,0.32,1,low,house,gable,False,3,7,5,1
842,3.5833,7.4167,0.719,0.1433,0.1433,0.32,1,low,house,gable,False,3,7,3,2
843,3.75,7.4167,0.74,0.1433,0.1433,0.64,2,low,house,hip,False,3,7,4,2
844,3.9167,7.4167,0.762,0.1433,0.1433,0.32,1,low,house,gable,False,3,7,5,2
845,3.75,7.5833,0.743,0.1433,0.1433,0.32,1,low,house,gable,False,3,7,4,3
846,4.25,7.25,0.8,0.1433,0.1433,0.96,3,low,house,gable,False,4,7,1,1
847,4.0833,7.4167,0.783,0.1433,0.1433,0.96,3,low,house,gable,False,4,7,0,2
848,4.25,7.4167,0.804,0.1433,0.1433,0.32,1,low,house,hip,False,4,7,1,2
849,4.25,7.5833,0.808,0.1433,0.1433,0.64,2,low,house,gable,False,4,7,1,3
850,4.4167,7.5833,0.829,0.1433,0.1433,0.32,1,low,house,gable,False,4,7,2,3
851,4.4167,7.75,0.833,0.1433,0.1433,0.96,3,low,house,gable,False,4,7,2,4
852,4.25,7.9167,0.815,0.1433,0.1433,0.96,3,low,house,gable,False,4,7,1,5
853,4.4167,7.9167,0.837,0.1433,0.1433,0.96,3,low,house,gable,False,4,7,2,5
854,4.5833,7.9167,0.858,0.1433,0.1433,0.32,1,low,house,hip,False,4,7,3,5
855,5.4167,7.0833,0.933,0.1433,0.1433,0.96,3,medium,house,gable,False,5,7,2,0
856,5.5833,7.0833,0.951,0.1433,0.1433,0.96,3,medium,house,hip,False,5,7,3,0
857,5.75,7.0833,0.969,0.1433,0.1433,0.96,3,medium,house,hip,False,5,7,4,0
858,5.9167,7.0833,0.987,0.1433,0.1433,1.28,4,medium,house,hip,False,5,7,5,0
859,5.4167,7.25,0.939,0.1433,0.1433,1.28,4,medium,house,gable,False,5,7,2,1
860,5.5833,7.25,0.957,0.1433,0.1433,1.28,4,medium,house,gable,False,5,7,3,1
861,5.75,7.25,0.976,0.1433,0.1433,0.96,3,medium,house,gable,False,5,7,4,1
862,5.9167,7.25,0.993,0.1433,0.1433,0.96,3,medium,house,gable,False,5,7,5,1
863,5.75,7.4167,0.982,0.1433,0.1433,1.28,4,medium,house,gable,False,5,7,4,2
864,5.4167,7.5833,0.95,0.1433,0.1433,1.28,4,medium,house,gable,False,5,7,2,3
865,5.5833,7.5833,0.97,0.1433,0.1433,0.64,2,medium,house,gable,False,5,7,3,3
866,5.75,7.5833,0.988,0.1433,0.1433,0.96,3,medium,house,gable,False,5,7,4,3
867,5.9167,7.5833,1.007,0.1433,0.1433,0.96,3,medium,house,gable,False,5,7,5,3
868,5.4167,7.75,0.956,0.1433,0.1433,0.96,3,medium,house,gable,False,5,7,2,4
869,5.75,7.75,0.995,0.1433,0.1433,1.28,4,medium,house,gable,False,5,7,4,4
870,5.75,7.9167,1.001,0.1433,0.1433,0.96,3,medium,house,gable,False,5,7,4,5
871,5.9167,7.9167,1.02,0.1433,0.1433,1.28,4,medium,house,gable,False,5,7,5,5
872,6.0833,7.0833,1.004,0.1433,0.1433,1.28,4,medium,house,hip,False,6,7,0,0
873,6.25,7.0833,1.02,0.1433,0.1433,0.96,3,medium,house,gable,False,6,7,1,0
874,6.75,7.0833,1.068,0.1433,0.1433,0.64,2,medium,house,gable,False,6,7,4,0
875,6.9167,7.0833,1.083,0.1433,0.1433,0.64,2,medium,house,gable,False,6,7,5,0
876,6.0833,7.25,1.011,0.1433,0.1433,0.96,3,medium,house,hip,False,6,7,0,1
877,6.4167,7.25,1.044,0.1433,0.1433,0.64,2,medium,house,gable,False,6,7,2,1
878,6.5833,7.25,1.061,0.1433,0.1433,1.28,4,medium,house,gable,False,6,7,3,1
879,6.75,7.25,1.076,0.1433,0.1433,0.64,2,medium,house,hip,False,6,7,4,1
880,6.9167,7.25,1.092,0.1433,0.1433,0.64,2,medium,house,hip,False,6,7,5,1
881,6.25,7.4167,1.035,0.1433,0.1433,0.64,2,medium,house,gable,False,6,7,1,2
882,6.4167,7.4167,1.052,0.1433,0.1433,0.64,2,medium,house,hip,False,6,7,2,2
883,6.75,7.4167,1.085,0.1433,0.1433,1.28,4,medium,house,gable,False,6,7,4,2
884,6.9167,7.4167,1.1,0.1433,0.1433,1.28,4,medium,house,gable,False,6,7,5,2
885,6.0833,7.5833,1.025,0.1433,0.1433,0.64,2,medium,house,gable,False,6,7,0,3
886,6.4167,7.5833,1.06,0.1433,0.1433,0.64,2,medium,house,gable,False,6,7,2,3
887,6.0833,7.75,1.032,0.1433,0.1433,0.64,2,medium,house,gable,False,6,7,0,4
888,6.25,7.75,1.05,0.1433,0.1433,0.96,3,medium,house,gable,False,6,7,1,4
889,6.4167,7.75,1.067,0.1433,0.1433,0.96,3,medium,house,gable,False,6,7,2,4
890,6.25,7.9167,1.057,0.1433,0.1433,0.64,2,medium,house,hip,False,6,7,1,5
891,7.0833,7.0833,1.098,0.1433,0.1433,1.28,4,medium,house,gable,False,7,7,0,0
892,7.25,7.0833,1.112,0.1433,0.1433,0.64,2,medium,house,gable,False,7,7,1,0
893,7.4167,7.0833,1.125,0.1433,0.1433,0.64,2,medium,house,gable,False,7,7,2,0
894,7.0833,7.25,1.106,0.1433,0.1433,0.96,3,medium,house,gable,False,7,7,0,1
895,7.4167,7.25,1.135,0.1433,0.1433,1.28,4,medium,house,gable,False,7,7,2,1
896,7.75,7.25,1.161,0.1433,0.1433,0.96,3,medium,house,gable,False,7,7,4,1
897,7.0833,7.4167,1.115,0.1433,0.1433,0.64,2,medium,house,hip,False,7,7,0,2
898,7.25,7.4167,1.13,0.1433,0.1433,0.64,2,medium,house,hip,False,7,7,1,2
899,7.4167,7.4167,1.144,0.1433,0.1433,0.64,2,medium,house,gable,False,7,7,2,2
900,7.75,7.4167,1.171,0.1433,0.1433,0.96,3,medium,house,gable,False,7,7,4,2
901,7.25,7.5833,1.139,0.1433,0.1433,1.28,4,medium,house,gable,False,7,7,1,3
902,7.5833,7.5833,1.168,0.1433,0.1433,1.28,4,medium,house,gable,False,7,7,3,3
903,7.9167,7.5833,1.194,0.1433,0.1433,0.64,2,medium,house,gable,False,7,7,5,3
904,7.75,7.75,1.191,0.1433,0.1433,1.28,4,medium,house,gable,False,7,7,4,4
905,7.9167,7.75,1.204,0.1433,0.1433,0.64,2,medium,house,gable,False,7,7,5,4
906,7.75,7.9167,1.201,0.1433,0.1433,0.96,3,medium,house,hip,False,7,7,4,5
907,7.9167,7.9167,1.215,0.1433,0.1433,0.96,3,medium,house,gable,False,7,7,5,5
908,8.25,7.0833,1.185,0.1433,0.1433,1.28,4,medium,house,hip,False,8,7,1,0
909,8.4167,7.0833,1.196,0.1433,0.1433,0.64,2,medium,house,gable,False,8,7,2,0
910,8.5833,7.0833,1.205,0.1433,0.1433,0.64,2,medium,house,gable,False,8,7,3,0
911,8.0833,7.25,1.185,0.1433,0.1433,1.28,4,medium,house,gable,False,8,7,0,1
912,8.25,7.25,1.196,0.1433,0.1433,0.64,2,medium,house,gable,False,8,7,1,1
913,8.4167,7.25,1.207,0.1433,0.1433,1.28,4,medium,house,gable,False,8,7,2,1
914,8.5833,7.4167,1.229,0.1433,0.1433,1.28,4,medium,house,hip,False,8,7,3,2
915,8.0833,7.5833,1.206,0.1433,0.1433,0.96,3,medium,house,gable,False,8,7,0,3
916,8.25,7.5833,1.218,0.1433,0.1433,0.64,2,medium,house,gable,False,8,7,1,3
917,8.4167,7.5833,1.23,0.1433,0.1433,1.28,4,medium,house,gable,False,8,7,2,3
918,8.5833,7.5833,1.24,0.1433,0.1433,0.96,3,medium,house,hip,False,8,7,3,3
919,8.0833,7.75,1.217,0.1433,0.1433,0.96,3,medium,house,gable,False,8,7,0,4
920,8.25,7.75,1.229,0.1433,0.1433,1.28,4,medium,house,gable,False,8,7,1,4
921,8.5833,7.75,1.252,0.1433,0.1433,0.64,2,medium,house,gable,False,8,7,3,4
922,8.0833,7.9167,1.228,0.1433,0.1433,0.64,2,medium,house,hip,False,8,7,0,5
923,8.4167,7.9167,1.252,0.1433,0.1433,1.28,4,medium,house,gable,False,8,7,2,5
924,9.0833,7.0833,1.232,0.1433,0.1433,1.28,4,medium,house,gable,False,9,7,0,0
925,9.25,7.0833,1.239,0.1433,0.1433,0.64,2,medium,house,gable,False,9,7,1,0
926,9.0833,7.25,1.244,0.1433,0.1433,0.64,2,medium,house,gable,False,9,7,0,1
927,9.4167,7.25,1.259,0.1433,0.1433,0.96,3,medium,house,gable,False,9,7,2,1
928,9.25,7.4167,1.265,0.1433,0.1433,0.96,3,medium,house,gable,False,9,7,1,2
929,9.4167,7.4167,1.272,0.1433,0.1433,1.28,4,medium,house,hip,False,9,7,2,2
930,9.5833,7.4167,1.279,0.1433,0.1433,0.64,2,medium,house,gable,False,9,7,3,2
931,9.0833,7.5833,1.269,0.1433,0.1433,1.28,4,medium,house,hip,False,9,7,0,3
932,9.25,7.5833,1.277,0.1433,0.1433,0.64,2,medium,house,gable,False,9,7,1,3
933,9.5833,7.5833,1.292,0.1433,0.1433,1.28,4,medium,house,gable,False,9,7,3,3
934,9.0833,7.75,1.281,0.1433,0.1433,1.28,4,medium,house,hip,False,9,7,0,4
935,9.4167,7.75,1.298,0.1433,0.1433,0.64,2,medium,house,gable,False,9,7,2,4
936,9.0833,7.9167,1.294,0.1433,0.1433,0.64,2,medium,house,gable,False,9,7,0,5
937,9.25,7.9167,1.303,0.1433,0.1433,0.64,2,medium,house,gable,False,9,7,1,5
938,9.4167,7.9167,1.311,0.1433,0.1433,1.28,4,medium,house,gable,False,9,7,2,5
939,9.5833,7.9167,1.319,0.1433,0.1433,0.96,3,medium,house,gable,False,9,7,3,5
940,10.75,7.75,1.341,0.1433,0.1433,0.64,2,low,house,gable,False,10,7,4,4
941,10.9167,7.75,1.343,0.1433,0.1433,0.32,1,low,house,gable,False,10,7,5,4
942,10.75,7.9167,1.355,0.1433,0.1433,0.32,1,low,house,gable,False,10,7,4,5
943,10.9167,7.9167,1.358,0.1433,0.1433,0.64,2,low,house,gable,False,10,7,5,5
944,11.5833,7.4167,1.316,0.1433,0.1433,0.96,3,low,house,hip,False,11,7,3,2
945,11.75,7.4167,1.315,0.1433,0.1433,0.96,3,low,house,hip,False,11,7,4,2
946,11.5833,7.5833,1.332,0.1433,0.1433,0.64,2,low,house,gable,False,11,7,3,3
947,12.5833,7.9167,1.352,0.1433,0.1433,0.32,1,low,house,gable,False,12,7,3,5
948,13.4167,7.0833,1.242,0.1433,0.1433,1.28,4,medium,house,gable,False,13,7,2,0
949,13.0833,7.4167,1.288,0.1433,0.1433,1.28,4,medium,house,gable,False,13,7,0,2
950,13.25,7.4167,1.283,0.1433,0.1433,1.28,4,medium,house,gable,False,13,7,1,2
951,13.0833,7.5833,1.306,0.1433,0.1433,1.28,4,medium,house,gable,False,13,7,0,3
952,13.5833,7.5833,1.287,0.1433,0.1433,0.96,3,medium,house,hip,False,13,7,3,3
953,13.0833,7.75,1.323,0.1433,0.1433,0.96,3,medium,house,hip,False,13,7,0,4
954,13.25,7.75,1.317,0.1433,0.1433,0.96,3,medium,house,gable,False,13,7,1,4
955,13.4167,7.75,1.311,0.1433,0.1433,0.64,2,medium,house,hip,False,13,7,2,4
956,13.5833,7.75,1.304,0.1433,0.1433,1.28,4,medium,house,gable,False,13,7,3,4
957,13.75,7.75,1.297,0.1433,0.1433,1.28,4,medium,house,gable,False,13,7,4,4
958,13.0833,7.9167,1.339,0.1433,0.1433,0.96,3,medium,house,hip,False,13,7,0,5
959,13.25,7.9167,1.334,0.1433,0.1433,0.64,2,medium,house,gable,False,13,7,1,5
960,13.4167,7.9167,1.328,0.1433,0.1433,0.96,3,medium,house,hip,False,13,7,2,5
961,14.0833,7.25,1.23,0.1433,0.1433,0.96,3,medium,house,hip,False,14,7,0,1
962,14.0833,7.4167,1.247,0.1433,0.1433,0.96,3,medium,house,gable,False,14,7,0,2
963,14.25,7.4167,1.239,0.1433,0.1433,1.28,4,medium,house,gable,False,14,7,1,2
964,14.4167,7.4167,1.23,0.1433,0.1433,0.96,3,medium,house,gable,False,14,7,2,2
965,14.5833,7.4167,1.221,0.1433,0.1433,0.64,2,medium,house,gable,False,14,7,3,2
966,14.0833,7.5833,1.265,0.1433,0.1433,1.28,4,medium,house,hip,False,14,7,0,3
967,14.4167,7.5833,1.247,0.1433,0.1433,0.64,2,medium,house,hip,False,14,7,2,3
968,14.5833,7.5833,1.238,0.1433,0.1433,1.28,4,medium,house,gable,False,14,7,3,3
969,14.9167,7.5833,1.219,0.1433,0.1433,1.28,4,medium,house,gable,False,14,7,5,3
970,14.0833,7.75,1.282,0.1433,0.1433,0.64,2,medium,house,hip,False,14,7,0,4
971,14.4167,7.75,1.265,0.1433,0.1433,0.64,2,medium,house,gable,False,14,7,2,4
972,14.75,7.75,1.246,0.1433,0.1433,1.28,4,medium,house,gable,False,14,7,4,4
973,14.9167,7.75,1.236,0.1433,0.1433,1.28,4,medium,house,gable,False,14,7,5,4
974,14.0833,7.9167,1.299,0.1433,0.1433,0.64,2,medium,house,gable,False,14,7,0,5
975,14.25,7.9167,1.291,0.1433,0.1433,0.96,3,medium,house,gable,False,14,7,1,5
976,14.4167,7.9167,1.282,0.1433,0.1433,0.64,2,medium,house,hip,False,14,7,2,5
977,14.75,7.9167,1.263,0.1433,0.1433,1.28,4,medium,house,gable,False,14,7,4,5
978,14.9167,7.9167,1.253,0.1433,0.1433,1.28,4,medium,house,hip,False,14,7,5,5
979,15.25,7.4167,1.18,0.1433,0.1433,0.96,3,low,house,gable,False,15,7,1,2
980,15.0833,7.5833,1.208,0.1433,0.1433,0.32,1,low,house,hip,False,15,7,0,3
981,15.25,7.5833,1.198,0.1433,0.1433,0.64,2,low,house,gable,False,15,7,1,3
982,15.4167,7.5833,1.187,0.1433,0.1433,0.32,1,low,house,gable,False,15,7,2,3
983,16.0833,7.0833,1.089,0.1433,0.1433,0.96,3,medium,house,gable,False,16,7,0,0
984,16.25,7.0833,1.077,0.1433,0.1433,0.96,3,medium,house,gable,False,16,7,1,0
985,16.4167,7.0833,1.064,0.1433,0.1433,0.64,2,medium,house,gable,False,16,7,2,0
986,16.5833,7.0833,1.052,0.1433,0.1433,0.96,3,medium,house,hip,False,16,7,3,0
987,16.75,7.0833,1.04,0.1433,0.1433,1.28,4,medium,house,gable,False,16,7,4,0
988,16.9167,7.0833,1.027,0.1433,0.1433,0.64,2,medium,house,gable,False,16,7,5,0
989,16.0833,7.25,1.106,0.1433,0.1433,0.64,2,medium,house,gable,False,16,7,0,1
990,16.4167,7.25,1.081,0.1433,0.1433,0.64,2,medium,house,gable,False,16,7,2,1
991,16.5833,7.25,1.069,0.1433,0.1433,0.64,2,medium,house,gable,False,16,7,3,1
992,16.75,7.25,1.056,0.1433,0.1433,0.96,3,medium,house,hip,False,16,7,4,1
993,16.9167,7.25,1.044,0.1433,0.1433,1.28,4,medium,house,gable,False,16,7,5,1
994,16.0833,7.4167,1.123,0.1433,0.1433,0.96,3,medium,house,hip,False,16,7,0,2
995,16.25,7.4167,1.111,0.1433,0.1433,0.96,3,medium,house,hip,False,16,7,1,2
996,16.9167,7.4167,1.06,0.1433,0.1433,0.96,3,medium,house,gable,False,16,7,5,2
997,16.75,7.5833,1.09,0.1433,0.1433,0.64,2,medium,house,gable,False,16,7,4,3
998,16.0833,7.75,1.157,0.1433,0.1433,0.96,3,medium,house,gable,False,16,7,0,4
999,16.5833,7.75,1.119,0.1433,0.1433,0.96,3,medium,house,gable,False,16,7,3,4
1000,16.9167,7.75,1.093,0.1433,0.1433,1.28,4,medium,house,gable,False,16,7,5,4
1001,17.0833,7.0833,1.014,0.1433,0.1433,0.96,3,medium,house,hip,False,17,7,0,0
1002,17.25,7.0833,1.002,0.1433,0.1433,1.28,4,medium,house,gable,False,17,7,1,0
1003,17.4167,7.0833,0.989,0.1433,0.1433,0.96,3,medium,house,gable,False,17,7,2,0
1004,17.5833,7.0833,0.976,0.1433,0.1433,0.96,3,medium,house,gable,False,17,7,3,0
1005,17.75,7.0833,0.963,0.1433,0.1433,1.28,4,medium,house,hip,False,17,7,4,0
1006,17.0833,7.25,1.031,0.1433,0.1433,1.28,4,medium,house,gable,False,17,7,0,1
1007,17.4167,7.25,1.005,0.1433,0.1433,0.96,3,medium,house,gable,False,17,7,2,1
1008,17.5833,7.25,0.992,0.1433,0.1433,0.96,3,medium,house,gable,False,17,7,3,1
1009,17.9167,7.25,0.965,0.1433,0.1433,0.96,3,medium,house,gable,False,17,7,5,1
1010,17.0833,7.4167,1.047,0.1433,0.1433,1.28,4,medium,house,gable,False,17,7,0,2
1011,17.25,7.4167,1.034,0.1433,0.1433,0.96,3,medium,house,gable,False,17,7,1,2
1012,17.5833,7.4167,1.008,0.1433,0.1433,1.28,4,medium,house,hip,False,17,7,3,2
1013,17.75,7.4167,0.994,0.1433,0.1433,0.96,3,medium,house,hip,False,17,7,4,2
1014,18.4167,7.0833,0.911,0.1433,0.1433,1.6,5,high,house,gable,False,18,7,2,0
1015,18.5833,7.0833,0.898,0.1433,0.1433,0.96,3,high,house,gable,False,18,7,3,0
1016,18.75,7.0833,0.886,0.1433,0.1433,1.28,4,high,house,gable,False,18,7,4,0
1017,18.9167,7.0833,0.873,0.1433,0.1433,0.96,3,high,house,hip,False,18,7,5,0
1018,18.4167,7.25,0.926,0.1433,0.1433,0.96,3,high,house,hip,False,18,7,2,1
1019,18.9167,7.25,0.887,0.1433,0.1433,0.96,3,high,house,hip,False,18,7,5,1
1020,18.75,7.4167,0.914,0.1433,0.1433,0.96,3,high,house,hip,False,18,7,4,2
1021,18.9167,7.4167,0.901,0.1433,0.1433,1.28,4,high,house,gable,False,18,7,5,2
1022,18.4167,7.5833,0.956,0.1433,0.1433,1.92,6,high,house,gable,False,18,7,2,3
1023,18.5833,7.5833,0.942,0.1433,0.1433,2.24,7,high,house,gable,False,18,7,3,3
1024,18.75,7.5833,0.929,0.1433,0.1433,0.96,3,high,house,gable,False,18,7,4,3
1025,18.9167,7.5833,0.915,0.1433,0.1433,1.6,5,high,house,gable,False,18,7,5,3
1026,18.4167,7.75,0.97,0.1433,0.1433,1.6,5,high,house,hip,False,18,7,2,4
1027,18.9167,7.75,0.929,0.1433,0.1433,0.96,3,high,house,gable,False,18,7,5,4
1028,18.4167,7.9167,0.985,0.1433,0.1433,1.28,4,high,house,gable,False,18,7,2,5
1029,18.5833,7.9167,0.971,0.1433,0.1433,1.92,6,high,house,gable,False,18,7,3,5
1030,18.75,7.9167,0.957,0.1433,0.1433,1.92,6,high,house,gable,False,18,7,4,5
1031,19.0833,7.0833,0.86,0.1433,0.1433,1.6,5,high,house,gable,False,19,7,0,0
1032,19.25,7.0833,0.848,0.1433,0.1433,0.96,3,high,house,gable,False,19,7,1,0
1033,19.5833,7.0833,0.823,0.1433,0.1433,1.28,4,high,house,gable,False,19,7,3,0
1034,19.75,7.0833,0.811,0.1433,0.1433,1.28,4,high,house,hip,False,19,7,4,0
1035,19.9167,7.0833,0.799,0.1433,0.1433,1.92,6,high,house,gable,False,19,7,5,0
1036,19.25,7.25,0.861,0.1433,0.1433,1.6,5,high,house,gable,False,19,7,1,1
1037,19.4167,7.25,0.849,0.1433,0.1433,1.6,5,high,house,gable,False,19,7,2,1
1038,19.5833,7.25,0.836,0.1433,0.1433,0.96,3,high,house,hip,False,19,7,3,1
1039,19.9167,7.25,0.812,0.1433,0.1433,0.96,3,high,house,gable,False,19,7,5,1
1040,19.0833,7.4167,0.888,0.1433,0.1433,1.92,6,high,house,hip,False,19,7,0,2
1041,19.25,7.4167,0.875,0.1433,0.1433,0.96,3,high,house,hip,False,19,7,1,2
1042,19.4167,7.4167,0.862,0.1433,0.1433,1.6,5,high,house,gable,False,19,7,2,2
1043,19.75,7.4167,0.837,0.1433,0.1433,1.6,5,high,house,hip,False,19,7,4,2
1044,19.9167,7.4167,0.824,0.1433,0.1433,1.92,6,high,house,gable,False,19,7,5,2
1045,19.0833,7.5833,0.902,0.1433,0.1433,1.6,5,high,house,hip,False,19,7,0,3
1046,19.25,7.5833,0.888,0.1433,0.1433,1.28,4,high,house,gable,False,19,7,1,3
1047,19.4167,7.5833,0.875,0.1433,0.1433,1.28,4,high,house,gable,False,19,7,2,3
1048,19.9167,7.5833,0.837,0.1433,0.1433,0.96,3,high,house,gable,False,19,7,5,3
1049,19.0833,7.75,0.915,0.1433,0.1433,0.96,3,high,house,gable,False,19,7,0,4
1050,19.4167,7.75,0.888,0.1433,0.1433,1.92,6,high,house,hip,False,19,7,2,4
1051,19.75,7.75,0.862,0.1433,0.1433,1.28,4,high,house,hip,False,19,7,4,4
1052,19.9167,7.75,0.849,0.1433,0.1433,1.92,6,high,house,gable,False,19,7,5,4
1053,19.75,7.9167,0.875,0.1433,0.1433,1.6,5,high,house,hip,False,19,7,4,5
1054,19.9167,7.9167,0.861,0.1433,0.1433,0.96,3,high,house,gable,False,19,7,5,5
1055,20.0833,7.0833,0.787,0.1433,0.1433,1.92,6,high,house,gable,False,20,7,0,0
1056,20.25,7.0833,0.776,0.1433,0.1433,1.28,4,high,house,hip,False,20,7,1,0
1057,20.4167,7.0833,0.764,0.1433,0.1433,1.6,5,high,house,gable,False,20,7,2,0
1058,20.5833,7.0833,0.753,0.1433,0.1433,1.6,5,high,house,gable,False,20,7,3,0
1059,20.0833,7.25,0.8,0.1433,0.1433,1.28,4,high,house,gable,False,20,7,0,1
1060,20.4167,7.25,0.776,0.1433,0.1433,1.6,5,high,house,gable,False,20,7,2,1
1061,20.5833,7.25,0.765,0.1433,0.1433,1.92,6,high,house,gable,False,20,7,3,1
1062,20.0833,7.4167,0.812,0.1433,0.1433,1.92,6,high,house,gable,False,20,7,0,2
1063,20.4167,7.4167,0.788,0.1433,0.1433,2.24,7,high,house,gable,False,20,7,2,2
1064,20.0833,7.5833,0.824,0.1433,0.1433,1.28,4,high,house,gable,False,20,7,0,3
1065,20.4167,7.5833,0.799,0.1433,0.1433,2.24,7,high,house,gable,False,20,7,2,3
1066,20.5833,7.5833,0.787,0.1433,0.1433,1.6,5,high,house,gable,False,20,7,3,3
1067,20.0833,7.75,0.836,0.1433,0.1433,0.96,3,high,house,gable,False,20,7,0,4
1068,20.25,7.75,0.823,0.1433,0.1433,0.96,3,high,house,gable,False,20,7,1,4
1069,20.5833,7.75,0.799,0.1433,0.1433,0.96,3,high,house,gable,False,20,7,3,4
1070,20.25,7.9167,0.835,0.1433,0.1433,1.92,6,high,house,gable,False,20,7,1,5
1071,20.4167,7.9167,0.822,0.1433,0.1433,1.92,6,high,house,gable,False,20,7,2,5
1072,20.5833,7.9167,0.81,0.1433,0.1433,1.6,5,high,house,gable,False,20,7,3,5
1073,21.0833,7.0833,0.721,0.1433,0.1433,0.96,3,high,house,gable,False,21,7,0,0
1074,21.25,7.0833,0.711,0.1433,0.1433,1.28,4,high,house,gable,False,21,7,1,0
1075,21.4167,7.0833,0.701,0.1433,0.1433,0.96,3,high,house,hip,False,21,7,2,0
1076,21.25,7.25,0.721,0.1433,0.1433,1.6,5,high,house,gable,False,21,7,1,1
1077,21.4167,7.25,0.711,0.1433,0.1433,1.6,5,high,house,gable,False,21,7,2,1
1078,21.5833,7.25,0.701,0.1433,0.1433,1.92,6,high,house,gable,False,21,7,3,1
1079,21.75,7.4167,0.7,0.1433,0.1433,1.92,6,high,house,hip,False,21,7,4,2
1080,21.0833,7.5833,0.753,0.1433,0.1433,1.6,5,high,house,gable,False,21,7,0,3
1081,21.25,7.5833,0.741,0.1433,0.1433,1.92,6,high,house,gable,False,21,7,1,3
1082,21.4167,7.5833,0.731,0.1433,0.1433,2.24,7,high,house,hip,False,21,7,2,3
1083,21.5833,7.5833,0.72,0.1433,0.1433,1.6,5,high,house,gable,False,21,7,3,3
1084,21.75,7.5833,0.709,0.1433,0.1433,1.92,6,high,house,hip,False,21,7,4,3
1085,21.9167,7.5833,0.699,0.1433,0.1433,1.6,5,high,house,hip,False,21,7,5,3
1086,21.0833,7.75,0.763,0.1433,0.1433,1.92,6,high,house,gable,False,21,7,0,4
1087,21.9167,7.75,0.708,0.1433,0.1433,1.6,5,high,house,gable,False,21,7,5,4
1088,21.0833,7.9167,0.773,0.1433,0.1433,0.96,3,high,house,gable,False,21,7,0,5
1089,21.25,7.9167,0.761,0.1433,0.1433,1.6,5,high,house,gable,False,21,7,1,5
1090,21.4167,7.9167,0.75,0.1433,0.1433,1.92,6,high,house,gable,False,21,7,2,5
1091,21.5833,7.9167,0.739,0.1433,0.1433,1.6,5,high,house,gable,False,21,7,3,5
1092,21.75,7.9167,0.727,0.1433,0.1433,1.92,6,high,house,hip,False,21,7,4,5
1093,21.9167,7.9167,0.717,0.1433,0.1433,0.96,3,high,house,gable,False,21,7,5,5
1094,22.0833,7.0833,0.663,0.1433,0.1433,1.28,4,medium,house,hip,False,22,7,0,0
1095,22.25,7.0833,0.655,0.1433,0.1433,0.96,3,medium,house,hip,False,22,7,1,0
1096,22.0833,7.25,0.672,0.1433,0.1433,0.96,3,medium,house,hip,False,22,7,0,1
1097,22.25,7.25,0.663,0.1433,0.1433,1.28,4,medium,house,gable,False,22,7,1,1
1098,22.4167,7.25,0.654,0.1433,0.1433,0.64,2,medium,house,gable,False,22,7,2,1
1099,22.0833,7.4167,0.681,0.1433,0.1433,0.96,3,medium,house,gable,False,22,7,0,2
1100,22.4167,7.4167,0.662,0.1433,0.1433,1.28,4,medium,house,gable,False,22,7,2,2
1101,22.0833,7.5833,0.689,0.1433,0.1433,0.96,3,medium,house,gable,False,22,7,0,3
1102,22.25,7.5833,0.68,0.1433,0.1433,0.96,3,medium,house,gable,False,22,7,1,3
1103,22.4167,7.5833,0.67,0.1433,0.1433,1.28,4,medium,house,gable,False,22,7,2,3
1104,22.0833,7.75,0.698,0.1433,0.1433,1.28,4,medium,house,hip,False,22,7,0,4
1105,22.4167,7.75,0.678,0.1433,0.1433,1.28,4,medium,house,hip,False,22,7,2,4
1106,22.0833,7.9167,0.706,0.1433,0.1433,0.64,2,medium,house,gable,False,22,7,0,5
1107,22.25,7.9167,0.696,0.1433,0.1433,0.96,3,medium,house,gable,False,22,7,1,5
1108,24.25,7.0833,0.57,0.1433,0.1433,0.64,2,low,house,hip,False,24,7,1,0
1109,24.25,7.25,0.575,0.1433,0.1433,0.96,3,low,house,hip,False,24,7,1,1
1110,24.4167,7.25,0.569,0.1433,0.1433,0.96,3,low,house,gable,False,24,7,2,1
1111,24.0833,7.4167,0.586,0.1433,0.1433,0.32,1,low,house,gable,False,24,7,0,2
1112,24.25,7.4167,0.579,0.1433,0.1433,0.64,2,low,house,gable,False,24,7,1,2
1113,24.4167,7.4167,0.573,0.1433,0.1433,0.64,2,low,house,gable,False,24,7,2,2
1114,24.5833,7.4167,0.568,0.1433,0.1433,0.32,1,low,house,gable,False,24,7,3,2
1115,24.4167,7.5833,0.578,0.1433,0.1433,0.64,2,low,house,hip,False,24,7,2,3
1116,24.5833,7.5833,0.571,0.1433,0.1433,0.64,2,low,house,gable,False,24,7,3,3
1117,25.4167,7.0833,0.536,0.1433,0.1433,0.96,3,low,house,gable,False,25,7,2,0
1118,25.5833,7.0833,0.532,0.1433,0.1433,0.32,1,low,house,gable,False,25,7,3,0
1119,25.4167,7.25,0.539,0.1433,0.1433,0.64,2,low,house,hip,False,25,7,2,1
1120,26.5833,7.4167,0.511,0.1433,0.1433,0.64,2,low,house,gable,False,26,7,3,2
1121,26.0833,7.5833,0.525,0.1433,0.1433,0.32,1,low,house,hip,False,26,7,0,3
1122,26.4167,7.5833,0.516,0.1433,0.1433,0.96,3,low,house,gable,False,26,7,2,3
1123,26.5833,7.5833,0.512,0.1433,0.1433,0.64,2,low,house,gable,False,26,7,3,3
1124,26.75,7.5833,0.508,0.1433,0.1433,0.64,2,low,house,gable,False,26,7,4,3
1125,26.0833,7.75,0.526,0.1433,0.1433,0.64,2,low,house,hip,False,26,7,0,4
1126,26.25,7.75,0.522,0.1433,0.1433,0.64,2,low,house,hip,False,26,7,1,4
1127,26.4167,7.75,0.517,0.1433,0.1433,0.96,3,low,house,gable,False,26,7,2,4
1128,26.75,7.75,0.508,0.1433,0.1433,0.32,1,low,house,gable,False,26,7,4,4
1129,26.4167,7.9167,0.518,0.1433,0.1433,0.64,2,low,house,gable,False,26,7,2,5
1130,27.25,7.75,0.496,0.1433,0.1433,0.64,2,low,house,hip,False,27,7,1,4
1131,27.75,7.75,0.484,0.1433,0.1433,0.64,2,low,house,gable,False,27,7,4,4
1132,27.0833,7.9167,0.5,0.1433,0.1433,0.32,1,low,house,hip,False,27,7,0,5
1133,27.25,7.9167,0.495,0.1433,0.1433,0.96,3,low,house,gable,False,27,7,1,5
1134,27.5833,7.9167,0.487,0.1433,0.1433,0.96,3,low,house,gable,False,27,7,3,5
1135,27.75,7.9167,0.483,0.1433,0.1433,0.64,2,low,house,gable,False,27,7,4,5
1136,2.0833,8.4167,0.521,0.1433,0.1433,0.32,1,low,house,gable,False,2,8,0,2
1137,2.0833,8.5833,0.521,0.1433,0.1433,0.32,1,low,house,gable,False,2,8,0,3
1138,2.25,8.5833,0.545,0.1433,0.1433,0.64,2,low,house,hip,False,2,8,1,3
1139,2.0833,8.75,0.521,0.1433,0.1433,0.96,3,low,house,hip,False,2,8,0,4
1140,4.0833,8.0833,0.796,0.1433,0.1433,0.96,3,medium,house,gable,False,4,8,0,0
1141,4.25,8.0833,0.818,0.1433,0.1433,0.96,3,medium,house,gable,False,4,8,1,0
1142,4.4167,8.0833,0.84,0.1433,0.1433,1.28,4,medium,house,gable,False,4,8,2,0
1143,4.0833,8.25,0.799,0.1433,0.1433,1.28,4,medium,house,hip,False,4,8,0,1
1144,4.4167,8.25,0.844,0.1433,0.1433,0.64,2,medium,house,gable,False,4,8,2,1
1145,4.0833,8.4167,0.803,0.1433,0.1433,1.28,4,medium,house,hip,False,4,8,0,2
1146,4.25,8.4167,0.825,0.1433,0.1433,0.96,3,medium,house,gable,False,4,8,1,2
1147,4.4167,8.4167,0.848,0.1433,0.1433,0.64,2,medium,house,gable,False,4,8,2,2
1148,4.75,8.4167,0.892,0.1433,0.1433,1.28,4,medium,house,gable,False,4,8,4,2
1149,4.9167,8.4167,0.914,0.1433,0.1433,1.28,4,medium,house,gable,False,4,8,5,2
1150,4.0833,8.5833,0.806,0.1433,0.1433,0.96,3,medium,house,gable,False,4,8,0,3
1151,4.75,8.5833,0.897,0.1433,0.1433,0.96,3,medium,house,gable,False,4,8,4,3
1152,4.0833,8.75,0.809,0.1433,0.1433,0.64,2,medium,house,gable,False,4,8,0,4
1153,4.25,8.75,0.832,0.1433,0.1433,1.28,4,medium,house,gable,False,4,8,1,4
1154,4.0833,8.9167,0.812,0.1433,0.1433,0.96,3,medium,house,gable,False,4,8,0,5
1155,5.5833,8.0833,0.987,0.1433,0.1433,0.64,2,medium,house,hip,False,5,8,3,0
1156,5.4167,8.4167,0.978,0.1433,0.1433,0.64,2,medium,house,gable,False,5,8,2,2
1157,5.5833,8.4167,0.999,0.1433,0.1433,1.28,4,medium,house,gable,False,5,8,3,2
1158,5.75,8.4167,1.019,0.1433,0.1433,0.64,2,medium,house,gable,False,5,8,4,2
1159,5.0833,8.5833,0.941,0.1433,0.1433,1.28,4,medium,house,gable,False,5,8,0,3
1160,5.25,8.5833,0.962,0.1433,0.1433,0.96,3,medium,house,gable,False,5,8,1,3
1161,5.5833,8.5833,1.005,0.1433,0.1433,0.64,2,medium,house,gable,False,5,8,3,3
1162,5.75,8.5833,1.025,0.1433,0.1433,0.96,3,medium,house,gable,False,5,8,4,3
1163,5.0833,8.75,0.945,0.1433,0.1433,1.28,4,medium,house,gable,False,5,8,0,4
1164,5.4167,8.75,0.989,0.1433,0.1433,0.96,3,medium,house,gable,False,5,8,2,4
1165,5.5833,8.75,1.01,0.1433,0.1433,0.96,3,medium,house,gable,False,5,8,3,4
1166,5.0833,8.9167,0.95,0.1433,0.1433,0.64,2,medium,house,gable,False,5,8,0,5
1167,5.25,8.9167,0.972,0.1433,0.1433,0.96,3,medium,house,hip,False,5,8,1,5
1168,5.5833,8.9167,1.016,0.1433,0.1433,1.28,4,medium,house,hip,False,5,8,3,5
1169,5.75,8.9167,1.037,0.1433,0.1433,0.64,2,medium,house,hip,False,5,8,4,5
1170,6.0833,8.0833,1.045,0.1433,0.1433,1.6,5,high,house,gable,False,6,8,0,0
1171,6.25,8.0833,1.064,0.1433,0.1433,1.6,5,high,house,gable,False,6,8,1,0
1172,6.4167,8.0833,1.082,0.1433,0.1433,0.96,3,high,house,gable,False,6,8,2,0
1173,6.5833,8.0833,1.1,0.1433,0.1433,1.92,6,high,house,gable,False,6,8,3,0
1174,6.75,8.0833,1.117,0.1433,0.1433,1.28,4,high,house,gable,False,6,8,4,0
1175,6.9167,8.0833,1.134,0.1433,0.1433,1.28,4,high,house,gable,False,6,8,5,0
1176,6.0833,8.25,1.052,0.1433,0.1433,1.92,6,high,house,hip,False,6,8,0,1
1177,6.25,8.25,1.071,0.1433,0.1433,0.96,3,high,house,hip,False,6,8,1,1
1178,6.4167,8.25,1.089,0.1433,0.1433,1.28,4,high,house,gable,False,6,8,2,1
1179,6.75,8.25,1.125,0.1433,0.1433,1.92,6,high,house,hip,False,6,8,4,1
1180,6.9167,8.25,1.142,0.1433,0.1433,1.92,6,high,house,gable,False,6,8,5,1
1181,6.5833,8.4167,1.115,0.1433,0.1433,1.28,4,high,house,hip,False,6,8,3,2
1182,6.25,8.5833,1.085,0.1433,0.1433,1.6,5,high,house,gable,False,6,8,1,3
1183,6.4167,8.5833,1.104,0.1433,0.1433,1.6,5,high,house,gable,False,6,8,2,3
1184,6.5833,8.5833,1.122,0.1433,0.1433,1.92,6,high,house,gable,False,6,8,3,3
1185,6.75,8.5833,1.141,0.1433,0.1433,1.6,5,high,house,hip,False,6,8,4,3
1186,6.25,8.75,1.091,0.1433,0.1433,1.28,4,high,house,gable,False,6,8,1,4
1187,6.75,8.75,1.148,0.1433,0.1433,0.96,3,high,house,gable,False,6,8,4,4
1188,6.5833,8.9167,1.137,0.1433,0.1433,1.28,4,high,house,hip,False,6,8,3,5
1189,6.75,8.9167,1.156,0.1433,0.1433,1.92,6,high,house,gable,False,6,8,4,5
1190,6.9167,8.9167,1.174,0.1433,0.1433,0.96,3,high,house,hip,False,6,8,5,5
1191,7.0833,8.0833,1.15,0.1433,0.1433,0.96,3,high,house,gable,False,7,8,0,0
1192,7.25,8.0833,1.166,0.1433,0.1433,0.96,3,high,house,hip,False,7,8,1,0
1193,7.4167,8.0833,1.182,0.1433,0.1433,1.6,5,high,house,gable,False,7,8,2,0
1194,7.5833,8.0833,1.197,0.1433,0.1433,1.28,4,high,house,gable,False,7,8,3,0
1195,7.75,8.0833,1.211,0.1433,0.1433,1.6,5,high,house,hip,False,7,8,4,0
1196,7.9167,8.0833,1.225,0.1433,0.1433,0.96,3,high,house,gable,False,7,8,5,0
1197,7.0833,8.25,1.159,0.1433,0.1433,1.28,4,high,house,gable,False,7,8,0,1
1198,7.25,8.25,1.175,0.1433,0.1433,0.96,3,high,house,gable,False,7,8,1,1
1199,7.4167,8.25,1.191,0.1433,0.1433,1.28,4,high,house,gable,False,7,8,2,1
1200,7.5833,8.25,1.206,0.1433,0.1433,1.92,6,high,house,gable,False,7,8,3,1
1201,7.75,8.25,1.221,0.1433,0.1433,1.28,4,high,house,hip,False,7,8,4,1
1202,7.9167,8.25,1.235,0.1433,0.1433,1.92,6,high,house,gable,False,7,8,5,1
1203,7.0833,8.5833,1.176,0.1433,0.1433,1.6,5,high,house,gable,False,7,8,0,3
1204,7.25,8.5833,1.192,0.1433,0.1433,0.96,3,high,house,gable,False,7,8,1,3
1205,7.4167,8.5833,1.209,0.1433,0.1433,1.28,4,high,house,gable,False,7,8,2,3
1206,7.5833,8.5833,1.224,0.1433,0.1433,2.24,7,high,house,gable,False,7,8,3,3
1207,7.75,8.5833,1.24,0.1433,0.1433,0.96,3,high,house,hip,False,7,8,4,3
1208,7.9167,8.5833,1.254,0.1433,0.1433,1.28,4,high,house,gable,False,7,8,5,3
1209,7.0833,8.75,1.184,0.1433,0.1433,0.96,3,high,house,gable,False,7,8,0,4
1210,7.5833,8.75,1.234,0.1433,0.1433,1.92,6,high,house,hip,False,7,8,3,4
1211,7.9167,8.75,1.264,0.1433,0.1433,0.96,3,high,house,gable,False,7,8,5,4
1212,7.0833,8.9167,1.192,0.1433,0.1433,1.28,4,high,house,gable,False,7,8,0,5
1213,7.25,8.9167,1.209,0.1433,0.1433,1.6,5,high,house,gable,False,7,8,1,5
1214,7.4167,8.9167,1.226,0.1433,0.1433,1.92,6,high,house,hip,False,7,8,2,5
1215,7.5833,8.9167,1.242,0.1433,0.1433,1.6,5,high,house,gable,False,7,8,3,5
1216,7.75,8.9167,1.258,0.1433,0.1433,1.6,5,high,house,gable,False,7,8,4,5
1217,7.9167,8.9167,1.274,0.1433,0.1433,1.92,6,high,house,hip,False,7,8,5,5
1218,8.0833,8.0833,1.238,0.1433,0.1433,0.96,3,high,house,hip,False,8,8,0,0
1219,8.25,8.0833,1.251,0.1433,0.1433,1.28,4,high,house,gable,False,8,8,1,0
1220,8.4167,8.0833,1.263,0.1433,0.1433,1.92,6,high,house,gable,False,8,8,2,0
1221,8.75,8.0833,1.285,0.1433,0.1433,1.92,6,high,house,gable,False,8,8,4,0
1222,8.25,8.25,1.261,0.1433,0.1433,0.96,3,high,house,gable,False,8,8,1,1
1223,8.5833,8.25,1.286,0.1433,0.1433,1.28,4,high,house,gable,False,8,8,3,1
1224,8.75,8.25,1.297,0.1433,0.1433,1.6,5,high,house,gable,False,8,8,4,1
1225,8.9167,8.25,1.308,0.1433,0.1433,1.28,4,high,house,gable,False,8,8,5,1
1226,8.0833,8.4167,1.258,0.1433,0.1433,0.96,3,high,house,gable,False,8,8,0,2
1227,8.25,8.4167,1.272,0.1433,0.1433,1.92,6,high,house,gable,False,8,8,1,2
1228,8.4167,8.4167,1.284,0.1433,0.1433,1.6,5,high,house,hip,False,8,8,2,2
1229,8.75,8.4167,1.308,0.1433,0.1433,1.28,4,high,house,gable,False,8,8,4,2
1230,8.9167,8.4167,1.319,0.1433,0.1433,1.92,6,high,house,gable,False,8,8,5,2
1231,8.5833,8.5833,1.308,0.1433,0.1433,1.92,6,high,house,gable,False,8,8,3,3
1232,8.75,8.5833,1.319,0.1433,0.1433,0.96,3,high,house,gable,False,8,8,4,3
1233,8.0833,8.75,1.278,0.1433,0.1433,1.28,4,high,house,gable,False,8,8,0,4
1234,8.25,8.75,1.292,0.1433,0.1433,1.6,5,high,house,gable,False,8,8,1,4
1235,8.4167,8.75,1.306,0.1433,0.1433,0.96,3,high,house,hip,False,8,8,2,4
1236,8.5833,8.75,1.318,0.1433,0.1433,0.96,3,high,house,hip,False,8,8,3,4
1237,8.9167,8.75,1.342,0.1433,0.1433,1.28,4,high,house,gable,False,8,8,5,4
1238,8.0833,8.9167,1.288,0.1433,0.1433,1.6,5,high,house,gable,False,8,8,0,5
1239,8.25,8.9167,1.302,0.1433,0.1433,0.96,3,high,house,gable,False,8,8,1,5
1240,8.5833,8.9167,1.329,0.1433,0.1433,1.92,6,high,house,gable,False,8,8,3,5
1241,8.75,8.9167,1.341,0.1433,0.1433,1.28,4,high,house,gable,False,8,8,4,5
1242,8.9167,8.9167,1.353,0.1433,0.1433,0.96,3,high,house,gable,False,8,8,5,5
1243,9.25,8.0833,1.315,0.1433,0.1433,0.64,2,medium,house,gable,False,9,8,1,0
1244,9.4167,8.0833,1.324,0.1433,0.1433,0.64,2,medium,house,gable,False,9,8,2,0
1245,9.75,8.0833,1.339,0.1433,0.1433,1.28,4,medium,house,gable,False,9,8,4,0
1246,9.9167,8.0833,1.346,0.1433,0.1433,0.64,2,medium,house,gable,False,9,8,5,0
1247,9.25,8.25,1.327,0.1433,0.1433,1.28,4,medium,house,hip,False,9,8,1,1
1248,9.4167,8.25,1.336,0.1433,0.1433,0.96,3,medium,house,gable,False,9,8,2,1
1249,9.75,8.25,1.352,0.1433,0.1433,1.28,4,medium,house,gable,False,9,8,4,1
1250,9.9167,8.25,1.359,0.1433,0.1433,0.64,2,medium,house,gable,False,9,8,5,1
1251,9.0833,8.4167,1.33,0.1433,0.1433,1.28,4,medium,house,hip,False,9,8,0,2
1252,9.25,8.4167,1.339,0.1433,0.1433,1.28,4,medium,house,gable,False,9,8,1,2
1253,9.5833,8.4167,1.357,0.1433,0.1433,0.64,2,medium,house,gable,False,9,8,3,2
1254,9.75,8.4167,1.365,0.1433,0.1433,1.28,4,medium,house,gable,False,9,8,4,2
1255,9.9167,8.4167,1.372,0.1433,0.1433,0.64,2,medium,house,gable,False,9,8,5,2
1256,9.4167,8.5833,1.361,0.1433,0.1433,1.28,4,medium,house,gable,False,9,8,2,3
1257,9.75,8.5833,1.378,0.1433,0.1433,0.64,2,medium,house,gable,False,9,8,4,3
1258,9.0833,8.75,1.353,0.1433,0.1433,0.96,3,medium,house,hip,False,9,8,0,4
1259,9.25,8.75,1.363,0.1433,0.1433,0.96,3,medium,house,gable,False,9,8,1,4
1260,9.4167,8.75,1.373,0.1433,0.1433,1.28,4,medium,house,hip,False,9,8,2,4
1261,9.5833,8.75,1.382,0.1433,0.1433,1.28,4,medium,house,gable,False,9,8,3,4
1262,9.25,8.9167,1.375,0.1433,0.1433,0.96,3,medium,house,hip,False,9,8,1,5
1263,9.5833,8.9167,1.394,0.1433,0.1433,0.64,2,medium,house,gable,False,9,8,3,5
1264,10.0833,8.0833,1.352,0.1433,0.1433,0.96,3,high,house,hip,False,10,8,0,0
1265,10.25,8.0833,1.357,0.1433,0.1433,1.92,6,high,house,gable,False,10,8,1,0
1266,10.4167,8.0833,1.362,0.1433,0.1433,1.92,6,high,house,gable,False,10,8,2,0
1267,10.75,8.0833,1.37,0.1433,0.1433,1.6,5,high,house,gable,False,10,8,4,0
1268,10.9167,8.0833,1.373,0.1433,0.1433,1.6,5,high,house,gable,False,10,8,5,0
1269,10.0833,8.25,1.365,0.1433,0.1433,0.96,3,high,house,gable,False,10,8,0,1
1270,10.25,8.25,1.371,0.1433,0.1433,0.96,3,high,house,gable,False,10,8,1,1
1271,10.5833,8.25,1.381,0.1433,0.1433,1.6,5,high,house,gable,False,10,8,3,1
1272,10.9167,8.25,1.388,0.1433,0.1433,1.92,6,high,house,gable,False,10,8,5,1
1273,10.0833,8.4167,1.379,0.1433,0.1433,1.92,6,high,house,gable,False,10,8,0,2
1274,10.25,8.4167,1.385,0.1433,0.1433,1.28,4,high,house,gable,False,10,8,1,2
1275,10.5833,8.4167,1.395,0.1433,0.1433,1.92,6,high,house,gable,False,10,8,3,2
1276,10.75,8.4167,1.399,0.1433,0.1433,1.92,6,high,house,hip,False,10,8,4,2
1277,10.9167,8.4167,1.402,0.1433,0.1433,1.92,6,high,house,gable,False,10,8,5,2
1278,10.0833,8.5833,1.392,0.1433,0.1433,0.96,3,high,house,gable,False,10,8,0,3
1279,10.4167,8.5833,1.404,0.1433,0.1433,1.92,6,high,house,gable,False,10,8,2,3
1280,10.9167,8.5833,1.416,0.1433,0.1433,1.28,4,high,house,hip,False,10,8,5,3
1281,10.0833,8.75,1.405,0.1433,0.1433,1.92,6,high,house,hip,False,10,8,0,4
1282,10.25,8.75,1.411,0.1433,0.1433,1.92,6,high,house,gable,False,10,8,1,4
1283,10.4167,8.75,1.417,0.1433,0.1433,0.96,3,high,house,gable,False,10,8,2,4
1284,10.9167,8.75,1.43,0.1433,0.1433,1.6,5,high,house,gable,False,10,8,5,4
1285,10.0833,8.9167,1.418,0.1433,0.1433,1.28,4,high,house,gable,False,10,8,0,5
1286,10.4167,8.9167,1.43,0.1433,0.1433,1.28,4,high,house,hip,False,10,8,2,5
1287,10.5833,8.9167,1.436,0.1433,0.1433,0.96,3,high,house,gable,False,10,8,3,5
1288,10.75,8.9167,1.44,0.1433,0.1433,0.96,3,high,house,gable,False,10,8,4,5
1289,10.9167,8.9167,1.444,0.1433,0.1433,1.28,4,high,house,gable,False,10,8,5,5
1290,11.0833,8.0833,1.375,0.1433,0.1433,1.28,4,high,house,hip,False,11,8,0,0
1291,11.25,8.0833,1.377,0.1433,0.1433,0.96,3,high,house,gable,False,11,8,1,0
1292,11.5833,8.0833,1.379,0.1433,0.1433,1.92,6,high,house,hip,False,11,8,3,0
1293,11.75,8.0833,1.378,0.1433,0.1433,0.96,3,high,house,gable,False,11,8,4,0
1294,11.9167,8.0833,1.378,0.1433,0.1433,1.92,6,high,house,gable,False,11,8,5,0
1295,11.0833,8.25,1.39,0.1433,0.1433,1.28,4,high,house,hip,False,11,8,0,1
1296,11.4167,8.25,1.393,0.1433,0.1433,0.96,3,high,house,gable,False,11,8,2,1
1297,11.5833,8.25,1.394,0.1433,0.1433,1.6,5,high,house,gable,False,11,8,3,1
1298,11.9167,8.25,1.393,0.1433,0.1433,1.28,4,high,house,gable,False,11,8,5,1
1299,11.5833,8.4167,1.409,0.1433,0.1433,2.24,7,high,house,hip,False,11,8,3,2
1300,11.9167,8.4167,1.409,0.1433,0.1433,1.28,4,high,house,hip,False,11,8,5,2
1301,11.4167,8.5833,1.423,0.1433,0.1433,1.6,5,high,house,gable,False,11,8,2,3
1302,11.5833,8.5833,1.424,0.1433,0.1433,1.6,5,high,house,gable,False,11,8,3,3
1303,11.9167,8.5833,1.424,0.1433,0.1433,0.96,3,high,house,gable,False,11,8,5,3
1304,11.5833,8.75,1.439,0.1433,0.1433,1.28,4,high,house,gable,False,11,8,3,4
1305,11.75,8.75,1.439,0.1433,0.1433,1.92,6,high,house,gable,False,11,8,4,4
1306,11.5833,8.9167,1.454,0.1433,0.1433,1.92,6,high,house,hip,False,11,8,3,5
1307,11.75,8.9167,1.454,0.1433,0.1433,1.92,6,high,house,gable,False,11,8,4,5
1308,11.9167,8.9167,1.454,0.1433,0.1433,0.96,3,high,house,gable,False,11,8,5,5
1309,12.0833,8.0833,1.376,0.1433,0.1433,0.96,3,medium,house,gable,False,12,8,0,0
1310,12.25,8.0833,1.374,0.1433,0.1433,0.64,2,medium,house,gable,False,12,8,1,0
1311,12.5833,8.0833,1.369,0.1433,0.1433,1.28,4,medium,house,gable,False,12,8,3,0
1312,12.75,8.0833,1.365,0.1433,0.1433,0.64,2,medium,house,gable,False,12,8,4,0
1313,12.9167,8.0833,1.361,0.1433,0.1433,1.28,4,medium,house,gable,False,12,8,5,0
1314,12.0833,8.25,1.392,0.1433,0.1433,0.64,2,medium,house,hip,False,12,8,0,1
1315,12.25,8.25,1.39,0.1433,0.1433,1.28,4,medium,house,gable,False,12,8,1,1
1316,12.5833,8.25,1.385,0.1433,0.1433,1.28,4,medium,house,gable,False,12,8,3,1
1317,12.9167,8.25,1.377,0.1433,0.1433,1.28,4,medium,house,gable,False,12,8,5,1
1318,12.25,8.4167,1.406,0.1433,0.1433,1.28,4,medium,house,gable,False,12,8,1,2
1319,12.75,8.4167,1.398,0.1433,0.1433,1.28,4,medium,house,gable,False,12,8,4,2
1320,12.9167,8.4167,1.394,0.1433,0.1433,0.96,3,medium,house,gable,False,12,8,5,2
1321,12.9167,8.5833,1.41,0.1433,0.1433,0.64,2,medium,house,gable,False,12,8,5,3
1322,12.25,8.75,1.437,0.1433,0.1433,1.28,4,medium,house,hip,False,12,8,1,4
1323,12.4167,8.75,1.435,0.1433,0.1433,0.96,3,medium,house,gable,False,12,8,2,4
1324,12.5833,8.75,1.433,0.1433,0.1433,0.64,2,medium,house,hip,False,12,8,3,4
1325,12.75,8.75,1.429,0.1433,0.1433,1.28,4,medium,house,gable,False,12,8,4,4
1326,12.0833,8.9167,1.454,0.1433,0.1433,1.28,4,medium,house,gable,False,12,8,0,5
1327,12.25,8.9167,1.452,0.1433,0.1433,0.96,3,medium,house,gable,False,12,8,1,5
1328,12.4167,8.9167,1.45,0.1433,0.1433,0.96,3,medium,house,hip,False,12,8,2,5
1329,12.75,8.9167,1.445,0.1433,0.1433,0.96,3,medium,house,gable,False,12,8,4,5
1330,12.9167,8.9167,1.441,0.1433,0.1433,1.28,4,medium,house,hip,False,12,8,5,5
1331,13.0833,8.0833,1.356,0.1433,0.1433,1.6,5,high,house,gable,False,13,8,0,0
1332,13.25,8.0833,1.351,0.1433,0.1433,1.28,4,high,house,gable,False,13,8,1,0
1333,13.5833,8.0833,1.338,0.1433,0.1433,1.6,5,high,house,gable,False,13,8,3,0
1334,13.75,8.0833,1.332,0.1433,0.1433,0.96,3,high,house,gable,False,13,8,4,0
1335,13.0833,8.25,1.373,0.1433,0.1433,1.28,4,high,house,gable,False,13,8,0,1
1336,13.5833,8.25,1.355,0.1433,0.1433,1.6,5,high,house,gable,False,13,8,3,1
1337,13.9167,8.25,1.341,0.1433,0.1433,1.6,5,high,house,hip,False,13,8,5,1
1338,13.0833,8.4167,1.389,0.1433,0.1433,1.92,6,high,house,gable,False,13,8,0,2
1339,13.75,8.4167,1.365,0.1433,0.1433,1.92,6,high,house,hip,False,13,8,4,2
1340,13.9167,8.4167,1.358,0.1433,0.1433,0.96,3,high,house,hip,False,13,8,5,2
1341,13.0833,8.5833,1.405,0.1433,0.1433,0.96,3,high,house,gable,False,13,8,0,3
1342,13.25,8.5833,1.4,0.1433,0.1433,1.28,4,high,house,gable,False,13,8,1,3
1343,13.4167,8.5833,1.394,0.1433,0.1433,1.28,4,high,house,gable,False,13,8,2,3
1344,13.5833,8.5833,1.388,0.1433,0.1433,1.28,4,high,house,gable,False,13,8,3,3
1345,13.9167,8.5833,1.374,0.1433,0.1433,1.28,4,high,house,gable,False,13,8,5,3
1346,13.0833,8.75,1.421,0.1433,0.1433,0.96,3,high,house,hip,False,13,8,0,4
1347,13.75,8.75,1.397,0.1433,0.1433,1.6,5,high,house,gable,False,13,8,4,4
1348,13.9167,8.75,1.39,0.1433,0.1433,1.92,6,high,house,hip,False,13,8,5,4
1349,13.0833,8.9167,1.437,0.1433,0.1433,1.6,5,high,house,gable,False,13,8,0,5
1350,13.25,8.9167,1.432,0.1433,0.1433,1.28,4,high,house,hip,False,13,8,1,5
1351,13.4167,8.9167,1.426,0.1433,0.1433,1.92,6,high,house,hip,False,13,8,2,5
1352,13.75,8.9167,1.413,0.1433,0.1433,1.28,4,high,house,gable,False,13,8,4,5
1353,13.9167,8.9167,1.406,0.1433,0.1433,1.6,5,high,house,gable,False,13,8,5,5
1354,14.4167,8.0833,1.299,0.1433,0.1433,0.96,3,high,house,hip,False,14,8,2,0
1355,14.5833,8.0833,1.29,0.1433,0.1433,1.28,4,high,house,gable,False,14,8,3,0
1356,14.9167,8.0833,1.27,0.1433,0.1433,0.96,3,high,house,gable,False,14,8,5,0
1357,14.4167,8.25,1.316,0.1433,0.1433,1.28,4,high,house,hip,False,14,8,2,1
1358,14.75,8.25,1.297,0.1433,0.1433,1.92,6,high,house,gable,False,14,8,4,1
1359,14.0833,8.4167,1.35,0.1433,0.1433,1.6,5,high,house,gable,False,14,8,0,2
1360,14.4167,8.4167,1.333,0.1433,0.1433,1.92,6,high,house,hip,False,14,8,2,2
1361,14.75,8.4167,1.314,0.1433,0.1433,1.92,6,high,house,gable,False,14,8,4,2
1362,14.0833,8.5833,1.366,0.1433,0.1433,1.6,5,high,house,gable,False,14,8,0,3
1363,14.25,8.5833,1.358,0.1433,0.1433,1.92,6,high,house,gable,False,14,8,1,3
1364,14.75,8.5833,1.33,0.1433,0.1433,1.92,6,high,house,hip,False,14,8,4,3
1365,14.9167,8.5833,1.32,0.1433,0.1433,1.28,4,high,house,gable,False,14,8,5,3
1366,14.0833,8.75,1.382,0.1433,0.1433,1.6,5,high,house,gable,False,14,8,0,4
1367,14.4167,8.75,1.365,0.1433,0.1433,1.92,6,high,house,gable,False,14,8,2,4
1368,14.5833,8.75,1.356,0.1433,0.1433,1.28,4,high,house,gable,False,14,8,3,4
1369,14.9167,8.75,1.336,0.1433,0.1433,1.92,6,high,house,hip,False,14,8,5,4
1370,14.5833,8.9167,1.372,0.1433,0.1433,1.28,4,high,house,gable,False,14,8,3,5
1371,14.75,8.9167,1.363,0.1433,0.1433,0.96,3,high,house,gable,False,14,8,4,5
1372,14.9167,8.9167,1.352,0.1433,0.1433,1.92,6,high,house,gable,False,14,8,5,5
1373,15.4167,8.0833,1.238,0.1433,0.1433,0.64,2,medium,house,gable,False,15,8,2,0
1374,15.5833,8.0833,1.226,0.1433,0.1433,0.96,3,medium,house,gable,False,15,8,3,0
1375,15.75,8.0833,1.215,0.1433,0.1433,1.28,4,medium,house,gable,False,15,8,4,0
1376,15.5833,8.25,1.243,0.1433,0.1433,1.28,4,medium,house,gable,False,15,8,3,1
1377,15.4167,8.4167,1.271,0.1433,0.1433,0.96,3,medium,house,hip,False,15,8,2,2
1378,15.75,8.4167,1.248,0.1433,0.1433,1.28,4,medium,house,hip,False,15,8,4,2
1379,15.0833,8.5833,1.31,0.1433,0.1433,0.64,2,medium,house,hip,False,15,8,0,3
1380,15.25,8.5833,1.299,0.1433,0.1433,1.28,4,medium,house,hip,False,15,8,1,3
1381,15.5833,8.5833,1.276,0.1433,0.1433,0.96,3,medium,house,gable,False,15,8,3,3
1382,15.75,8.5833,1.264,0.1433,0.1433,1.28,4,medium,house,gable,False,15,8,4,3
1383,15.0833,8.75,1.326,0.1433,0.1433,0.64,2,medium,house,gable,False,15,8,0,4
1384,15.25,8.75,1.315,0.1433,0.1433,1.28,4,medium,house,gable,False,15,8,1,4
1385,15.75,8.75,1.28,0.1433,0.1433,0.96,3,medium,house,gable,False,15,8,4,4
1386,15.0833,8.9167,1.342,0.1433,0.1433,1.28,4,medium,house,gable,False,15,8,0,5
1387,16.0833,8.0833,1.19,0.1433,0.1433,1.28,4,medium,house,gable,False,16,8,0,0
1388,16.25,8.0833,1.178,0.1433,0.1433,0.96,3,medium,house,gable,False,16,8,1,0
1389,16.75,8.0833,1.138,0.1433,0.1433,0.96,3,medium,house,hip,False,16,8,4,0
1390,16.25,8.25,1.194,0.1433,0.1433,1.28,4,medium,house,gable,False,16,8,1,1
1391,16.4167,8.25,1.181,0.1433,0.1433,0.64,2,medium,house,gable,False,16,8,2,1
1392,16.75,8.25,1.154,0.1433,0.1433,1.28,4,medium,house,hip,False,16,8,4,1
1393,16.9167,8.25,1.141,0.1433,0.1433,0.64,2,medium,house,hip,False,16,8,5,1
1394,16.0833,8.4167,1.223,0.1433,0.1433,0.64,2,medium,house,hip,False,16,8,0,2
1395,16.25,8.4167,1.21,0.1433,0.1433,0.96,3,medium,house,gable,False,16,8,1,2
1396,16.4167,8.4167,1.197,0.1433,0.1433,1.28,4,medium,house,hip,False,16,8,2,2
1397,16.75,8.4167,1.17,0.1433,0.1433,0.64,2,medium,house,gable,False,16,8,4,2
1398,16.0833,8.5833,1.239,0.1433,0.1433,0.96,3,medium,house,hip,False,16,8,0,3
1399,16.25,8.5833,1.226,0.1433,0.1433,0.64,2,medium,house,gable,False,16,8,1,3
1400,16.5833,8.5833,1.199,0.1433,0.1433,0.96,3,medium,house,gable,False,16,8,3,3
1401,16.75,8.5833,1.186,0.1433,0.1433,0.64,2,medium,house,gable,False,16,8,4,3
1402,16.9167,8.5833,1.172,0.1433,0.1433,1.28,4,medium,house,hip,False,16,8,5,3
1403,16.0833,8.75,1.255,0.1433,0.1433,1.28,4,medium,house,hip,False,16,8,0,4
1404,16.25,8.75,1.242,0.1433,0.1433,0.64,2,medium,house,gable,False,16,8,1,4
1405,16.9167,8.75,1.187,0.1433,0.1433,0.64,2,medium,house,gable,False,16,8,5,4
1406,16.25,8.9167,1.257,0.1433,0.1433,0.64,2,medium,house,gable,False,16,8,1,5
1407,16.4167,8.9167,1.244,0.1433,0.1433,0.64,2,medium,house,gable,False,16,8,2,5
1408,17.0833,8.0833,1.111,0.1433,0.1433,1.6,5,high,house,hip,False,17,8,0,0
1409,17.25,8.0833,1.098,0.1433,0.1433,1.28,4,high,house,gable,False,17,8,1,0
1410,17.5833,8.0833,1.07,0.1433,0.1433,1.6,5,high,house,gable,False,17,8,3,0
1411,17.75,8.0833,1.056,0.1433,0.1433,0.96,3,high,house,gable,False,17,8,4,0
1412,17.9167,8.0833,1.041,0.1433,0.1433,1.28,4,high,house,gable,False,17,8,5,0
1413,17.25,8.25,1.113,0.1433,0.1433,1.92,6,high,house,gable,False,17,8,1,1
1414,17.4167,8.25,1.099,0.1433,0.1433,1.92,6,high,house,gable,False,17,8,2,1
1415,17.5833,8.25,1.085,0.1433,0.1433,1.6,5,high,house,gable,False,17,8,3,1
1416,17.75,8.25,1.071,0.1433,0.1433,1.6,5,high,house,gable,False,17,8,4,1
1417,17.9167,8.25,1.056,0.1433,0.1433,1.28,4,high,house,gable,False,17,8,5,1
1418,17.25,8.5833,1.144,0.1433,0.1433,1.6,5,high,house,gable,False,17,8,1,3
1419,17.4167,8.5833,1.129,0.1433,0.1433,2.24,7,high,house,gable,False,17,8,2,3
1420,17.5833,8.5833,1.115,0.1433,0.1433,1.92,6,high,house,gable,False,17,8,3,3
1421,17.75,8.5833,1.1,0.1433,0.1433,1.92,6,high,house,gable,False,17,8,4,3
1422,17.9167,8.5833,1.085,0.1433,0.1433,1.6,5,high,house,hip,False,17,8,5,3
1423,17.0833,8.75,1.173,0.1433,0.1433,1.92,6,high,house,gable,False,17,8,0,4
1424,17.4167,8.75,1.144,0.1433,0.1433,1.28,4,high,house,hip,False,17,8,2,4
1425,17.75,8.75,1.115,0.1433,0.1433,0.96,3,high,house,gable,False,17,8,4,4
1426,17.9167,8.75,1.1,0.1433,0.1433,1.6,5,high,house,gable,False,17,8,5,4
1427,17.0833,8.9167,1.188,0.1433,0.1433,0.96,3,high,house,hip,False,17,8,0,5
1428,17.25,8.9167,1.173,0.1433,0.1433,1.92,6,high,house,gable,False,17,8,1,5
1429,17.75,8.9167,1.129,0.1433,0.1433,1.92,6,high,house,hip,False,17,8,4,5
1430,18.0833,8.0833,1.027,0.1433,0.1433,1.92,6,high,house,gable,False,18,8,0,0
1431,18.25,8.0833,1.013,0.1433,0.1433,1.28,4,high,house,gable,False,18,8,1,0
1432,18.4167,8.0833,0.999,0.1433,0.1433,1.28,4,high,house,hip,False,18,8,2,0
1433,18.0833,8.25,1.042,0.1433,0.1433,1.28,4,high,house,hip,False,18,8,0,1
1434,18.25,8.25,1.028,0.1433,0.1433,1.6,5,high,house,hip,False,18,8,1,1
1435,18.0833,8.4167,1.056,0.1433,0.1433,0.96,3,high,house,hip,False,18,8,0,2
1436,18.4167,8.4167,1.027,0.1433,0.1433,1.28,4,high,house,gable,False,18,8,2,2
1437,18.75,8.4167,0.998,0.1433,0.1433,1.6,5,high,house,gable,False,18,8,4,2
1438,18.0833,8.5833,1.071,0.1433,0.1433,0.96,3,high,house,gable,False,18,8,0,3
1439,18.25,8.5833,1.056,0.1433,0.1433,1.28,4,high,house,hip,False,18,8,1,3
1440,18.4167,8.5833,1.041,0.1433,0.1433,2.24,7,high,house,gable,False,18,8,2,3
1441,18.75,8.5833,1.011,0.1433,0.1433,1.92,6,high,house,hip,False,18,8,4,3
1442,18.9167,8.5833,0.996,0.1433,0.1433,1.6,5,high,house,hip,False,18,8,5,3
1443,18.0833,8.75,1.085,0.1433,0.1433,1.92,6,high,house,gable,False,18,8,0,4
1444,18.4167,8.75,1.055,0.1433,0.1433,1.28,4,high,house,gable,False,18,8,2,4
1445,18.9167,8.75,1.009,0.1433,0.1433,0.96,3,high,house,hip,False,18,8,5,4
1446,18.0833,8.9167,1.099,0.1433,0.1433,1.92,6,high,house,gable,False,18,8,0,5
1447,18.25,8.9167,1.083,0.1433,0.1433,0.96,3,high,house,hip,False,18,8,1,5
1448,18.4167,8.9167,1.068,0.1433,0.1433,1.6,5,high,house,gable,False,18,8,2,5
1449,18.75,8.9167,1.038,0.1433,0.1433,0.96,3,high,house,gable,False,18,8,4,5
1450,18.9167,8.9167,1.022,0.1433,0.1433,0.96,3,high,house,gable,False,18,8,5,5
1451,19.0833,8.0833,0.942,0.1433,0.1433,1.28,4,high,house,gable,False,19,8,0,0
1452,19.25,8.0833,0.928,0.1433,0.1433,1.92,6,high,house,gable,False,19,8,1,0
1453,19.4167,8.0833,0.914,0.1433,0.1433,1.92,6,high,house,gable,False,19,8,2,0
1454,19.75,8.0833,0.887,0.1433,0.1433,1.92,6,high,house,gable,False,19,8,4,0
1455,19.9167,8.0833,0.873,0.1433,0.1433,1.28,4,high,house,gable,False,19,8,5,0
1456,19.0833,8.25,0.956,0.1433,0.1433,0.96,3,high,house,gable,False,19,8,0,1
1457,19.4167,8.25,0.927,0.1433,0.1433,1.28,4,high,house,hip,False,19,8,2,1
1458,19.75,8.25,0.899,0.1433,0.1433,1.28,4,high,house,gable,False,19,8,4,1
1459,19.9167,8.25,0.885,0.1433,0.1433,1.92,6,high,house,hip,False,19,8,5,1
1460,19.0833,8.4167,0.969,0.1433,0.1433,1.28,4,high,house,hip,False,19,8,0,2
1461,19.25,8.4167,0.954,0.1433,0.1433,1.28,4,high,house,gable,False,19,8,1,2
1462,19.4167,8.4167,0.94,0.1433,0.1433,1.6,5,high,house,gable,False,19,8,2,2
1463,19.9167,8.4167,0.897,0.1433,0.1433,1.6,5,high,house,hip,False,19,8,5,2
1464,19.0833,8.5833,0.982,0.1433,0.1433,1.28,4,high,house,gable,False,19,8,0,3
1465,19.5833,8.5833,0.938,0.1433,0.1433,1.28,4,high,house,gable,False,19,8,3,3
1466,19.75,8.5833,0.923,0.1433,0.1433,1.28,4,high,house,gable,False,19,8,4,3
1467,19.9167,8.5833,0.909,0.1433,0.1433,1.92,6,high,house,gable,False,19,8,5,3
1468,19.0833,8.75,0.994,0.1433,0.1433,1.6,5,high,house,gable,False,19,8,0,4
1469,19.25,8.75,0.979,0.1433,0.1433,1.92,6,high,house,gable,False,19,8,1,4
1470,19.4167,8.75,0.965,0.1433,0.1433,1.92,6,high,house,gable,False,19,8,2,4
1471,19.75,8.75,0.935,0.1433,0.1433,0.96,3,high,house,hip,False,19,8,4,4
1472,19.9167,8.75,0.92,0.1433,0.1433,1.28,4,high,house,gable,False,19,8,5,4
1473,19.25,8.9167,0.992,0.1433,0.1433,1.92,6,high,house,hip,False,19,8,1,5
1474,19.4167,8.9167,0.977,0.1433,0.1433,1.92,6,high,house,hip,False,19,8,2,5
1475,19.75,8.9167,0.947,0.1433,0.1433,1.6,5,high,house,hip,False,19,8,4,5
1476,19.9167,8.9167,0.932,0.1433,0.1433,1.92,6,high,house,gable,False,19,8,5,5
1477,20.0833,8.0833,0.86,0.1433,0.1433,1.6,5,high,house,gable,False,20,8,0,0
1478,20.25,8.0833,0.847,0.1433,0.1433,1.28,4,high,house,hip,False,20,8,1,0
1479,20.4167,8.0833,0.834,0.1433,0.1433,1.28,4,high,house,gable,False,20,8,2,0
1480,20.75,8.0833,0.808,0.1433,0.1433,1.28,4,high,house,gable,False,20,8,4,0
1481,20.9167,8.0833,0.796,0.1433,0.1433,0.96,3,high,house,hip,False,20,8,5,0
1482,20.0833,8.25,0.872,0.1433,0.1433,1.92,6,high,house,hip,False,20,8,0,1
1483,20.5833,8.25,0.832,0.1433,0.1433,0.96,3,high,house,hip,False,20,8,3,1
1484,20.9167,8.25,0.806,0.1433,0.1433,1.92,6,high,house,gable,False,20,8,5,1
1485,20.0833,8.4167,0.883,0.1433,0.1433,1.28,4,high,house,gable,False,20,8,0,2
1486,20.25,8.4167,0.869,0.1433,0.1433,1.6,5,high,house,gable,False,20,8,1,2
1487,20.4167,8.4167,0.856,0.1433,0.1433,1.28,4,high,house,gable,False,20,8,2,2
1488,20.75,8.4167,0.829,0.1433,0.1433,0.96,3,high,house,gable,False,20,8,4,2
1489,20.9167,8.4167,0.816,0.1433,0.1433,0.96,3,high,house,gable,False,20,8,5,2
1490,20.0833,8.5833,0.895,0.1433,0.1433,1.6,5,high,house,gable,False,20,8,0,3
1491,20.4167,8.5833,0.867,0.1433,0.1433,1.6,5,high,house,hip,False,20,8,2,3
1492,20.5833,8.5833,0.853,0.11,0.11,4.16,13,high,tower,flat,True,20,8,3,3
1493,20.75,8.5833,0.839,0.1433,0.1433,0.96,3,high,house,gable,False,20,8,4,3
1494,20.9167,8.5833,0.826,0.1433,0.1433,0.96,3,high,house,hip,False,20,8,5,3
1495,20.25,8.75,0.892,0.1433,0.1433,1.28,4,high,house,gable,False,20,8,1,4
1496,20.4167,8.75,0.877,0.1433,0.1433,1.92,6,high,house,gable,False,20,8,2,4
1497,20.75,8.75,0.85,0.1433,0.1433,0.96,3,high,house,gable,False,20,8,4,4
1498,20.0833,8.9167,0.917,0.1433,0.1433,1.6,5,high,house,hip,False,20,8,0,5
1499,20.25,8.9167,0.902,0.1433,0.1433,1.92,6,high,house,gable,False,20,8,1,5
1500,20.4167,8.9167,0.888,0.1433,0.1433,1.28,4,high,house,hip,False,20,8,2,5
1501,20.5833,8.9167,0.874,0.1433,0.1433,1.28,4,high,house,gable,False,20,8,3,5
1502,21.0833,8.0833,0.783,0.1433,0.1433,1.6,5,high,house,hip,False,21,8,0,0
1503,21.25,8.0833,0.771,0.1433,0.1433,1.6,5,high,house,hip,False,21,8,1,0
1504,21.5833,8.0833,0.748,0.1433,0.1433,1.28,4,high,house,gable,False,21,8,3,0
1505,21.75,8.0833,0.736,0.1433,0.1433,0.96,3,high,house,gable,False,21,8,4,0
1506,21.9167,8.0833,0.725,0.1433,0.1433,1.28,4,high,house,hip,False,21,8,5,0
1507,21.25,8.25,0.781,0.1433,0.1433,0.96,3,high,house,hip,False,21,8,1,1
1508,21.5833,8.25,0.757,0.1433,0.1433,1.6,5,high,house,gable,False,21,8,3,1
1509,21.9167,8.25,0.734,0.1433,0.1433,1.28,4,high,house,gable,False,21,8,5,1
1510,21.0833,8.4167,0.803,0.1433,0.1433,1.28,4,high,house,gable,False,21,8,0,2
1511,21.25,8.4167,0.791,0.1433,0.1433,1.6,5,high,house,hip,False,21,8,1,2
1512,21.4167,8.4167,0.778,0.1433,0.1433,2.24,7,high,house,gable,False,21,8,2,2
1513,21.75,8.4167,0.754,0.1433,0.1433,0.96,3,high,house,gable,False,21,8,4,2
1514,21.9167,8.4167,0.742,0.1433,0.1433,1.92,6,high,house,hip,False,21,8,5,2
1515,21.0833,8.5833,0.813,0.1433,0.1433,1.92,6,high,house,gable,False,21,8,0,3
1516,21.25,8.5833,0.8,0.1433,0.1433,0.96,3,high,house,gable,False,21,8,1,3
1517,21.5833,8.5833,0.775,0.1433,0.1433,1.28,4,high,house,gable,False,21,8,3,3
1518,21.0833,8.75,0.823,0.1433,0.1433,1.28,4,high,house,hip,False,21,8,0,4
1519,21.5833,8.75,0.784,0.1433,0.1433,1.28,4,high,house,gable,False,21,8,3,4
1520,21.75,8.75,0.771,0.1433,0.1433,1.28,4,high,house,gable,False,21,8,4,4
1521,21.9167,8.75,0.759,0.1433,0.1433,1.6,5,high,house,hip,False,21,8,5,4
1522,21.0833,8.9167,0.832,0.1433,0.1433,0.96,3,high,house,gable,False,21,8,0,5
1523,21.25,8.9167,0.819,0.1433,0.1433,1.28,4,high,house,hip,False,21,8,1,5
1524,21.4167,8.9167,0.805,0.1433,0.1433,1.92,6,high,house,gable,False,21,8,2,5
1525,21.75,8.9167,0.779,0.1433,0.1433,1.6,5,high,house,gable,False,21,8,4,5
1526,21.9167,8.9167,0.767,0.1433,0.1433,1.92,6,high,house,hip,False,21,8,5,5
1527,22.5833,8.0833,0.683,0.1433,0.1433,0.96,3,high,house,gable,False,22,8,3,0
1528,22.9167,8.0833,0.664,0.1433,0.1433,1.6,5,high,house,gable,False,22,8,5,0
1529,22.4167,8.25,0.701,0.1433,0.1433,1.92,6,high,house,gable,False,22,8,2,1
1530,22.75,8.25,0.681,0.1433,0.1433,1.6,5,high,house,gable,False,22,8,4,1
1531,22.9167,8.25,0.671,0.1433,0.1433,1.28,4,high,house,gable,False,22,8,5,1
1532,22.0833,8.4167,0.731,0.1433,0.1433,1.92,6,high,house,gable,False,22,8,0,2
1533,22.4167,8.4167,0.709,0.1433,0.1433,2.24,7,high,house,gable,False,22,8,2,2
1534,22.5833,8.4167,0.698,0.1433,0.1433,1.92,6,high,house,hip,False,22,8,3,2
1535,22.75,8.4167,0.688,0.1433,0.1433,1.92,6,high,house,hip,False,22,8,4,2
1536,22.9167,8.4167,0.677,0.1433,0.1433,1.6,5,high,house,gable,False,22,8,5,2
1537,22.0833,8.5833,0.739,0.1433,0.1433,0.96,3,high,house,hip,False,22,8,0,3
1538,22.25,8.5833,0.727,0.1433,0.1433,1.28,4,high,house,gable,False,22,8,1,3
1539,22.9167,8.5833,0.684,0.1433,0.1433,1.28,4,high,house,gable,False,22,8,5,3
1540,22.0833,8.75,0.747,0.1433,0.1433,1.6,5,high,house,hip,False,22,8,0,4
1541,22.4167,8.75,0.723,0.1433,0.1433,1.92,6,high,house,hip,False,22,8,2,4
1542,22.5833,8.75,0.712,0.1433,0.1433,0.96,3,high,house,gable,False,22,8,3,4
1543,22.75,8.75,0.701,0.1433,0.1433,1.92,6,high,house,hip,False,22,8,4,4
1544,22.9167,8.75,0.69,0.1433,0.1433,0.96,3,high,house,gable,False,22,8,5,4
1545,22.5833,8.9167,0.719,0.1433,0.1433,0.96,3,high,house,gable,False,22,8,3,5
1546,22.75,8.9167,0.708,0.1433,0.1433,1.92,6,high,house,gable,False,22,8,4,5
1547,22.9167,8.9167,0.697,0.1433,0.1433,1.92,6,high,house,hip,False,22,8,5,5
1548,23.0833,8.0833,0.655,0.1433,0.1433,1.6,5,high,house,gable,False,23,8,0,0
1549,23.4167,8.0833,0.637,0.1433,0.1433,1.6,5,high,house,hip,False,23,8,2,0
1550,23.0833,8.25,0.661,0.1433,0.1433,1.28,4,high,house,hip,False,23,8,0,1
1551,23.25,8.25,0.652,0.1433,0.1433,1.28,4,high,house,hip,False,23,8,1,1
1552,23.4167,8.25,0.643,0.1433,0.1433,1.28,4,high,house,gable,False,23,8,2,1
1553,23.0833,8.4167,0.668,0.1433,0.1433,0.96,3,high,house,gable,False,23,8,0,2
1554,23.25,8.4167,0.658,0.1433,0.1433,1.6,5,high,house,gable,False,23,8,1,2
1555,23.4167,8.4167,0.649,0.1433,0.1433,1.28,4,high,house,gable,False,23,8,2,2
1556,23.0833,8.5833,0.674,0.1433,0.1433,1.28,4,high,house,hip,False,23,8,0,3
1557,23.5833,8.5833,0.645,0.1433,0.1433,1.28,4,high,house,hip,False,23,8,3,3
1558,23.9167,8.5833,0.627,0.1433,0.1433,0.96,3,high,house,gable,False,23,8,5,3
1559,23.0833,8.75,0.68,0.1433,0.1433,1.92,6,high,house,gable,False,23,8,0,4
1560,23.25,8.75,0.67,0.1433,0.1433,0.96,3,high,house,gable,False,23,8,1,4
1561,23.5833,8.75,0.65,0.1433,0.1433,1.92,6,high,house,gable,False,23,8,3,4
1562,23.0833,8.9167,0.686,0.1433,0.1433,1.92,6,high,house,hip,False,23,8,0,5
1563,23.25,8.9167,0.676,0.1433,0.1433,1.6,5,high,house,gable,False,23,8,1,5
1564,23.4167,8.9167,0.665,0.1433,0.1433,1.28,4,high,house,gable,False,23,8,2,5
1565,23.5833,8.9167,0.655,0.1433,0.1433,1.28,4,high,house,gable,False,23,8,3,5
1566,26.5833,8.75,0.516,0.1433,0.1433,0.64,2,low,house,gable,False,26,8,3,4
1567,26.75,8.75,0.51,0.1433,0.1433,0.64,2,low,house,gable,False,26,8,4,4
1568,26.5833,8.9167,0.517,0.1433,0.1433,0.32,1,low,house,gable,False,26,8,3,5
1569,26.75,8.9167,0.511,0.1433,0.1433,0.32,1,low,house,gable,False,26,8,4,5
1570,27.4167,8.0833,0.491,0.1433,0.1433,0.32,1,low,house,gable,False,27,8,2,0
1571,27.5833,8.0833,0.486,0.1433,0.1433,0.96,3,low,house,gable,False,27,8,3,0
1572,27.75,8.0833,0.482,0.1433,0.1433,0.96,3,low,house,gable,False,27,8,4,0
1573,27.9167,8.0833,0.477,0.1433,0.1433,0.32,1,low,house,gable,False,27,8,5,0
1574,27.75,8.25,0.481,0.1433,0.1433,0.96,3,low,house,hip,False,27,8,4,1
1575,27.4167,8.4167,0.489,0.1433,0.1433,0.96,3,low,house,gable,False,27,8,2,2
1576,27.5833,8.4167,0.484,0.1433,0.1433,0.96,3,low,house,gable,False,27,8,3,2
1577,27.75,8.4167,0.48,0.1433,0.1433,0.64,2,low,house,gable,False,27,8,4,2
1578,27.4167,8.5833,0.489,0.1433,0.1433,0.64,2,low,house,gable,False,27,8,2,3
1579,27.75,8.5833,0.479,0.1433,0.1433,0.96,3,low,house,gable,False,27,8,4,3
1580,28.75,8.4167,0.45,0.1433,0.1433,0.96,3,low,house,gable,False,28,8,4,2
1581,28.9167,8.4167,0.445,0.1433,0.1433,0.64,2,low,house,gable,False,28,8,5,2
1582,28.75,8.5833,0.448,0.1433,0.1433,0.96,3,low,house,hip,False,28,8,4,3
1583,28.9167,8.5833,0.443,0.1433,0.1433,0.64,2,low,house,gable,False,28,8,5,3
1584,28.75,8.75,0.446,0.1433,0.1433,0.96,3,low,house,hip,False,28,8,4,4
1585,2.25,9.0833,0.546,0.1433,0.1433,0.32,1,low,house,gable,False,2,9,1,0
1586,2.0833,9.25,0.521,0.1433,0.1433,0.96,3,low,house,hip,False,2,9,0,1
1587,2.25,9.25,0.546,0.1433,0.1433,0.32,1,low,house,gable,False,2,9,1,1
1588,2.5833,9.25,0.596,0.1433,0.1433,0.64,2,low,house,gable,False,2,9,3,1
1589,2.75,9.25,0.621,0.1433,0.1433,0.32,1,low,house,gable,False,2,9,4,1
1590,2.9167,9.25,0.645,0.1433,0.1433,0.32,1,low,house,gable,False,2,9,5,1
1591,2.0833,9.4167,0.522,0.1433,0.1433,0.32,1,low,house,hip,False,2,9,0,2
1592,2.25,9.4167,0.546,0.1433,0.1433,0.96,3,low,house,gable,False,2,9,1,2
1593,2.4167,9.4167,0.571,0.1433,0.1433,0.96,3,low,house,hip,False,2,9,2,2
1594,2.5833,9.4167,0.597,0.1433,0.1433,0.64,2,low,house,hip,False,2,9,3,2
1595,2.75,9.4167,0.622,0.1433,0.1433,0.64,2,low,house,gable,False,2,9,4,2
1596,2.9167,9.4167,0.647,0.1433,0.1433,0.96,3,low,house,gable,False,2,9,5,2
1597,2.5833,9.5833,0.597,0.1433,0.1433,0.64,2,low,house,gable,False,2,9,3,3
1598,3.0833,9.0833,0.669,0.1433,0.1433,0.96,3,medium,house,hip,False,3,9,0,0
1599,3.25,9.0833,0.693,0.1433,0.1433,1.28,4,medium,house,hip,False,3,9,1,0
1600,3.4167,9.0833,0.718,0.1433,0.1433,0.64,2,medium,house,hip,False,3,9,2,0
1601,3.5833,9.0833,0.742,0.1433,0.1433,0.64,2,medium,house,hip,False,3,9,3,0
1602,3.75,9.0833,0.767,0.1433,0.1433,0.64,2,medium,house,hip,False,3,9,4,0
1603,3.9167,9.0833,0.791,0.1433,0.1433,0.96,3,medium,house,gable,False,3,9,5,0
1604,3.0833,9.25,0.67,0.1433,0.1433,0.96,3,medium,house,hip,False,3,9,0,1
1605,3.5833,9.25,0.744,0.1433,0.1433,0.96,3,medium,house,gable,False,3,9,3,1
1606,3.75,9.25,0.769,0.1433,0.1433,0.96,3,medium,house,gable,False,3,9,4,1
1607,3.0833,9.4167,0.672,0.1433,0.1433,0.64,2,medium,house,gable,False,3,9,0,2
1608,3.25,9.4167,0.697,0.1433,0.1433,0.96,3,medium,house,gable,False,3,9,1,2
1609,3.4167,9.4167,0.722,0.1433,0.1433,0.64,2,medium,house,gable,False,3,9,2,2
1610,3.9167,9.4167,0.796,0.1433,0.1433,0.96,3,medium,house,hip,False,3,9,5,2
1611,3.75,9.5833,0.774,0.1433,0.1433,0.64,2,medium,house,hip,False,3,9,4,3
1612,3.0833,9.75,0.674,0.1433,0.1433,0.64,2,medium,house,gable,False,3,9,0,4
1613,3.25,9.75,0.7,0.1433,0.1433,0.64,2,medium,house,gable,False,3,9,1,4
1614,3.75,9.75,0.776,0.1433,0.1433,1.28,4,medium,house,gable,False,3,9,4,4
1615,3.9167,9.75,0.801,0.1433,0.1433,1.28,4,medium,house,gable,False,3,9,5,4
1616,3.0833,9.9167,0.676,0.1433,0.1433,0.64,2,medium,house,gable,False,3,9,0,5
1617,3.25,9.9167,0.701,0.1433,0.1433,1.28,4,medium,house,gable,False,3,9,1,5
1618,3.9167,9.9167,0.804,0.1433,0.1433,1.28,4,medium,house,gable,False,3,9,5,5
1619,4.4167,9.0833,0.862,0.1433,0.1433,0.96,3,medium,house,hip,False,4,9,2,0
1620,4.0833,9.25,0.818,0.1433,0.1433,0.64,2,medium,house,gable,False,4,9,0,1
1621,4.4167,9.25,0.866,0.1433,0.1433,0.96,3,medium,house,gable,False,4,9,2,1
1622,4.5833,9.25,0.889,0.1433,0.1433,0.64,2,medium,house,gable,False,4,9,3,1
1623,4.75,9.5833,0.921,0.1433,0.1433,0.96,3,medium,house,gable,False,4,9,4,3
1624,4.5833,9.75,0.9,0.1433,0.1433,0.64,2,medium,house,gable,False,4,9,3,4
1625,4.9167,9.75,0.948,0.1433,0.1433,1.28,4,medium,house,gable,False,4,9,5,4
1626,4.4167,9.9167,0.879,0.1433,0.1433,0.64,2,medium,house,gable,False,4,9,2,5
1627,4.5833,9.9167,0.904,0.1433,0.1433,0.64,2,medium,house,hip,False,4,9,3,5
1628,4.75,9.9167,0.928,0.1433,0.1433,0.96,3,medium,house,gable,False,4,9,4,5
1629,4.9167,9.9167,0.952,0.1433,0.1433,0.64,2,medium,house,gable,False,4,9,5,5
1630,5.4167,9.0833,0.999,0.1433,0.1433,1.28,4,medium,house,gable,False,5,9,2,0
1631,5.5833,9.0833,1.021,0.1433,0.1433,0.96,3,medium,house,gable,False,5,9,3,0
1632,5.9167,9.0833,1.064,0.1433,0.1433,0.64,2,medium,house,hip,False,5,9,5,0
1633,5.0833,9.25,0.959,0.1433,0.1433,0.96,3,medium,house,gable,False,5,9,0,1
1634,5.25,9.25,0.982,0.1433,0.1433,0.96,3,medium,house,hip,False,5,9,1,1
1635,5.4167,9.25,1.004,0.1433,0.1433,1.28,4,medium,house,gable,False,5,9,2,1
1636,5.5833,9.25,1.026,0.1433,0.1433,1.28,4,medium,house,gable,False,5,9,3,1
1637,5.75,9.25,1.048,0.1433,0.1433,0.64,2,medium,house,gable,False,5,9,4,1
1638,5.9167,9.25,1.069,0.1433,0.1433,0.96,3,medium,house,gable,False,5,9,5,1
1639,5.0833,9.4167,0.964,0.1433,0.1433,0.96,3,medium,house,hip,False,5,9,0,2
1640,5.25,9.4167,0.987,0.1433,0.1433,0.96,3,medium,house,hip,False,5,9,1,2
1641,5.5833,9.4167,1.032,0.1433,0.1433,0.96,3,medium,house,gable,False,5,9,3,2
1642,5.9167,9.4167,1.075,0.1433,0.1433,0.96,3,medium,house,gable,False,5,9,5,2
1643,5.25,9.5833,0.991,0.1433,0.1433,0.96,3,medium,house,hip,False,5,9,1,3
1644,5.4167,9.5833,1.014,0.1433,0.1433,1.28,4,medium,house,gable,False,5,9,2,3
1645,5.5833,9.5833,1.037,0.1433,0.1433,0.96,3,medium,house,gable,False,5,9,3,3
1646,5.75,9.5833,1.059,0.1433,0.1433,0.96,3,medium,house,gable,False,5,9,4,3
1647,5.9167,9.5833,1.081,0.1433,0.1433,0.96,3,medium,house,gable,False,5,9,5,3
1648,5.0833,9.9167,0.976,0.1433,0.1433,0.96,3,medium,house,hip,False,5,9,0,5
1649,5.75,9.9167,1.069,0.1433,0.1433,1.28,4,medium,house,gable,False,5,9,4,5
1650,6.0833,9.0833,1.084,0.1433,0.1433,1.28,4,high,house,gable,False,6,9,0,0
1651,6.25,9.0833,1.105,0.1433,0.1433,1.28,4,high,house,gable,False,6,9,1,0
1652,6.75,9.0833,1.163,0.1433,0.1433,1.6,5,high,house,hip,False,6,9,4,0
1653,6.9167,9.0833,1.182,0.1433,0.1433,1.6,5,high,house,hip,False,6,9,5,0
1654,6.0833,9.25,1.09,0.1433,0.1433,1.92,6,high,house,gable,False,6,9,0,1
1655,6.25,9.25,1.111,0.1433,0.1433,1.28,4,high,house,gable,False,6,9,1,1
1656,6.4167,9.25,1.131,0.1433,0.1433,1.92,6,high,house,hip,False,6,9,2,1
1657,6.5833,9.25,1.151,0.1433,0.1433,0.96,3,high,house,gable,False,6,9,3,1
1658,6.75,9.25,1.17,0.1433,0.1433,1.92,6,high,house,hip,False,6,9,4,1
1659,6.9167,9.25,1.189,0.1433,0.1433,1.6,5,high,house,gable,False,6,9,5,1
1660,6.0833,9.4167,1.097,0.1433,0.1433,1.28,4,high,house,gable,False,6,9,0,2
1661,6.75,9.4167,1.178,0.1433,0.1433,1.28,4,high,house,gable,False,6,9,4,2
1662,6.9167,9.4167,1.197,0.1433,0.1433,1.6,5,high,house,gable,False,6,9,5,2
1663,6.0833,9.5833,1.102,0.1433,0.1433,1.92,6,high,house,gable,False,6,9,0,3
1664,6.25,9.5833,1.124,0.1433,0.1433,1.92,6,high,house,gable,False,6,9,1,3
1665,6.4167,9.5833,1.144,0.1433,0.1433,1.6,5,high,house,hip,False,6,9,2,3
1666,6.5833,9.5833,1.165,0.1433,0.1433,1.92,6,high,house,gable,False,6,9,3,3
1667,6.75,9.5833,1.185,0.1433,0.1433,1.6,5,high,house,hip,False,6,9,4,3
1668,6.9167,9.75,1.211,0.1433,0.1433,1.28,4,high,house,gable,False,6,9,5,4
1669,6.75,9.9167,1.198,0.1433,0.1433,1.6,5,high,house,gable,False,6,9,4,5
1670,6.9167,9.9167,1.218,0.1433,0.1433,0.96,3,high,house,gable,False,6,9,5,5
1671,7.0833,9.0833,1.2,0.1433,0.1433,1.6,5,high,house,gable,False,7,9,0,0
1672,7.25,9.0833,1.218,0.1433,0.1433,1.6,5,high,house,gable,False,7,9,1,0
1673,7.4167,9.0833,1.235,0.1433,0.1433,1.92,6,high,house,gable,False,7,9,2,0
1674,7.0833,9.25,1.208,0.1433,0.1433,1.6,5,high,house,gable,False,7,9,0,1
1675,7.5833,9.25,1.26,0.1433,0.1433,0.96,3,high,house,gable,False,7,9,3,1
1676,7.9167,9.25,1.292,0.1433,0.1433,1.92,6,high,house,gable,False,7,9,5,1
1677,7.0833,9.4167,1.215,0.1433,0.1433,1.6,5,high,house,gable,False,7,9,0,2
1678,7.25,9.4167,1.234,0.1433,0.1433,1.28,4,high,house,gable,False,7,9,1,2
1679,7.4167,9.4167,1.251,0.1433,0.1433,2.24,7,high,house,gable,False,7,9,2,2
1680,7.75,9.4167,1.285,0.1433,0.1433,1.92,6,high,house,hip,False,7,9,4,2
1681,7.9167,9.4167,1.301,0.1433,0.1433,0.96,3,high,house,gable,False,7,9,5,2
1682,7.25,9.5833,1.241,0.1433,0.1433,1.92,6,high,house,gable,False,7,9,1,3
1683,7.4167,9.5833,1.259,0.1433,0.1433,1.92,6,high,house,hip,False,7,9,2,3
1684,7.5833,9.5833,1.277,0.1433,0.1433,1.6,5,high,house,hip,False,7,9,3,3
1685,7.9167,9.5833,1.31,0.1433,0.1433,1.28,4,high,house,gable,False,7,9,5,3
1686,7.0833,9.75,1.23,0.1433,0.1433,1.6,5,high,house,gable,False,7,9,0,4
1687,7.25,9.75,1.249,0.1433,0.1433,1.6,5,high,house,hip,False,7,9,1,4
1688,7.5833,9.75,1.285,0.1433,0.1433,1.92,6,high,house,gable,False,7,9,3,4
1689,7.75,9.75,1.302,0.1433,0.1433,0.96,3,high,house,gable,False,7,9,4,4
1690,7.9167,9.75,1.319,0.1433,0.1433,0.96,3,high,house,gable,False,7,9,5,4
1691,7.4167,9.9167,1.275,0.1433,0.1433,1.92,6,high,house,hip,False,7,9,2,5
1692,7.75,9.9167,1.31,0.1433,0.1433,1.92,6,high,house,gable,False,7,9,4,5
1693,7.9167,9.9167,1.327,0.1433,0.1433,0.96,3,high,house,hip,False,7,9,5,5
1694,8.4167,9.0833,1.326,0.1433,0.1433,0.64,2,medium,house,gable,False,8,9,2,0
1695,8.5833,9.0833,1.339,0.1433,0.1433,1.28,4,medium,house,gable,False,8,9,3,0
1696,8.25,9.25,1.322,0.1433,0.1433,0.64,2,medium,house,gable,False,8,9,1,1
1697,8.5833,9.25,1.35,0.1433,0.1433,0.96,3,medium,house,hip,False,8,9,3,1
1698,8.9167,9.25,1.375,0.1433,0.1433,0.64,2,medium,house,gable,False,8,9,5,1
1699,8.4167,9.4167,1.346,0.1433,0.1433,0.96,3,medium,house,gable,False,8,9,2,2
1700,8.75,9.4167,1.373,0.1433,0.1433,0.96,3,medium,house,gable,False,8,9,4,2
1701,8.9167,9.4167,1.385,0.1433,0.1433,1.28,4,medium,house,gable,False,8,9,5,2
1702,8.25,9.5833,1.341,0.1433,0.1433,0.64,2,medium,house,gable,False,8,9,1,3
1703,8.4167,9.5833,1.356,0.1433,0.1433,0.64,2,medium,house,gable,False,8,9,2,3
1704,8.9167,9.5833,1.396,0.1433,0.1433,1.28,4,medium,house,gable,False,8,9,5,3
1705,8.0833,9.75,1.335,0.1433,0.1433,1.28,4,medium,house,gable,False,8,9,0,4
1706,8.4167,9.75,1.365,0.1433,0.1433,0.96,3,medium,house,hip,False,8,9,2,4
1707,8.5833,9.75,1.379,0.1433,0.1433,1.28,4,medium,house,gable,False,8,9,3,4
1708,8.9167,9.75,1.406,0.1433,0.1433,0.96,3,medium,house,gable,False,8,9,5,4
1709,8.25,9.9167,1.359,0.1433,0.1433,0.96,3,medium,house,gable,False,8,9,1,5
1710,8.4167,9.9167,1.374,0.1433,0.1433,0.96,3,medium,house,gable,False,8,9,2,5
1711,8.5833,9.9167,1.389,0.1433,0.1433,0.96,3,medium,house,gable,False,8,9,3,5
1712,9.4167,9.0833,1.396,0.1433,0.1433,1.28,4,medium,house,gable,False,9,9,2,0
1713,9.5833,9.0833,1.406,0.1433,0.1433,1.28,4,medium,house,gable,False,9,9,3,0
1714,9.75,9.0833,1.415,0.1433,0.1433,0.96,3,medium,house,gable,False,9,9,4,0
1715,9.25,9.25,1.397,0.1433,0.1433,1.28,4,medium,house,gable,False,9,9,1,1
1716,9.5833,9.25,1.418,0.1433,0.1433,0.64,2,medium,house,gable,False,9,9,3,1
1717,9.75,9.25,1.427,0.1433,0.1433,0.64,2,medium,house,gable,False,9,9,4,1
1718,9.9167,9.25,1.435,0.1433,0.1433,0.64,2,medium,house,hip,False,9,9,5,1
1719,9.4167,9.4167,1.419,0.1433,0.1433,1.28,4,medium,house,hip,False,9,9,2,2
1720,9.9167,9.4167,1.447,0.1433,0.1433,1.28,4,medium,house,gable,False,9,9,5,2
1721,9.4167,9.5833,1.43,0.1433,0.1433,0.64,2,medium,house,gable,False,9,9,2,3
1722,9.5833,9.5833,1.44,0.1433,0.1433,0.64,2,medium,house,gable,False,9,9,3,3
1723,9.75,9.5833,1.45,0.1433,0.1433,1.28,4,medium,house,gable,False,9,9,4,3
1724,9.9167,9.5833,1.459,0.1433,0.1433,0.96,3,medium,house,gable,False,9,9,5,3
1725,9.75,9.75,1.461,0.1433,0.1433,0.64,2,medium,house,hip,False,9,9,4,4
1726,9.5833,9.9167,1.462,0.1433,0.1433,0.96,3,medium,house,gable,False,9,9,3,5
1727,9.75,9.9167,1.472,0.1433,0.1433,1.28,4,medium,house,gable,False,9,9,4,5
1728,10.5833,9.0833,1.449,0.1433,0.1433,1.28,4,high,house,gable,False,10,9,3,0
1729,10.75,9.0833,1.454,0.1433,0.1433,0.96,3,high,house,gable,False,10,9,4,0
1730,10.9167,9.0833,1.458,0.1433,0.1433,1.92,6,high,house,gable,False,10,9,5,0
1731,10.4167,9.25,1.456,0.1433,0.1433,1.92,6,high,house,gable,False,10,9,2,1
1732,10.75,9.25,1.467,0.1433,0.1433,1.28,4,high,house,gable,False,10,9,4,1
1733,10.9167,9.25,1.471,0.1433,0.1433,1.92,6,high,house,hip,False,10,9,5,1
1734,10.0833,9.4167,1.455,0.1433,0.1433,1.28,4,high,house,gable,False,10,9,0,2
1735,10.4167,9.4167,1.469,0.1433,0.1433,1.28,4,high,house,hip,False,10,9,2,2
1736,10.5833,9.4167,1.475,0.1433,0.1433,1.92,6,high,house,gable,False,10,9,3,2
1737,10.75,9.4167,1.48,0.1433,0.1433,1.28,4,high,house,gable,False,10,9,4,2
1738,10.4167,9.5833,1.481,0.1433,0.1433,1.92,6,high,house,gable,False,10,9,2,3
1739,10.75,9.5833,1.493,0.1433,0.1433,1.28,4,high,house,hip,False,10,9,4,3
1740,10.9167,9.5833,1.497,0.1433,0.1433,0.96,3,high,house,hip,False,10,9,5,3
1741,10.4167,9.75,1.493,0.1433,0.1433,1.92,6,high,house,hip,False,10,9,2,4
1742,10.75,9.75,1.505,0.1433,0.1433,1.28,4,high,house,gable,False,10,9,4,4
1743,10.4167,9.9167,1.505,0.1433,0.1433,1.6,5,high,house,gable,False,10,9,2,5
1744,10.5833,9.9167,1.512,0.1433,0.1433,0.96,3,high,house,hip,False,10,9,3,5
1745,10.75,9.9167,1.517,0.1433,0.1433,1.28,4,high,house,gable,False,10,9,4,5
1746,10.9167,9.9167,1.523,0.1433,0.1433,0.96,3,high,house,gable,False,10,9,5,5
1747,11.5833,9.25,1.482,0.1433,0.1433,0.96,3,high,house,gable,False,11,9,3,1
1748,11.0833,9.4167,1.488,0.1433,0.1433,1.6,5,high,house,gable,False,11,9,0,2
1749,11.25,9.4167,1.492,0.1433,0.1433,0.96,3,high,house,hip,False,11,9,1,2
1750,11.4167,9.4167,1.494,0.1433,0.1433,1.92,6,high,house,gable,False,11,9,2,2
1751,11.75,9.4167,1.497,0.1433,0.1433,1.6,5,high,house,hip,False,11,9,4,2
1752,11.9167,9.4167,1.498,0.1433,0.1433,1.92,6,high,house,hip,False,11,9,5,2
1753,11.0833,9.5833,1.502,0.1433,0.1433,1.92,6,high,house,gable,False,11,9,0,3
1754,11.25,9.5833,1.505,0.1433,0.1433,0.96,3,high,house,hip,False,11,9,1,3
1755,11.4167,9.5833,1.508,0.1433,0.1433,2.24,7,high,house,gable,False,11,9,2,3
1756,11.5833,9.5833,1.51,0.1433,0.1433,1.92,6,high,house,gable,False,11,9,3,3
1757,11.75,9.5833,1.511,0.1433,0.1433,0.96,3,high,house,hip,False,11,9,4,3
1758,11.9167,9.5833,1.511,0.1433,0.1433,0.96,3,high,house,hip,False,11,9,5,3
1759,11.0833,9.75,1.514,0.1433,0.1433,1.6,5,high,house,gable,False,11,9,0,4
1760,11.9167,9.75,1.525,0.1433,0.1433,1.92,6,high,house,gable,False,11,9,5,4
1761,11.0833,9.9167,1.527,0.1433,0.1433,0.96,3,high,house,gable,False,11,9,0,5
1762,11.25,9.9167,1.531,0.1433,0.1433,1.28,4,high,house,gable,False,11,9,1,5
1763,11.4167,9.9167,1.534,0.1433,0.1433,1.6,5,high,house,hip,False,11,9,2,5
1764,11.5833,9.9167,1.536,0.1433,0.1433,1.92,6,high,house,gable,False,11,9,3,5
1765,11.75,9.9167,1.537,0.1433,0.1433,1.6,5,high,house,gable,False,11,9,4,5
1766,11.9167,9.9167,1.538,0.1433,0.1433,0.96,3,high,house,gable,False,11,9,5,5
1767,12.4167,9.0833,1.466,0.1433,0.1433,1.6,5,high,house,gable,False,12,9,2,0
1768,12.5833,9.0833,1.463,0.1433,0.1433,1.6,5,high,house,gable,False,12,9,3,0
1769,12.75,9.0833,1.46,0.1433,0.1433,1.92,6,high,house,gable,False,12,9,4,0
1770,12.9167,9.0833,1.456,0.1433,0.1433,0.96,3,high,house,gable,False,12,9,5,0
1771,12.4167,9.25,1.48,0.1433,0.1433,0.96,3,high,house,gable,False,12,9,2,1
1772,12.75,9.25,1.475,0.1433,0.1433,1.6,5,high,house,gable,False,12,9,4,1
1773,12.9167,9.25,1.472,0.1433,0.1433,1.28,4,high,house,hip,False,12,9,5,1
1774,12.4167,9.4167,1.495,0.1433,0.1433,1.28,4,high,house,hip,False,12,9,2,2
1775,12.75,9.4167,1.49,0.1433,0.1433,1.6,5,high,house,gable,False,12,9,4,2
1776,12.9167,9.4167,1.486,0.1433,0.1433,1.28,4,high,house,gable,False,12,9,5,2
1777,12.4167,9.5833,1.509,0.1433,0.1433,1.28,4,high,house,gable,False,12,9,2,3
1778,12.5833,9.75,1.521,0.1433,0.1433,1.6,5,high,house,gable,False,12,9,3,4
1779,12.9167,9.75,1.515,0.1433,0.1433,1.92,6,high,house,gable,False,12,9,5,4
1780,12.5833,9.9167,1.535,0.1433,0.1433,1.28,4,high,house,gable,False,12,9,3,5
1781,12.75,9.9167,1.532,0.1433,0.1433,0.96,3,high,house,hip,False,12,9,4,5
1782,12.9167,9.9167,1.529,0.1433,0.1433,1.92,6,high,house,gable,False,12,9,5,5
1783,13.0833,9.0833,1.452,0.1433,0.1433,0.96,3,high,house,gable,False,13,9,0,0
1784,13.25,9.0833,1.447,0.1433,0.1433,0.96,3,high,house,gable,False,13,9,1,0
1785,13.5833,9.0833,1.436,0.1433,0.1433,0.96,3,high,house,gable,False,13,9,3,0
1786,13.75,9.0833,1.429,0.1433,0.1433,0.96,3,high,house,gable,False,13,9,4,0
1787,13.25,9.25,1.463,0.1433,0.1433,1.28,4,high,house,gable,False,13,9,1,1
1788,13.5833,9.25,1.451,0.1433,0.1433,1.92,6,high,house,gable,False,13,9,3,1
1789,13.25,9.4167,1.478,0.1433,0.1433,1.92,6,high,house,gable,False,13,9,1,2
1790,13.4167,9.4167,1.472,0.1433,0.1433,1.28,4,high,house,gable,False,13,9,2,2
1791,13.75,9.4167,1.46,0.1433,0.1433,1.6,5,high,house,gable,False,13,9,4,2
1792,13.9167,9.4167,1.453,0.1433,0.1433,1.28,4,high,house,gable,False,13,9,5,2
1793,13.0833,9.5833,1.497,0.1433,0.1433,1.92,6,high,house,gable,False,13,9,0,3
1794,13.5833,9.5833,1.481,0.1433,0.1433,1.6,5,high,house,gable,False,13,9,3,3
1795,13.9167,9.5833,1.468,0.1433,0.1433,1.92,6,high,house,gable,False,13,9,5,3
1796,13.0833,9.75,1.511,0.1433,0.1433,0.96,3,high,house,hip,False,13,9,0,4
1797,13.4167,9.75,1.501,0.1433,0.1433,1.92,6,high,house,gable,False,13,9,2,4
1798,13.5833,9.75,1.496,0.1433,0.1433,0.96,3,high,house,gable,False,13,9,3,4
1799,13.75,9.75,1.489,0.1433,0.1433,1.28,4,high,house,gable,False,13,9,4,4
1800,13.9167,9.75,1.482,0.1433,0.1433,1.6,5,high,house,gable,False,13,9,5,4
1801,13.0833,9.9167,1.525,0.1433,0.1433,1.92,6,high,house,gable,False,13,9,0,5
1802,13.25,9.9167,1.521,0.1433,0.1433,1.6,5,high,house,gable,False,13,9,1,5
1803,13.4167,9.9167,1.516,0.1433,0.1433,1.28,4,high,house,hip,False,13,9,2,5
1804,13.75,9.9167,1.503,0.1433,0.1433,1.92,6,high,house,gable,False,13,9,4,5
1805,13.9167,9.9167,1.497,0.1433,0.1433,1.28,4,high,house,gable,False,13,9,5,5
1806,16.0833,9.0833,1.286,0.1433,0.1433,1.28,4,high,house,gable,False,16,9,0,0
1807,16.4167,9.0833,1.259,0.1433,0.1433,1.28,4,high,house,gable,False,16,9,2,0
1808,16.5833,9.0833,1.245,0.1433,0.1433,0.96,3,high,house,gable,False,16,9,3,0
1809,16.75,9.0833,1.231,0.1433,0.1433,0.96,3,high,house,gable,False,16,9,4,0
1810,16.9167,9.0833,1.217,0.1433,0.1433,1.6,5,high,house,hip,False,16,9,5,0
1811,16.0833,9.25,1.301,0.1433,0.1433,0.96,3,high,house,gable,False,16,9,0,1
1812,16.25,9.25,1.288,0.1433,0.1433,1.28,4,high,house,gable,False,16,9,1,1
1813,16.5833,9.25,1.26,0.1433,0.1433,1.28,4,high,house,gable,False,16,9,3,1
1814,16.9167,9.25,1.231,0.1433,0.1433,1.6,5,high,house,hip,False,16,9,5,1
1815,16.0833,9.4167,1.316,0.1433,0.1433,1.6,5,high,house,gable,False,16,9,0,2
1816,16.25,9.4167,1.302,0.1433,0.1433,1.28,4,high,house,gable,False,16,9,1,2
1817,16.5833,9.4167,1.275,0.1433,0.1433,1.6,5,high,house,gable,False,16,9,3,2
1818,16.9167,9.4167,1.246,0.1433,0.1433,0.96,3,high,house,gable,False,16,9,5,2
1819,16.0833,9.5833,1.33,0.1433,0.1433,1.6,5,high,house,gable,False,16,9,0,3
1820,16.25,9.5833,1.317,0.1433,0.1433,0.96,3,high,house,gable,False,16,9,1,3
1821,16.4167,9.5833,1.303,0.1433,0.1433,1.6,5,high,house,gable,False,16,9,2,3
1822,16.5833,9.5833,1.289,0.1433,0.1433,2.24,7,high,house,gable,False,16,9,3,3
1823,16.75,9.5833,1.274,0.1433,0.1433,1.6,5,high,house,gable,False,16,9,4,3
1824,16.9167,9.5833,1.26,0.1433,0.1433,1.92,6,high,house,gable,False,16,9,5,3
1825,18.0833,9.0833,1.112,0.1433,0.1433,1.28,4,high,house,hip,False,18,9,0,0
1826,18.25,9.0833,1.097,0.1433,0.1433,1.28,4,high,house,gable,False,18,9,1,0
1827,18.5833,9.0833,1.066,0.1433,0.1433,0.96,3,high,house,gable,False,18,9,3,0
1828,18.75,9.0833,1.05,0.1433,0.1433,0.96,3,high,house,gable,False,18,9,4,0
1829,18.9167,9.0833,1.035,0.1433,0.1433,1.92,6,high,house,gable,False,18,9,5,0
1830,18.25,9.25,1.11,0.1433,0.1433,1.28,4,high,house,gable,False,18,9,1,1
1831,18.4167,9.25,1.094,0.1433,0.1433,1.92,6,high,house,gable,False,18,9,2,1
1832,18.9167,9.25,1.047,0.1433,0.1433,0.96,3,high,house,gable,False,18,9,5,1
1833,18.0833,9.4167,1.139,0.1433,0.1433,1.6,5,high,house,gable,False,18,9,0,2
1834,18.25,9.4167,1.123,0.1433,0.1433,1.6,5,high,house,hip,False,18,9,1,2
1835,18.4167,9.4167,1.107,0.1433,0.1433,1.92,6,high,house,gable,False,18,9,2,2
1836,18.5833,9.4167,1.091,0.1433,0.1433,1.28,4,high,house,gable,False,18,9,3,2
1837,18.75,9.4167,1.075,0.1433,0.1433,1.92,6,high,house,gable,False,18,9,4,2
1838,18.9167,9.4167,1.06,0.1433,0.1433,1.92,6,high,house,gable,False,18,9,5,2
1839,18.75,9.5833,1.088,0.1433,0.1433,1.6,5,high,house,hip,False,18,9,4,3
1840,18.0833,9.75,1.165,0.1433,0.1433,1.28,4,high,house,hip,False,18,9,0,4
1841,18.25,9.75,1.148,0.1433,0.1433,1.92,6,high,house,gable,False,18,9,1,4
1842,18.4167,9.75,1.132,0.1433,0.1433,1.6,5,high,house,hip,False,18,9,2,4
1843,18.5833,9.75,1.116,0.1433,0.1433,0.96,3,high,house,gable,False,18,9,3,4
1844,18.0833,9.9167,1.177,0.1433,0.1433,1.6,5,high,house,hip,False,18,9,0,5
1845,18.25,9.9167,1.161,0.1433,0.1433,1.28,4,high,house,hip,False,18,9,1,5
1846,18.4167,9.9167,1.144,0.1433,0.1433,1.28,4,high,house,hip,False,18,9,2,5
1847,18.5833,9.9167,1.128,0.1433,0.1433,1.6,5,high,house,gable,False,18,9,3,5
1848,18.75,9.9167,1.111,0.1433,0.1433,1.92,6,high,house,gable,False,18,9,4,5
1849,19.0833,9.0833,1.019,0.1433,0.1433,1.28,4,high,house,gable,False,19,9,0,0
1850,19.25,9.0833,1.004,0.1433,0.1433,1.92,6,high,house,gable,False,19,9,1,0
1851,19.4167,9.0833,0.989,0.1433,0.1433,1.28,4,high,house,gable,False,19,9,2,0
1852,19.5833,9.0833,0.973,0.1433,0.1433,0.96,3,high,house,gable,False,19,9,3,0
1853,19.0833,9.25,1.032,0.1433,0.1433,1.28,4,high,house,gable,False,19,9,0,1
1854,19.4167,9.25,1.0,0.1433,0.1433,1.92,6,high,house,gable,False,19,9,2,1
1855,19.5833,9.25,0.985,0.1433,0.1433,0.96,3,high,house,hip,False,19,9,3,1
1856,19.0833,9.4167,1.044,0.1433,0.1433,1.28,4,high,house,hip,False,19,9,0,2
1857,19.25,9.4167,1.028,0.1433,0.1433,0.96,3,high,house,hip,False,19,9,1,2
1858,19.5833,9.4167,0.996,0.1433,0.1433,2.24,7,high,house,gable,False,19,9,3,2
1859,19.25,9.5833,1.039,0.1433,0.1433,1.28,4,high,house,gable,False,19,9,1,3
1860,19.4167,9.5833,1.023,0.1433,0.1433,1.6,5,high,house,hip,False,19,9,2,3
1861,19.5833,9.5833,1.007,0.1433,0.1433,2.24,7,high,house,gable,False,19,9,3,3
1862,19.0833,9.75,1.067,0.1433,0.1433,1.92,6,high,house,hip,False,19,9,0,4
1863,19.25,9.75,1.051,0.1433,0.1433,1.92,6,high,house,gable,False,19,9,1,4
1864,19.5833,9.75,1.018,0.1433,0.1433,1.28,4,high,house,gable,False,19,9,3,4
1865,19.0833,9.9167,1.078,0.1433,0.1433,0.96,3,high,house,gable,False,19,9,0,5
1866,19.25,9.9167,1.062,0.1433,0.1433,1.28,4,high,house,hip,False,19,9,1,5
1867,19.4167,9.9167,1.045,0.1433,0.1433,1.28,4,high,house,gable,False,19,9,2,5
1868,19.5833,9.9167,1.029,0.1433,0.1433,1.6,5,high,house,gable,False,19,9,3,5
1869,20.0833,9.0833,0.928,0.1433,0.1433,1.28,4,high,house,gable,False,20,9,0,0
1870,20.25,9.0833,0.913,0.1433,0.1433,1.92,6,high,house,gable,False,20,9,1,0
1871,20.4167,9.0833,0.898,0.1433,0.1433,1.92,6,high,house,gable,False,20,9,2,0
1872,20.0833,9.25,0.939,0.1433,0.1433,1.92,6,high,house,hip,False,20,9,0,1
1873,20.4167,9.25,0.909,0.1433,0.1433,1.92,6,high,house,hip,False,20,9,2,1
1874,20.0833,9.4167,0.949,0.1433,0.1433,1.6,5,high,house,gable,False,20,9,0,2
1875,20.25,9.4167,0.934,0.1433,0.1433,1.6,5,high,house,gable,False,20,9,1,2
1876,20.4167,9.4167,0.919,0.1433,0.1433,1.6,5,high,house,gable,False,20,9,2,2
1877,20.9167,9.4167,0.874,0.1433,0.1433,1.92,6,high,house,gable,False,20,9,5,2
1878,20.0833,9.5833,0.96,0.1433,0.1433,1.92,6,high,house,gable,False,20,9,0,3
1879,20.4167,9.5833,0.929,0.1433,0.1433,1.6,5,high,house,hip,False,20,9,2,3
1880,20.75,9.5833,0.898,0.1433,0.1433,1.92,6,high,house,gable,False,20,9,4,3
1881,20.9167,9.5833,0.883,0.1433,0.1433,1.6,5,high,house,gable,False,20,9,5,3
1882,20.0833,9.75,0.97,0.1433,0.1433,1.6,5,high,house,gable,False,20,9,0,4
1883,20.5833,9.75,0.923,0.1433,0.1433,1.6,5,high,house,gable,False,20,9,3,4
1884,20.9167,9.75,0.892,0.1433,0.1433,1.6,5,high,house,gable,False,20,9,5,4
1885,20.0833,9.9167,0.98,0.1433,0.1433,0.96,3,high,house,hip,False,20,9,0,5
1886,20.25,9.9167,0.964,0.1433,0.1433,1.6,5,high,house,gable,False,20,9,1,5
1887,20.4167,9.9167,0.948,0.1433,0.1433,1.92,6,high,house,hip,False,20,9,2,5
1888,20.5833,9.9167,0.932,0.1433,0.1433,1.28,4,high,house,gable,False,20,9,3,5
1889,21.0833,9.0833,0.841,0.1433,0.1433,1.28,4,high,house,gable,False,21,9,0,0
1890,21.25,9.0833,0.828,0.1433,0.1433,0.96,3,high,house,hip,False,21,9,1,0
1891,21.4167,9.0833,0.814,0.1433,0.1433,1.28,4,high,house,hip,False,21,9,2,0
1892,21.5833,9.0833,0.801,0.1433,0.1433,0.96,3,high,house,gable,False,21,9,3,0
1893,21.75,9.0833,0.788,0.1433,0.1433,1.6,5,high,house,gable,False,21,9,4,0
1894,21.9167,9.0833,0.775,0.1433,0.1433,1.6,5,high,house,gable,False,21,9,5,0
1895,21.0833,9.25,0.851,0.1433,0.1433,1.92,6,high,house,gable,False,21,9,0,1
1896,21.75,9.25,0.796,0.1433,0.1433,1.6,5,high,house,gable,False,21,9,4,1
1897,21.9167,9.25,0.783,0.1433,0.1433,1.92,6,high,house,gable,False,21,9,5,1
1898,21.25,9.4167,0.845,0.1433,0.1433,0.96,3,high,house,gable,False,21,9,1,2
1899,21.5833,9.4167,0.817,0.1433,0.1433,2.24,7,high,house,gable,False,21,9,3,2
1900,21.0833,9.5833,0.869,0.1433,0.1433,0.96,3,high,house,hip,False,21,9,0,3
1901,21.25,9.5833,0.854,0.1433,0.1433,0.96,3,high,house,gable,False,21,9,1,3
1902,21.5833,9.5833,0.825,0.1433,0.1433,1.28,4,high,house,gable,False,21,9,3,3
1903,21.75,9.5833,0.812,0.1433,0.1433,1.92,6,high,house,gable,False,21,9,4,3
1904,21.9167,9.5833,0.798,0.1433,0.1433,1.28,4,high,house,gable,False,21,9,5,3
1905,21.0833,9.75,0.877,0.1433,0.1433,1.92,6,high,house,gable,False,21,9,0,4
1906,21.25,9.75,0.862,0.1433,0.1433,0.96,3,high,house,gable,False,21,9,1,4
1907,21.75,9.75,0.819,0.1433,0.1433,1.92,6,high,house,gable,False,21,9,4,4
1908,21.9167,9.75,0.805,0.1433,0.1433,0.96,3,high,house,gable,False,21,9,5,4
1909,21.0833,9.9167,0.886,0.1433,0.1433,1.92,6,high,house,gable,False,21,9,0,5
1910,21.25,9.9167,0.871,0.1433,0.1433,1.92,6,high,house,gable,False,21,9,1,5
1911,21.4167,9.9167,0.856,0.1433,0.1433,1.92,6,high,house,gable,False,21,9,2,5
1912,21.5833,9.9167,0.841,0.1433,0.1433,1.28,4,high,house,gable,False,21,9,3,5
1913,21.75,9.9167,0.827,0.1433,0.1433,1.28,4,high,house,hip,False,21,9,4,5
1914,22.0833,9.0833,0.762,0.1433,0.1433,0.96,3,high,house,gable,False,22,9,0,0
1915,22.25,9.0833,0.75,0.1433,0.1433,1.28,4,high,house,gable,False,22,9,1,0
1916,22.4167,9.0833,0.738,0.1433,0.1433,1.92,6,high,house,gable,False,22,9,2,0
1917,22.0833,9.25,0.77,0.1433,0.1433,1.28,4,high,house,gable,False,22,9,0,1
1918,22.5833,9.25,0.733,0.1433,0.1433,1.6,5,high,house,hip,False,22,9,3,1
1919,22.0833,9.4167,0.777,0.1433,0.1433,1.6,5,high,house,gable,False,22,9,0,2
1920,22.5833,9.4167,0.739,0.1433,0.1433,1.92,6,high,house,hip,False,22,9,3,2
1921,22.0833,9.5833,0.784,0.1433,0.1433,1.6,5,high,house,gable,False,22,9,0,3
1922,22.4167,9.5833,0.758,0.1433,0.1433,1.92,6,high,house,gable,False,22,9,2,3
1923,22.5833,9.5833,0.746,0.1433,0.1433,1.28,4,high,house,gable,False,22,9,3,3
1924,22.0833,9.75,0.792,0.1433,0.1433,0.96,3,high,house,gable,False,22,9,0,4
1925,22.25,9.75,0.778,0.1433,0.1433,1.6,5,high,house,gable,False,22,9,1,4
1926,22.5833,9.75,0.752,0.1433,0.1433,1.92,6,high,house,gable,False,22,9,3,4
1927,22.0833,9.9167,0.799,0.1433,0.1433,1.28,4,high,house,gable,False,22,9,0,5
1928,22.25,9.9167,0.785,0.1433,0.1433,1.6,5,high,house,gable,False,22,9,1,5
1929,22.4167,9.9167,0.771,0.1433,0.1433,1.28,4,high,house,hip,False,22,9,2,5
1930,22.5833,9.9167,0.758,0.1433,0.1433,1.92,6,high,house,hip,False,22,9,3,5
1931,22.9167,9.9167,0.733,0.1433,0.1433,1.6,5,high,house,gable,False,22,9,5,5
1932,23.0833,9.0833,0.692,0.1433,0.1433,1.92,6,high,house,gable,False,23,9,0,0
1933,23.25,9.0833,0.681,0.1433,0.1433,1.6,5,high,house,gable,False,23,9,1,0
1934,23.4167,9.0833,0.671,0.1433,0.1433,0.96,3,high,house,gable,False,23,9,2,0
1935,23.5833,9.0833,0.661,0.1433,0.1433,1.92,6,high,house,gable,False,23,9,3,0
1936,23.9167,9.0833,0.641,0.1433,0.1433,1.28,4,high,house,gable,False,23,9,5,0
1937,23.0833,9.25,0.698,0.1433,0.1433,1.92,6,high,house,hip,False,23,9,0,1
1938,23.25,9.25,0.687,0.1433,0.1433,1.28,4,high,house,hip,False,23,9,1,1
1939,23.4167,9.25,0.676,0.1433,0.1433,1.28,4,high,house,hip,False,23,9,2,1
1940,23.5833,9.25,0.666,0.1433,0.1433,1.28,4,high,house,gable,False,23,9,3,1
1941,23.75,9.25,0.655,0.1433,0.1433,1.92,6,high,house,hip,False,23,9,4,1
1942,23.9167,9.25,0.645,0.1433,0.1433,1.28,4,high,house,gable,False,23,9,5,1
1943,23.0833,9.4167,0.704,0.1433,0.1433,1.6,5,high,house,gable,False,23,9,0,2
1944,23.9167,9.4167,0.65,0.1433,0.1433,1.6,5,high,house,hip,False,23,9,5,2
1945,23.0833,9.5833,0.709,0.1433,0.1433,1.92,6,high,house,gable,False,23,9,0,3
1946,23.25,9.5833,0.698,0.1433,0.1433,1.28,4,high,house,gable,False,23,9,1,3
1947,23.4167,9.5833,0.687,0.1433,0.1433,1.28,4,high,house,hip,False,23,9,2,3
1948,23.5833,9.5833,0.675,0.1433,0.1433,1.92,6,high,house,gable,False,23,9,3,3
1949,23.75,9.5833,0.665,0.1433,0.1433,1.28,4,high,house,gable,False,23,9,4,3
1950,23.9167,9.5833,0.654,0.1433,0.1433,1.6,5,high,house,hip,False,23,9,5,3
1951,24.5833,9.0833,0.605,0.1433,0.1433,0.64,2,low,house,hip,False,24,9,3,0
1952,24.75,9.0833,0.596,0.1433,0.1433,0.32,1,low,house,hip,False,24,9,4,0
1953,24.75,9.25,0.599,0.1433,0.1433,0.96,3,low,house,gable,False,24,9,4,1
1954,24.0833,9.9167,0.652,0.1433,0.1433,0.64,2,low,house,gable,False,24,9,0,5
1955,26.4167,9.5833,0.526,0.1433,0.1433,0.96,3,low,house,hip,False,26,9,2,3
1956,26.5833,9.5833,0.519,0.1433,0.1433,0.64,2,low,house,hip,False,26,9,3,3
1957,26.4167,9.75,0.526,0.1433,0.1433,0.64,2,low,house,hip,False,26,9,2,4
1958,27.0833,9.5833,0.498,0.1433,0.1433,0.32,1,low,house,gable,False,27,9,0,3
1959,27.25,9.5833,0.492,0.1433,0.1433,0.96,3,low,house,gable,False,27,9,1,3
1960,27.5833,9.5833,0.479,0.1433,0.1433,0.32,1,low,house,gable,False,27,9,3,3
1961,27.25,9.75,0.492,0.1433,0.1433,0.32,1,low,house,gable,False,27,9,1,4
1962,27.4167,9.75,0.485,0.1433,0.1433,0.96,3,low,house,gable,False,27,9,2,4
1963,27.5833,9.75,0.478,0.1433,0.1433,0.64,2,low,house,gable,False,27,9,3,4
1964,27.0833,9.9167,0.498,0.1433,0.1433,0.32,1,low,house,gable,False,27,9,0,5
1965,27.25,9.9167,0.491,0.1433,0.1433,0.96,3,low,house,gable,False,27,9,1,5
1966,28.25,9.75,0.453,0.1433,0.1433,0.32,1,low,house,gable,False,28,9,1,4
1967,28.4167,9.75,0.446,0.1433,0.1433,0.96,3,low,house,gable,False,28,9,2,4
1968,28.25,9.9167,0.451,0.1433,0.1433,0.64,2,low,house,gable,False,28,9,1,5
1969,28.4167,9.9167,0.445,0.1433,0.1433,0.64,2,low,house,gable,False,28,9,2,5
1970,28.5833,9.9167,0.438,0.1433,0.1433,0.96,3,low,house,hip,False,28,9,3,5
1971,2.25,10.0833,0.548,0.1433,0.1433,0.64,2,low,house,gable,False,2,10,1,0
1972,2.4167,10.0833,0.573,0.1433,0.1433,0.32,1,low,house,gable,False,2,10,2,0
1973,2.5833,10.0833,0.599,0.1433,0.1433,0.32,1,low,house,gable,False,2,10,3,0
1974,2.0833,10.25,0.522,0.1433,0.1433,0.32,1,low,house,gable,False,2,10,0,1
1975,2.25,10.25,0.548,0.1433,0.1433,0.32,1,low,house,hip,False,2,10,1,1
1976,2.4167,10.25,0.574,0.1433,0.1433,0.64,2,low,house,gable,False,2,10,2,1
1977,2.5833,10.25,0.6,0.1433,0.1433,0.32,1,low,house,gable,False,2,10,3,1
1978,2.4167,10.4167,0.574,0.1433,0.1433,0.96,3,low,house,hip,False,2,10,2,2
1979,2.4167,10.5833,0.575,0.1433,0.1433,0.32,1,low,house,gable,False,2,10,2,3
1980,2.25,10.75,0.549,0.1433,0.1433,0.32,1,low,house,hip,False,2,10,1,4
1981,2.4167,10.75,0.575,0.1433,0.1433,0.96,3,low,house,gable,False,2,10,2,4
1982,2.5833,10.75,0.602,0.1433,0.1433,0.64,2,low,house,gable,False,2,10,3,4
1983,2.25,10.9167,0.549,0.1433,0.1433,0.96,3,low,house,gable,False,2,10,1,5
1984,2.4167,10.9167,0.576,0.1433,0.1433,0.96,3,low,house,hip,False,2,10,2,5
1985,2.5833,10.9167,0.603,0.1433,0.1433,0.64,2,low,house,gable,False,2,10,3,5
1986,3.0833,10.0833,0.677,0.1433,0.1433,0.96,3,medium,house,gable,False,3,10,0,0
1987,3.25,10.0833,0.703,0.1433,0.1433,1.28,4,medium,house,gable,False,3,10,1,0
1988,3.4167,10.0833,0.729,0.1433,0.1433,0.96,3,medium,house,hip,False,3,10,2,0
1989,3.5833,10.0833,0.755,0.1433,0.1433,1.28,4,medium,house,gable,False,3,10,3,0
1990,3.75,10.0833,0.78,0.1433,0.1433,0.96,3,medium,house,gable,False,3,10,4,0
1991,3.25,10.25,0.704,0.1433,0.1433,0.96,3,medium,house,gable,False,3,10,1,1
1992,3.5833,10.25,0.757,0.1433,0.1433,0.96,3,medium,house,gable,False,3,10,3,1
1993,3.0833,10.4167,0.68,0.1433,0.1433,0.96,3,medium,house,hip,False,3,10,0,2
1994,3.4167,10.4167,0.732,0.1433,0.1433,0.96,3,medium,house,gable,False,3,10,2,2
1995,3.0833,10.5833,0.681,0.1433,0.1433,0.96,3,medium,house,hip,False,3,10,0,3
1996,3.25,10.75,0.709,0.1433,0.1433,0.64,2,medium,house,gable,False,3,10,1,4
1997,3.4167,10.75,0.735,0.1433,0.1433,0.64,2,medium,house,gable,False,3,10,2,4
1998,3.5833,10.75,0.762,0.1433,0.1433,0.64,2,medium,house,hip,False,3,10,3,4
1999,3.75,10.75,0.789,0.1433,0.1433,1.28,4,medium,house,gable,False,3,10,4,4
2000,3.9167,10.75,0.815,0.1433,0.1433,1.28,4,medium,house,gable,False,3,10,5,4
2001,3.0833,10.9167,0.683,0.1433,0.1433,1.28,4,medium,house,gable,False,3,10,0,5
2002,3.4167,10.9167,0.737,0.1433,0.1433,1.28,4,medium,house,hip,False,3,10,2,5
2003,3.5833,10.9167,0.764,0.1433,0.1433,0.96,3,medium,house,gable,False,3,10,3,5
2004,3.75,10.9167,0.791,0.1433,0.1433,0.64,2,medium,house,gable,False,3,10,4,5
2005,3.9167,10.9167,0.817,0.1433,0.1433,0.96,3,medium,house,gable,False,3,10,5,5
2006,4.0833,10.25,0.834,0.1433,0.1433,1.28,4,medium,house,hip,False,4,10,0,1
2007,4.25,10.25,0.86,0.1433,0.1433,1.28,4,medium,house,gable,False,4,10,1,1
2008,4.0833,10.4167,0.837,0.1433,0.1433,0.64,2,medium,house,gable,False,4,10,0,2
2009,4.0833,10.5833,0.839,0.1433,0.1433,1.28,4,medium,house,gable,False,4,10,0,3
2010,4.25,10.5833,0.865,0.1433,0.1433,1.28,4,medium,house,gable,False,4,10,1,3
2011,4.4167,10.5833,0.891,0.1433,0.1433,0.96,3,medium,house,hip,False,4,10,2,3
2012,4.25,10.75,0.868,0.1433,0.1433,1.28,4,medium,house,gable,False,4,10,1,4
2013,4.5833,10.75,0.919,0.1433,0.1433,0.96,3,medium,house,gable,False,4,10,3,4
2014,4.9167,10.75,0.971,0.1433,0.1433,1.28,4,medium,house,gable,False,4,10,5,4
2015,4.5833,10.9167,0.922,0.1433,0.1433,1.28,4,medium,house,gable,False,4,10,3,5
2016,4.75,10.9167,0.948,0.1433,0.1433,1.28,4,medium,house,gable,False,4,10,4,5
2017,4.9167,10.9167,0.974,0.1433,0.1433,0.64,2,medium,house,gable,False,4,10,5,5
2018,5.25,10.0833,1.004,0.1433,0.1433,1.28,4,medium,house,gable,False,5,10,1,0
2019,5.4167,10.0833,1.028,0.1433,0.1433,1.28,4,medium,house,hip,False,5,10,2,0
2020,5.75,10.0833,1.075,0.1433,0.1433,0.64,2,medium,house,gable,False,5,10,4,0
2021,5.0833,10.25,0.984,0.1433,0.1433,0.64,2,medium,house,gable,False,5,10,0,1
2022,5.25,10.25,1.009,0.1433,0.1433,1.28,4,medium,house,gable,False,5,10,1,1
2023,5.4167,10.25,1.033,0.1433,0.1433,0.64,2,medium,house,gable,False,5,10,2,1
2024,5.75,10.25,1.079,0.1433,0.1433,0.96,3,medium,house,hip,False,5,10,4,1
2025,5.9167,10.25,1.102,0.1433,0.1433,1.28,4,medium,house,gable,False,5,10,5,1
2026,5.0833,10.4167,0.988,0.1433,0.1433,0.64,2,medium,house,gable,False,5,10,0,2
2027,5.4167,10.4167,1.037,0.1433,0.1433,1.28,4,medium,house,gable,False,5,10,2,2
2028,5.5833,10.4167,1.061,0.1433,0.1433,0.64,2,medium,house,gable,False,5,10,3,2
2029,5.75,10.4167,1.084,0.1433,0.1433,0.96,3,medium,house,gable,False,5,10,4,2
2030,5.9167,10.4167,1.107,0.1433,0.1433,0.96,3,medium,house,hip,False,5,10,5,2
2031,5.0833,10.5833,0.992,0.1433,0.1433,0.96,3,medium,house,gable,False,5,10,0,3
2032,5.25,10.5833,1.017,0.1433,0.1433,0.96,3,medium,house,gable,False,5,10,1,3
2033,5.4167,10.5833,1.041,0.1433,0.1433,1.28,4,medium,house,gable,False,5,10,2,3
2034,5.75,10.75,1.093,0.1433,0.1433,1.28,4,medium,house,gable,False,5,10,4,4
2035,5.9167,10.75,1.117,0.1433,0.1433,0.64,2,medium,house,hip,False,5,10,5,4
2036,5.9167,10.9167,1.122,0.1433,0.1433,1.28,4,medium,house,hip,False,5,10,5,5
2037,6.4167,10.0833,1.163,0.1433,0.1433,1.6,5,high,house,gable,False,6,10,2,0
2038,6.5833,10.0833,1.184,0.1433,0.1433,0.96,3,high,house,gable,False,6,10,3,0
2039,6.75,10.0833,1.205,0.1433,0.1433,0.96,3,high,house,gable,False,6,10,4,0
2040,6.9167,10.0833,1.225,0.1433,0.1433,1.6,5,high,house,hip,False,6,10,5,0
2041,6.4167,10.25,1.169,0.1433,0.1433,1.6,5,high,house,gable,False,6,10,2,1
2042,6.9167,10.25,1.232,0.1433,0.1433,0.96,3,high,house,hip,False,6,10,5,1
2043,6.0833,10.4167,1.13,0.1433,0.1433,0.96,3,high,house,gable,False,6,10,0,2
2044,6.4167,10.4167,1.175,0.1433,0.1433,1.6,5,high,house,gable,False,6,10,2,2
2045,6.5833,10.4167,1.196,0.1433,0.1433,1.6,5,high,house,gable,False,6,10,3,2
2046,6.75,10.4167,1.217,0.1433,0.1433,1.6,5,high,house,gable,False,6,10,4,2
2047,6.9167,10.4167,1.238,0.1433,0.1433,0.96,3,high,house,hip,False,6,10,5,2
2048,6.0833,10.5833,1.135,0.1433,0.1433,1.28,4,high,house,gable,False,6,10,0,3
2049,6.25,10.5833,1.158,0.1433,0.1433,1.92,6,high,house,gable,False,6,10,1,3
2050,6.9167,10.5833,1.244,0.1433,0.1433,1.6,5,high,house,gable,False,6,10,5,3
2051,6.0833,10.75,1.14,0.1433,0.1433,1.92,6,high,house,gable,False,6,10,0,4
2052,6.4167,10.75,1.186,0.1433,0.1433,1.28,4,high,house,hip,False,6,10,2,4
2053,6.5833,10.75,1.208,0.1433,0.1433,0.96,3,high,house,gable,False,6,10,3,4
2054,6.75,10.75,1.229,0.1433,0.1433,1.28,4,high,house,hip,False,6,10,4,4
2055,6.9167,10.75,1.25,0.1433,0.1433,1.28,4,high,house,hip,False,6,10,5,4
2056,6.0833,10.9167,1.145,0.1433,0.1433,1.6,5,high,house,gable,False,6,10,0,5
2057,6.25,10.9167,1.168,0.1433,0.1433,1.92,6,high,house,gable,False,6,10,1,5
2058,6.5833,10.9167,1.213,0.1433,0.1433,1.92,6,high,house,hip,False,6,10,3,5
2059,6.75,10.9167,1.235,0.1433,0.1433,1.92,6,high,house,hip,False,6,10,4,5
2060,6.9167,10.9167,1.256,0.1433,0.1433,1.28,4,high,house,gable,False,6,10,5,5
2061,7.0833,10.0833,1.245,0.1433,0.1433,0.96,3,high,house,gable,False,7,10,0,0
2062,7.25,10.0833,1.264,0.1433,0.1433,0.96,3,high,house,hip,False,7,10,1,0
2063,7.5833,10.0833,1.301,0.1433,0.1433,0.96,3,high,house,hip,False,7,10,3,0
2064,7.75,10.0833,1.318,0.1433,0.1433,0.96,3,high,house,hip,False,7,10,4,0
2065,7.9167,10.0833,1.336,0.1433,0.1433,0.96,3,high,house,gable,False,7,10,5,0
2066,7.0833,10.25,1.252,0.1433,0.1433,0.96,3,high,house,gable,False,7,10,0,1
2067,7.25,10.25,1.271,0.1433,0.1433,1.28,4,high,house,gable,False,7,10,1,1
2068,7.4167,10.25,1.29,0.1433,0.1433,1.28,4,high,house,gable,False,7,10,2,1
2069,7.5833,10.25,1.308,0.1433,0.1433,0.96,3,high,house,gable,False,7,10,3,1
2070,7.9167,10.25,1.344,0.1433,0.1433,1.92,6,high,house,gable,False,7,10,5,1
2071,7.0833,10.4167,1.258,0.1433,0.1433,1.6,5,high,house,gable,False,7,10,0,2
2072,7.4167,10.4167,1.297,0.1433,0.1433,2.24,7,high,house,gable,False,7,10,2,2
2073,7.75,10.4167,1.334,0.1433,0.1433,1.28,4,high,house,gable,False,7,10,4,2
2074,7.9167,10.4167,1.351,0.1433,0.1433,0.96,3,high,house,hip,False,7,10,5,2
2075,7.25,10.5833,1.285,0.1433,0.1433,1.6,5,high,house,hip,False,7,10,1,3
2076,7.4167,10.5833,1.304,0.1433,0.1433,1.28,4,high,house,gable,False,7,10,2,3
2077,7.5833,10.5833,1.323,0.1433,0.1433,1.28,4,high,house,gable,False,7,10,3,3
2078,7.75,10.5833,1.341,0.1433,0.1433,1.6,5,high,house,gable,False,7,10,4,3
2079,7.0833,10.75,1.271,0.1433,0.1433,1.6,5,high,house,gable,False,7,10,0,4
2080,7.25,10.75,1.291,0.1433,0.1433,0.96,3,high,house,gable,False,7,10,1,4
2081,7.75,10.75,1.349,0.1433,0.1433,1.28,4,high,house,gable,False,7,10,4,4
2082,7.9167,10.75,1.367,0.1433,0.1433,1.6,5,high,house,gable,False,7,10,5,4
2083,7.25,10.9167,1.298,0.1433,0.1433,1.92,6,high,house,gable,False,7,10,1,5
2084,7.4167,10.9167,1.317,0.1433,0.1433,1.6,5,high,house,gable,False,7,10,2,5
2085,7.5833,10.9167,1.337,0.1433,0.1433,1.6,5,high,house,gable,False,7,10,3,5
2086,7.75,10.9167,1.356,0.1433,0.1433,1.92,6,high,house,gable,False,7,10,4,5
2087,8.0833,10.0833,1.352,0.1433,0.1433,0.96,3,high,house,gable,False,8,10,0,0
2088,8.25,10.0833,1.368,0.1433,0.1433,1.6,5,high,house,gable,False,8,10,1,0
2089,8.5833,10.0833,1.398,0.1433,0.1433,1.92,6,high,house,gable,False,8,10,3,0
2090,8.9167,10.0833,1.426,0.1433,0.1433,0.96,3,high,house,hip,False,8,10,5,0
2091,8.25,10.25,1.377,0.1433,0.1433,1.92,6,high,house,gable,False,8,10,1,1
2092,8.4167,10.25,1.392,0.1433,0.1433,1.6,5,high,house,gable,False,8,10,2,1
2093,8.5833,10.25,1.407,0.1433,0.1433,1.28,4,high,house,gable,False,8,10,3,1
2094,8.0833,10.4167,1.368,0.1433,0.1433,0.96,3,high,house,gable,False,8,10,0,2
2095,8.25,10.4167,1.385,0.1433,0.1433,1.28,4,high,house,gable,False,8,10,1,2
2096,8.5833,10.4167,1.416,0.1433,0.1433,2.24,7,high,house,gable,False,8,10,3,2
2097,8.0833,10.5833,1.376,0.1433,0.1433,1.92,6,high,house,hip,False,8,10,0,3
2098,8.4167,10.5833,1.409,0.1433,0.1433,1.28,4,high,house,gable,False,8,10,2,3
2099,8.5833,10.5833,1.424,0.1433,0.1433,1.6,5,high,house,hip,False,8,10,3,3
2100,8.0833,10.75,1.384,0.1433,0.1433,0.96,3,high,house,gable,False,8,10,0,4
2101,8.25,10.75,1.401,0.1433,0.1433,1.92,6,high,house,gable,False,8,10,1,4
2102,8.5833,10.75,1.433,0.1433,0.1433,1.92,6,high,house,gable,False,8,10,3,4
2103,8.0833,10.9167,1.391,0.1433,0.1433,1.6,5,high,house,gable,False,8,10,0,5
2104,8.25,10.9167,1.408,0.1433,0.1433,0.96,3,high,house,hip,False,8,10,1,5
2105,8.4167,10.9167,1.425,0.1433,0.1433,1.28,4,high,house,gable,False,8,10,2,5
2106,8.5833,10.9167,1.441,0.1433,0.1433,0.96,3,high,house,hip,False,8,10,3,5
2107,10.75,10.0833,1.529,0.1433,0.1433,1.92,6,high,house,hip,False,10,10,4,0
2108,10.9167,10.0833,1.535,0.1433,0.1433,1.6,5,high,house,gable,False,10,10,5,0
2109,10.0833,10.25,1.512,0.1433,0.1433,1.28,4,high,house,gable,False,10,10,0,1
2110,10.4167,10.25,1.528,0.1433,0.1433,1.6,5,high,house,hip,False,10,10,2,1
2111,10.5833,10.25,1.535,0.1433,0.1433,0.96,3,high,house,gable,False,10,10,3,1
2112,10.9167,10.25,1.546,0.1433,0.1433,0.96,3,high,house,gable,False,10,10,5,1
2113,10.0833,10.4167,1.523,0.1433,0.1433,1.28,4,high,house,gable,False,10,10,0,2
2114,10.25,10.4167,1.531,0.1433,0.1433,0.96,3,high,house,gable,False,10,10,1,2
2115,10.5833,10.4167,1.546,0.1433,0.1433,1.28,4,high,house,gable,False,10,10,3,2
2116,10.9167,10.4167,1.558,0.1433,0.1433,1.92,6,high,house,gable,False,10,10,5,2
2117,10.0833,10.5833,1.533,0.1433,0.1433,1.6,5,high,house,gable,False,10,10,0,3
2118,10.25,10.5833,1.542,0.1433,0.1433,1.92,6,high,house,gable,False,10,10,1,3
2119,10.5833,10.5833,1.557,0.1433,0.1433,2.24,7,high,house,gable,False,10,10,3,3
2120,10.75,10.5833,1.563,0.1433,0.1433,1.6,5,high,house,gable,False,10,10,4,3
2121,10.9167,10.5833,1.569,0.1433,0.1433,1.28,4,high,house,gable,False,10,10,5,3
2122,10.0833,10.75,1.543,0.1433,0.1433,1.6,5,high,house,gable,False,10,10,0,4
2123,10.25,10.75,1.552,0.1433,0.1433,1.28,4,high,house,gable,False,10,10,1,4
2124,10.9167,10.75,1.58,0.1433,0.1433,1.28,4,high,house,hip,False,10,10,5,4
2125,10.0833,10.9167,1.553,0.1433,0.1433,1.28,4,high,house,gable,False,10,10,0,5
2126,10.4167,10.9167,1.57,0.1433,0.1433,0.96,3,high,house,hip,False,10,10,2,5
2127,10.5833,10.9167,1.578,0.1433,0.1433,1.28,4,high,house,hip,False,10,10,3,5
2128,10.75,10.9167,1.584,0.1433,0.1433,1.6,5,high,house,gable,False,10,10,4,5
2129,10.9167,10.9167,1.59,0.1433,0.1433,1.6,5,high,house,gable,False,10,10,5,5
2130,11.25,10.0833,1.543,0.1433,0.1433,0.64,2,medium,house,gable,False,11,10,1,0
2131,11.4167,10.0833,1.546,0.1433,0.1433,1.28,4,medium,house,hip,False,11,10,2,0
2132,11.5833,10.0833,1.549,0.1433,0.1433,0.64,2,medium,house,hip,False,11,10,3,0
2133,11.75,10.0833,1.55,0.1433,0.1433,1.28,4,medium,house,gable,False,11,10,4,0
2134,11.25,10.25,1.555,0.1433,0.1433,0.64,2,medium,house,hip,False,11,10,1,1
2135,11.4167,10.25,1.558,0.1433,0.1433,0.96,3,medium,house,gable,False,11,10,2,1
2136,11.5833,10.25,1.561,0.1433,0.1433,1.28,4,medium,house,gable,False,11,10,3,1
2137,11.4167,10.4167,1.57,0.1433,0.1433,0.64,2,medium,house,gable,False,11,10,2,2
2138,11.25,10.5833,1.578,0.1433,0.1433,1.28,4,medium,house,gable,False,11,10,1,3
2139,11.5833,10.5833,1.585,0.1433,0.1433,0.64,2,medium,house,gable,False,11,10,3,3
2140,11.75,10.5833,1.587,0.1433,0.1433,0.64,2,medium,house,gable,False,11,10,4,3
2141,11.9167,10.5833,1.588,0.1433,0.1433,0.96,3,medium,house,gable,False,11,10,5,3
2142,11.0833,10.75,1.585,0.1433,0.1433,1.28,4,medium,house,gable,False,11,10,0,4
2143,11.4167,10.75,1.593,0.1433,0.1433,1.28,4,medium,house,hip,False,11,10,2,4
2144,11.75,10.75,1.598,0.1433,0.1433,0.96,3,medium,house,gable,False,11,10,4,4
2145,11.25,10.9167,1.6,0.1433,0.1433,0.96,3,medium,house,gable,False,11,10,1,5
2146,11.5833,10.9167,1.607,0.1433,0.1433,0.64,2,medium,house,gable,False,11,10,3,5
2147,12.0833,10.0833,1.552,0.1433,0.1433,1.92,6,high,house,gable,False,12,10,0,0
2148,12.25,10.0833,1.551,0.1433,0.1433,1.28,4,high,house,hip,False,12,10,1,0
2149,12.5833,10.0833,1.548,0.1433,0.1433,1.28,4,high,house,hip,False,12,10,3,0
2150,12.75,10.0833,1.546,0.1433,0.1433,1.6,5,high,house,gable,False,12,10,4,0
2151,12.9167,10.0833,1.543,0.1433,0.1433,0.96,3,high,house,hip,False,12,10,5,0
2152,12.0833,10.25,1.564,0.1433,0.1433,1.6,5,high,house,gable,False,12,10,0,1
2153,12.25,10.25,1.564,0.1433,0.1433,1.6,5,high,house,hip,False,12,10,1,1
2154,12.5833,10.25,1.561,0.1433,0.1433,0.96,3,high,house,gable,False,12,10,3,1
2155,12.75,10.25,1.559,0.1433,0.1433,1.6,5,high,house,hip,False,12,10,4,1
2156,12.0833,10.4167,1.577,0.1433,0.1433,0.96,3,high,house,gable,False,12,10,0,2
2157,12.25,10.4167,1.577,0.1433,0.1433,1.92,6,high,house,gable,False,12,10,1,2
2158,12.5833,10.4167,1.574,0.1433,0.1433,1.92,6,high,house,gable,False,12,10,3,2
2159,12.9167,10.4167,1.569,0.1433,0.1433,1.6,5,high,house,hip,False,12,10,5,2
2160,12.0833,10.5833,1.589,0.1433,0.1433,1.6,5,high,house,gable,False,12,10,0,3
2161,12.4167,10.5833,1.588,0.1433,0.1433,1.28,4,high,house,gable,False,12,10,2,3
2162,12.5833,10.5833,1.587,0.1433,0.1433,1.28,4,high,house,gable,False,12,10,3,3
2163,12.9167,10.5833,1.581,0.1433,0.1433,0.96,3,high,house,gable,False,12,10,5,3
2164,12.0833,10.75,1.601,0.1433,0.1433,1.6,5,high,house,gable,False,12,10,0,4
2165,12.25,10.75,1.601,0.1433,0.1433,0.96,3,high,house,gable,False,12,10,1,4
2166,12.5833,10.75,1.599,0.1433,0.1433,1.92,6,high,house,hip,False,12,10,3,4
2167,12.9167,10.75,1.594,0.1433,0.1433,0.96,3,high,house,gable,False,12,10,5,4
2168,12.0833,10.9167,1.612,0.1433,0.1433,1.6,5,high,house,gable,False,12,10,0,5
2169,12.4167,10.9167,1.611,0.1433,0.1433,1.28,4,high,house,gable,False,12,10,2,5
2170,12.5833,10.9167,1.61,0.1433,0.1433,1.92,6,high,house,gable,False,12,10,3,5
2171,12.75,10.9167,1.608,0.1433,0.1433,1.92,6,high,house,hip,False,12,10,4,5
2172,12.9167,10.9167,1.605,0.1433,0.1433,1.92,6,high,house,hip,False,12,10,5,5
2173,13.25,10.0833,1.535,0.1433,0.1433,1.28,4,high,house,gable,False,13,10,1,0
2174,13.4167,10.0833,1.529,0.1433,0.1433,0.96,3,high,house,hip,False,13,10,2,0
2175,13.5833,10.0833,1.524,0.1433,0.1433,1.92,6,high,house,hip,False,13,10,3,0
2176,13.75,10.0833,1.517,0.1433,0.1433,1.28,4,high,house,gable,False,13,10,4,0
2177,13.9167,10.0833,1.51,0.1433,0.1433,1.92,6,high,house,hip,False,13,10,5,0
2178,13.0833,10.25,1.552,0.1433,0.1433,1.92,6,high,house,gable,False,13,10,0,1
2179,13.5833,10.25,1.537,0.1433,0.1433,1.92,6,high,house,gable,False,13,10,3,1
2180,13.75,10.25,1.531,0.1433,0.1433,1.6,5,high,house,gable,False,13,10,4,1
2181,13.0833,10.4167,1.565,0.1433,0.1433,1.28,4,high,house,gable,False,13,10,0,2
2182,13.25,10.4167,1.561,0.1433,0.1433,1.6,5,high,house,gable,False,13,10,1,2
2183,13.4167,10.4167,1.556,0.1433,0.1433,1.92,6,high,house,hip,False,13,10,2,2
2184,13.75,10.4167,1.544,0.1433,0.1433,1.28,4,high,house,gable,False,13,10,4,2
2185,13.9167,10.4167,1.537,0.1433,0.1433,1.6,5,high,house,gable,False,13,10,5,2
2186,13.0833,10.5833,1.578,0.1433,0.1433,1.28,4,high,house,gable,False,13,10,0,3
2187,13.25,10.5833,1.574,0.1433,0.1433,0.96,3,high,house,gable,False,13,10,1,3
2188,13.4167,10.5833,1.569,0.1433,0.1433,2.24,7,high,house,gable,False,13,10,2,3
2189,13.5833,10.5833,1.563,0.1433,0.1433,2.24,7,high,house,gable,False,13,10,3,3
2190,13.9167,10.5833,1.55,0.1433,0.1433,0.96,3,high,house,gable,False,13,10,5,3
2191,13.75,10.75,1.569,0.1433,0.1433,1.28,4,high,house,hip,False,13,10,4,4
2192,13.0833,10.9167,1.602,0.1433,0.1433,1.6,5,high,house,gable,False,13,10,0,5
2193,13.25,10.9167,1.598,0.1433,0.1433,0.96,3,high,house,gable,False,13,10,1,5
2194,13.4167,10.9167,1.593,0.1433,0.1433,1.92,6,high,house,gable,False,13,10,2,5
2195,13.5833,10.9167,1.588,0.1433,0.1433,1.28,4,high,house,hip,False,13,10,3,5
2196,13.75,10.9167,1.581,0.1433,0.1433,1.28,4,high,house,gable,False,13,10,4,5
2197,13.9167,10.9167,1.575,0.1433,0.1433,0.96,3,high,house,hip,False,13,10,5,5
2198,14.0833,10.0833,1.503,0.1433,0.1433,1.6,5,high,house,gable,False,14,10,0,0
2199,14.25,10.0833,1.495,0.1433,0.1433,1.28,4,high,house,gable,False,14,10,1,0
2200,14.4167,10.0833,1.486,0.1433,0.1433,1.6,5,high,house,hip,False,14,10,2,0
2201,14.5833,10.0833,1.477,0.1433,0.1433,0.96,3,high,house,gable,False,14,10,3,0
2202,14.0833,10.25,1.517,0.1433,0.1433,1.6,5,high,house,gable,False,14,10,0,1
2203,14.4167,10.25,1.5,0.1433,0.1433,1.28,4,high,house,gable,False,14,10,2,1
2204,14.25,10.4167,1.522,0.1433,0.1433,1.28,4,high,house,hip,False,14,10,1,2
2205,14.75,10.4167,1.494,0.1433,0.1433,1.28,4,high,house,hip,False,14,10,4,2
2206,14.9167,10.4167,1.484,0.1433,0.1433,1.28,4,high,house,gable,False,14,10,5,2
2207,14.0833,10.5833,1.543,0.1433,0.1433,0.96,3,high,house,hip,False,14,10,0,3
2208,14.25,10.5833,1.535,0.1433,0.1433,0.96,3,high,house,hip,False,14,10,1,3
2209,14.4167,10.5833,1.526,0.1433,0.1433,2.24,7,high,house,hip,False,14,10,2,3
2210,14.5833,10.5833,1.517,0.1433,0.1433,1.92,6,high,house,gable,False,14,10,3,3
2211,14.75,10.5833,1.507,0.1433,0.1433,1.6,5,high,house,gable,False,14,10,4,3
2212,14.0833,10.75,1.555,0.1433,0.1433,0.96,3,high,house,gable,False,14,10,0,4
2213,14.4167,10.75,1.538,0.1433,0.1433,1.28,4,high,house,gable,False,14,10,2,4
2214,14.9167,10.75,1.509,0.1433,0.1433,0.96,3,high,house,hip,False,14,10,5,4
2215,14.0833,10.9167,1.567,0.1433,0.1433,0.96,3,high,house,gable,False,14,10,0,5
2216,14.25,10.9167,1.559,0.1433,0.1433,1.6,5,high,house,gable,False,14,10,1,5
2217,14.4167,10.9167,1.551,0.1433,0.1433,1.28,4,high,house,gable,False,14,10,2,5
2218,14.5833,10.9167,1.541,0.1433,0.1433,1.92,6,high,house,hip,False,14,10,3,5
2219,14.75,10.9167,1.532,0.1433,0.1433,1.28,4,high,house,hip,False,14,10,4,5
2220,14.9167,10.9167,1.521,0.1433,0.1433,1.92,6,high,house,gable,False,14,10,5,5
2221,15.25,10.0833,1.435,0.1433,0.1433,1.28,4,high,house,gable,False,15,10,1,0
2222,15.4167,10.0833,1.423,0.1433,0.1433,1.28,4,high,house,hip,False,15,10,2,0
2223,15.75,10.0833,1.398,0.1433,0.1433,0.96,3,high,house,gable,False,15,10,4,0
2224,15.9167,10.0833,1.385,0.1433,0.1433,0.96,3,high,house,hip,False,15,10,5,0
2225,15.0833,10.25,1.46,0.1433,0.1433,0.96,3,high,house,gable,False,15,10,0,1
2226,15.25,10.25,1.448,0.1433,0.1433,1.6,5,high,house,gable,False,15,10,1,1
2227,15.5833,10.25,1.424,0.1433,0.1433,1.6,5,high,house,gable,False,15,10,3,1
2228,15.9167,10.25,1.399,0.1433,0.1433,1.6,5,high,house,gable,False,15,10,5,1
2229,15.0833,10.4167,1.473,0.1433,0.1433,1.6,5,high,house,gable,False,15,10,0,2
2230,15.25,10.4167,1.462,0.1433,0.1433,1.92,6,high,house,gable,False,15,10,1,2
2231,15.4167,10.4167,1.45,0.1433,0.1433,1.6,5,high,house,hip,False,15,10,2,2
2232,15.5833,10.4167,1.438,0.1433,0.1433,1.28,4,high,house,hip,False,15,10,3,2
2233,15.9167,10.4167,1.412,0.1433,0.1433,0.96,3,high,house,gable,False,15,10,5,2
2234,15.25,10.5833,1.474,0.1433,0.1433,1.28,4,high,house,hip,False,15,10,1,3
2235,15.5833,10.5833,1.45,0.1433,0.1433,1.6,5,high,house,hip,False,15,10,3,3
2236,15.0833,10.75,1.498,0.1433,0.1433,1.28,4,high,house,gable,False,15,10,0,4
2237,15.25,10.75,1.487,0.1433,0.1433,0.96,3,high,house,gable,False,15,10,1,4
2238,15.5833,10.75,1.463,0.1433,0.1433,1.28,4,high,house,gable,False,15,10,3,4
2239,15.25,10.9167,1.499,0.1433,0.1433,0.96,3,high,house,hip,False,15,10,1,5
2240,15.4167,10.9167,1.487,0.1433,0.1433,1.6,5,high,house,gable,False,15,10,2,5
2241,15.5833,10.9167,1.475,0.1433,0.1433,1.6,5,high,house,gable,False,15,10,3,5
2242,16.0833,10.0833,1.372,0.1433,0.1433,0.96,3,high,house,hip,False,16,10,0,0
2243,16.25,10.0833,1.358,0.1433,0.1433,1.6,5,high,house,gable,False,16,10,1,0
2244,16.4167,10.0833,1.344,0.1433,0.1433,1.6,5,high,house,gable,False,16,10,2,0
2245,16.5833,10.0833,1.33,0.1433,0.1433,1.28,4,high,house,hip,False,16,10,3,0
2246,16.75,10.0833,1.315,0.1433,0.1433,1.6,5,high,house,gable,False,16,10,4,0
2247,16.9167,10.0833,1.3,0.1433,0.1433,1.28,4,high,house,hip,False,16,10,5,0
2248,16.25,10.25,1.372,0.1433,0.1433,0.96,3,high,house,gable,False,16,10,1,1
2249,16.9167,10.25,1.313,0.1433,0.1433,1.6,5,high,house,gable,False,16,10,5,1
2250,16.0833,10.4167,1.398,0.1433,0.1433,0.96,3,high,house,gable,False,16,10,0,2
2251,16.25,10.4167,1.384,0.1433,0.1433,1.92,6,high,house,hip,False,16,10,1,2
2252,16.5833,10.4167,1.355,0.1433,0.1433,1.6,5,high,house,gable,False,16,10,3,2
2253,16.75,10.4167,1.341,0.1433,0.1433,0.96,3,high,house,gable,False,16,10,4,2
2254,16.9167,10.4167,1.325,0.1433,0.1433,1.6,5,high,house,gable,False,16,10,5,2
2255,16.0833,10.5833,1.411,0.1433,0.1433,1.92,6,high,house,gable,False,16,10,0,3
2256,16.25,10.5833,1.397,0.1433,0.1433,1.6,5,high,house,hip,False,16,10,1,3
2257,16.4167,10.5833,1.382,0.1433,0.1433,1.6,5,high,house,gable,False,16,10,2,3
2258,16.75,10.5833,1.353,0.1433,0.1433,0.96,3,high,house,gable,False,16,10,4,3
2259,16.9167,10.5833,1.337,0.1433,0.1433,1.92,6,high,house,gable,False,16,10,5,3
2260,16.4167,10.9167,1.406,0.1433,0.1433,1.6,5,high,house,gable,False,16,10,2,5
2261,17.0833,10.0833,1.285,0.1433,0.1433,1.92,6,high,house,gable,False,17,10,0,0
2262,17.25,10.0833,1.269,0.1433,0.1433,1.6,5,high,house,gable,False,17,10,1,0
2263,17.4167,10.0833,1.254,0.1433,0.1433,1.28,4,high,house,gable,False,17,10,2,0
2264,17.75,10.0833,1.222,0.1433,0.1433,1.28,4,high,house,hip,False,17,10,4,0
2265,17.9167,10.0833,1.205,0.1433,0.1433,0.96,3,high,house,gable,False,17,10,5,0
2266,17.0833,10.25,1.298,0.1433,0.1433,1.28,4,high,house,gable,False,17,10,0,1
2267,17.4167,10.25,1.266,0.1433,0.1433,1.92,6,high,house,hip,False,17,10,2,1
2268,17.5833,10.25,1.25,0.1433,0.1433,1.6,5,high,house,gable,False,17,10,3,1
2269,17.75,10.25,1.234,0.1433,0.1433,1.28,4,high,house,gable,False,17,10,4,1
2270,17.9167,10.25,1.217,0.1433,0.1433,1.28,4,high,house,gable,False,17,10,5,1
2271,17.0833,10.4167,1.31,0.1433,0.1433,0.96,3,high,house,hip,False,17,10,0,2
2272,17.4167,10.4167,1.278,0.1433,0.1433,2.24,7,high,house,gable,False,17,10,2,2
2273,17.75,10.4167,1.246,0.1433,0.1433,1.92,6,high,house,gable,False,17,10,4,2
2274,17.9167,10.4167,1.229,0.1433,0.1433,1.28,4,high,house,hip,False,17,10,5,2
2275,17.0833,10.5833,1.322,0.1433,0.1433,1.92,6,high,house,gable,False,17,10,0,3
2276,17.25,10.5833,1.306,0.1433,0.1433,0.96,3,high,house,hip,False,17,10,1,3
2277,17.4167,10.5833,1.29,0.1433,0.1433,2.24,7,high,house,gable,False,17,10,2,3
2278,17.5833,10.5833,1.274,0.1433,0.1433,1.6,5,high,house,gable,False,17,10,3,3
2279,17.75,10.5833,1.257,0.1433,0.1433,0.96,3,high,house,gable,False,17,10,4,3
2280,17.9167,10.75,1.251,0.1433,0.1433,0.96,3,high,house,gable,False,17,10,5,4
2281,17.0833,10.9167,1.345,0.1433,0.1433,1.6,5,high,house,gable,False,17,10,0,5
2282,17.5833,10.9167,1.296,0.1433,0.1433,0.96,3,high,house,gable,False,17,10,3,5
2283,17.75,10.9167,1.279,0.1433,0.1433,1.6,5,high,house,gable,False,17,10,4,5
2284,17.9167,10.9167,1.262,0.1433,0.1433,0.96,3,high,house,gable,False,17,10,5,5
2285,18.0833,10.0833,1.189,0.1433,0.1433,1.92,6,high,house,gable,False,18,10,0,0
2286,18.25,10.0833,1.173,0.1433,0.1433,1.6,5,high,house,hip,False,18,10,1,0
2287,18.4167,10.0833,1.156,0.1433,0.1433,1.6,5,high,house,gable,False,18,10,2,0
2288,18.5833,10.0833,1.139,0.1433,0.1433,0.96,3,high,house,gable,False,18,10,3,0
2289,18.75,10.0833,1.123,0.1433,0.1433,1.92,6,high,house,gable,False,18,10,4,0
2290,18.9167,10.0833,1.106,0.1433,0.1433,1.6,5,high,house,gable,False,18,10,5,0
2291,18.0833,10.25,1.201,0.1433,0.1433,1.92,6,high,house,gable,False,18,10,0,1
2292,18.4167,10.25,1.167,0.1433,0.1433,1.28,4,high,house,gable,False,18,10,2,1
2293,18.75,10.25,1.134,0.1433,0.1433,0.96,3,high,house,gable,False,18,10,4,1
2294,18.9167,10.25,1.117,0.1433,0.1433,1.28,4,high,house,gable,False,18,10,5,1
2295,18.25,10.4167,1.196,0.1433,0.1433,1.28,4,high,house,gable,False,18,10,1,2
2296,18.4167,10.4167,1.179,0.1433,0.1433,2.24,7,high,house,gable,False,18,10,2,2
2297,18.75,10.4167,1.145,0.1433,0.1433,1.28,4,high,house,hip,False,18,10,4,2
2298,18.0833,10.5833,1.223,0.1433,0.1433,0.96,3,high,house,gable,False,18,10,0,3
2299,18.75,10.5833,1.155,0.1433,0.1433,0.96,3,high,house,gable,False,18,10,4,3
2300,18.0833,10.75,1.234,0.1433,0.1433,0.96,3,high,house,gable,False,18,10,0,4
2301,18.25,10.75,1.217,0.1433,0.1433,1.6,5,high,house,gable,False,18,10,1,4
2302,18.4167,10.75,1.2,0.1433,0.1433,0.96,3,high,house,gable,False,18,10,2,4
2303,18.5833,10.75,1.183,0.1433,0.1433,1.92,6,high,house,gable,False,18,10,3,4
2304,18.9167,10.75,1.148,0.1433,0.1433,0.96,3,high,house,gable,False,18,10,5,4
2305,18.0833,10.9167,1.245,0.1433,0.1433,0.96,3,high,house,gable,False,18,10,0,5
2306,18.25,10.9167,1.227,0.1433,0.1433,1.6,5,high,house,gable,False,18,10,1,5
2307,18.4167,10.9167,1.21,0.1433,0.1433,1.92,6,high,house,hip,False,18,10,2,5
2308,18.5833,10.9167,1.193,0.1433,0.1433,1.6,5,high,house,gable,False,18,10,3,5
2309,18.75,10.9167,1.175,0.1433,0.1433,0.96,3,high,house,gable,False,18,10,4,5
2310,18.9167,10.9167,1.157,0.1433,0.1433,1.92,6,high,house,hip,False,18,10,5,5
2311,20.0833,10.0833,0.99,0.1433,0.1433,1.28,4,high,house,gable,False,20,10,0,0
2312,20.4167,10.0833,0.957,0.1433,0.1433,1.28,4,high,house,gable,False,20,10,2,0
2313,20.5833,10.0833,0.941,0.1433,0.1433,1.6,5,high,house,gable,False,20,10,3,0
2314,20.75,10.0833,0.925,0.1433,0.1433,0.96,3,high,house,gable,False,20,10,4,0
2315,20.9167,10.0833,0.91,0.1433,0.1433,1.6,5,high,house,gable,False,20,10,5,0
2316,20.4167,10.25,0.966,0.1433,0.1433,0.96,3,high,house,gable,False,20,10,2,1
2317,20.5833,10.25,0.95,0.1433,0.1433,1.92,6,high,house,gable,False,20,10,3,1
2318,20.75,10.25,0.934,0.1433,0.1433,0.96,3,high,house,gable,False,20,10,4,1
2319,20.9167,10.25,0.918,0.1433,0.1433,1.6,5,high,house,hip,False,20,10,5,1
2320,20.9167,10.4167,0.926,0.1433,0.1433,1.28,4,high,house,gable,False,20,10,5,2
2321,20.0833,10.5833,1.017,0.1433,0.1433,1.6,5,high,house,gable,False,20,10,0,3
2322,20.25,10.5833,1.0,0.1433,0.1433,1.92,6,high,house,gable,False,20,10,1,3
2323,20.4167,10.5833,0.983,0.1433,0.1433,1.28,4,high,house,gable,False,20,10,2,3
2324,20.5833,10.5833,0.967,0.1433,0.1433,1.28,4,high,house,hip,False,20,10,3,3
2325,20.75,10.5833,0.95,0.1433,0.1433,1.6,5,high,house,gable,False,20,10,4,3
2326,20.0833,10.75,1.026,0.1433,0.1433,1.6,5,high,house,gable,False,20,10,0,4
2327,20.25,10.75,1.009,0.1433,0.1433,0.96,3,high,house,gable,False,20,10,1,4
2328,20.75,10.75,0.958,0.1433,0.1433,1.28,4,high,house,gable,False,20,10,4,4
2329,20.9167,10.75,0.942,0.1433,0.1433,1.92,6,high,house,gable,False,20,10,5,4
2330,20.5833,10.9167,0.983,0.1433,0.1433,1.92,6,high,house,gable,False,20,10,3,5
2331,20.75,10.9167,0.966,0.1433,0.1433,0.96,3,high,house,hip,False,20,10,4,5
2332,20.9167,10.9167,0.949,0.1433,0.1433,0.96,3,high,house,gable,False,20,10,5,5
2333,21.0833,10.0833,0.894,0.1433,0.1433,1.6,5,high,house,gable,False,21,10,0,0
2334,21.25,10.0833,0.879,0.1433,0.1433,0.96,3,high,house,gable,False,21,10,1,0
2335,21.5833,10.0833,0.849,0.1433,0.1433,1.6,5,high,house,gable,False,21,10,3,0
2336,21.0833,10.25,0.902,0.1433,0.1433,1.28,4,high,house,gable,False,21,10,0,1
2337,21.4167,10.25,0.871,0.1433,0.1433,1.92,6,high,house,hip,False,21,10,2,1
2338,21.25,10.4167,0.894,0.1433,0.1433,1.6,5,high,house,gable,False,21,10,1,2
2339,21.9167,10.4167,0.833,0.1433,0.1433,1.28,4,high,house,gable,False,21,10,5,2
2340,21.0833,10.5833,0.918,0.1433,0.1433,1.6,5,high,house,hip,False,21,10,0,3
2341,21.25,10.5833,0.902,0.1433,0.1433,1.6,5,high,house,gable,False,21,10,1,3
2342,21.5833,10.5833,0.87,0.1433,0.1433,1.28,4,high,house,gable,False,21,10,3,3
2343,21.75,10.5833,0.855,0.1433,0.1433,1.92,6,high,house,gable,False,21,10,4,3
2344,21.9167,10.5833,0.84,0.1433,0.1433,1.6,5,high,house,gable,False,21,10,5,3
2345,21.25,10.75,0.909,0.1433,0.1433,1.28,4,high,house,gable,False,21,10,1,4
2346,21.5833,10.75,0.877,0.1433,0.1433,1.92,6,high,house,hip,False,21,10,3,4
2347,21.9167,10.75,0.846,0.1433,0.1433,1.28,4,high,house,gable,False,21,10,5,4
2348,21.0833,10.9167,0.932,0.1433,0.1433,1.6,5,high,house,gable,False,21,10,0,5
2349,21.25,10.9167,0.916,0.1433,0.1433,1.28,4,high,house,hip,False,21,10,1,5
2350,21.4167,10.9167,0.9,0.1433,0.1433,1.28,4,high,house,gable,False,21,10,2,5
2351,21.5833,10.9167,0.884,0.1433,0.1433,0.96,3,high,house,gable,False,21,10,3,5
2352,21.75,10.9167,0.868,0.1433,0.1433,1.6,5,high,house,gable,False,21,10,4,5
2353,21.9167,10.9167,0.852,0.1433,0.1433,0.96,3,high,house,gable,False,21,10,5,5
2354,22.0833,10.0833,0.805,0.1433,0.1433,1.6,5,high,house,hip,False,22,10,0,0
2355,22.25,10.0833,0.791,0.1433,0.1433,1.92,6,high,house,hip,False,22,10,1,0
2356,22.4167,10.0833,0.778,0.1433,0.1433,1.6,5,high,house,hip,False,22,10,2,0
2357,22.5833,10.0833,0.764,0.1433,0.1433,1.92,6,high,house,hip,False,22,10,3,0
2358,22.0833,10.25,0.812,0.1433,0.1433,1.28,4,high,house,gable,False,22,10,0,1
2359,22.25,10.25,0.798,0.1433,0.1433,1.92,6,high,house,hip,False,22,10,1,1
2360,22.5833,10.25,0.77,0.1433,0.1433,0.96,3,high,house,hip,False,22,10,3,1
2361,22.25,10.4167,0.804,0.1433,0.1433,1.6,5,high,house,gable,False,22,10,1,2
2362,22.5833,10.4167,0.776,0.1433,0.1433,1.6,5,high,house,hip,False,22,10,3,2
2363,22.0833,10.5833,0.825,0.1433,0.1433,1.28,4,high,house,gable,False,22,10,0,3
2364,22.25,10.5833,0.81,0.1433,0.1433,1.92,6,high,house,gable,False,22,10,1,3
2365,22.5833,10.5833,0.782,0.1433,0.1433,1.6,5,high,house,gable,False,22,10,3,3
2366,22.0833,10.75,0.831,0.1433,0.1433,1.6,5,high,house,gable,False,22,10,0,4
2367,22.5833,10.75,0.787,0.1433,0.1433,0.96,3,high,house,gable,False,22,10,3,4
2368,22.0833,10.9167,0.837,0.1433,0.1433,1.6,5,high,house,hip,False,22,10,0,5
2369,22.4167,10.9167,0.807,0.1433,0.1433,1.28,4,high,house,gable,False,22,10,2,5
2370,22.5833,10.9167,0.792,0.1433,0.1433,0.96,3,high,house,hip,False,22,10,3,5
2371,23.75,10.0833,0.678,0.1433,0.1433,0.64,2,medium,house,gable,False,23,10,4,0
2372,23.9167,10.0833,0.667,0.1433,0.1433,1.28,4,medium,house,hip,False,23,10,5,0
2373,23.25,10.25,0.718,0.1433,0.1433,1.28,4,medium,house,hip,False,23,10,1,1
2374,23.4167,10.25,0.706,0.1433,0.1433,1.28,4,medium,house,gable,False,23,10,2,1
2375,23.75,10.25,0.682,0.1433,0.1433,1.28,4,medium,house,hip,False,23,10,4,1
2376,23.9167,10.25,0.671,0.1433,0.1433,0.64,2,medium,house,gable,False,23,10,5,1
2377,23.25,10.4167,0.723,0.1433,0.1433,0.64,2,medium,house,hip,False,23,10,1,2
2378,23.4167,10.4167,0.711,0.1433,0.1433,0.64,2,medium,house,hip,False,23,10,2,2
2379,23.75,10.4167,0.686,0.1433,0.1433,0.96,3,medium,house,gable,False,23,10,4,2
2380,23.0833,10.5833,0.741,0.1433,0.1433,1.28,4,medium,house,hip,False,23,10,0,3
2381,23.4167,10.5833,0.715,0.1433,0.1433,1.28,4,medium,house,hip,False,23,10,2,3
2382,23.0833,10.75,0.746,0.1433,0.1433,0.96,3,medium,house,gable,False,23,10,0,4
2383,23.0833,10.9167,0.75,0.1433,0.1433,0.96,3,medium,house,hip,False,23,10,0,5
2384,23.25,10.9167,0.737,0.1433,0.1433,1.28,4,medium,house,gable,False,23,10,1,5
2385,24.5833,10.25,0.627,0.1433,0.1433,0.96,3,medium,house,gable,False,24,10,3,1
2386,24.0833,10.4167,0.663,0.1433,0.1433,0.64,2,medium,house,hip,False,24,10,0,2
2387,24.25,10.4167,0.652,0.1433,0.1433,0.64,2,medium,house,hip,False,24,10,1,2
2388,24.4167,10.4167,0.641,0.1433,0.1433,0.64,2,medium,house,gable,False,24,10,2,2
2389,24.75,10.4167,0.62,0.1433,0.1433,0.64,2,medium,house,hip,False,24,10,4,2
2390,24.0833,10.5833,0.667,0.1433,0.1433,0.96,3,medium,house,gable,False,24,10,0,3
2391,24.25,10.5833,0.655,0.1433,0.1433,0.64,2,medium,house,hip,False,24,10,1,3
2392,24.5833,10.5833,0.633,0.1433,0.1433,0.64,2,medium,house,gable,False,24,10,3,3
2393,24.75,10.5833,0.623,0.1433,0.1433,1.28,4,medium,house,gable,False,24,10,4,3
2394,24.9167,10.5833,0.612,0.1433,0.1433,0.64,2,medium,house,hip,False,24,10,5,3
2395,24.25,10.75,0.659,0.1433,0.1433,0.96,3,medium,house,hip,False,24,10,1,4
2396,24.5833,10.75,0.636,0.1433,0.1433,1.28,4,medium,house,gable,False,24,10,3,4
2397,24.9167,10.75,0.615,0.1433,0.1433,1.28,4,medium,house,gable,False,24,10,5,4
2398,24.0833,10.9167,0.673,0.1433,0.1433,0.96,3,medium,house,gable,False,24,10,0,5
2399,24.25,10.9167,0.662,0.1433,0.1433,0.64,2,medium,house,gable,False,24,10,1,5
2400,24.5833,10.9167,0.639,0.1433,0.1433,1.28,4,medium,house,hip,False,24,10,3,5
2401,24.75,10.9167,0.628,0.1433,0.1433,1.28,4,medium,house,gable,False,24,10,4,5
2402,24.9167,10.9167,0.617,0.1433,0.1433,0.64,2,medium,house,gable,False,24,10,5,5
2403,25.25,10.0833,0.586,0.1433,0.1433,0.64,2,medium,house,gable,False,25,10,1,0
2404,25.4167,10.0833,0.577,0.1433,0.1433,0.96,3,medium,house,gable,False,25,10,2,0
2405,25.5833,10.0833,0.568,0.1433,0.1433,0.64,2,medium,house,gable,False,25,10,3,0
2406,25.75,10.0833,0.56,0.1433,0.1433,0.64,2,medium,house,hip,False,25,10,4,0
2407,25.9167,10.0833,0.552,0.1433,0.1433,0.64,2,medium,house,gable,False,25,10,5,0
2408,25.0833,10.25,0.598,0.1433,0.1433,0.64,2,medium,house,gable,False,25,10,0,1
2409,25.25,10.25,0.588,0.1433,0.1433,0.64,2,medium,house,gable,False,25,10,1,1
2410,25.4167,10.25,0.579,0.1433,0.1433,0.64,2,medium,house,gable,False,25,10,2,1
2411,25.75,10.25,0.561,0.1433,0.1433,1.28,4,medium,house,hip,False,25,10,4,1
2412,25.0833,10.4167,0.6,0.1433,0.1433,0.96,3,medium,house,hip,False,25,10,0,2
2413,25.4167,10.4167,0.581,0.1433,0.1433,1.28,4,medium,house,gable,False,25,10,2,2
2414,25.75,10.4167,0.563,0.1433,0.1433,0.96,3,medium,house,gable,False,25,10,4,2
2415,25.9167,10.4167,0.554,0.1433,0.1433,0.96,3,medium,house,gable,False,25,10,5,2
2416,25.25,10.5833,0.592,0.1433,0.1433,0.64,2,medium,house,gable,False,25,10,1,3
2417,25.4167,10.5833,0.583,0.1433,0.1433,0.96,3,medium,house,gable,False,25,10,2,3
2418,25.5833,10.5833,0.573,0.1433,0.1433,0.64,2,medium,house,gable,False,25,10,3,3
2419,25.75,10.5833,0.564,0.1433,0.1433,0.64,2,medium,house,gable,False,25,10,4,3
2420,25.9167,10.5833,0.555,0.1433,0.1433,0.64,2,medium,house,gable,False,25,10,5,3
2421,25.25,10.9167,0.596,0.1433,0.1433,0.64,2,medium,house,gable,False,25,10,1,5
2422,26.0833,10.0833,0.543,0.1433,0.1433,0.96,3,medium,house,gable,False,26,10,0,0
2423,26.25,10.0833,0.535,0.1433,0.1433,0.96,3,medium,house,hip,False,26,10,1,0
2424,26.4167,10.0833,0.528,0.1433,0.1433,0.64,2,medium,house,gable,False,26,10,2,0
2425,26.5833,10.0833,0.52,0.1433,0.1433,1.28,4,medium,house,gable,False,26,10,3,0
2426,26.0833,10.25,0.545,0.1433,0.1433,0.64,2,medium,house,gable,False,26,10,0,1
2427,26.25,10.25,0.536,0.1433,0.1433,1.28,4,medium,house,hip,False,26,10,1,1
2428,26.4167,10.25,0.528,0.1433,0.1433,0.96,3,medium,house,gable,False,26,10,2,1
2429,26.5833,10.25,0.521,0.1433,0.1433,0.96,3,medium,house,gable,False,26,10,3,1
2430,26.25,10.5833,0.538,0.1433,0.1433,0.64,2,medium,house,gable,False,26,10,1,3
2431,26.5833,10.5833,0.521,0.1433,0.1433,0.64,2,medium,house,gable,False,26,10,3,3
2432,26.0833,10.75,0.548,0.1433,0.1433,0.64,2,medium,house,hip,False,26,10,0,4
2433,26.25,10.75,0.539,0.1433,0.1433,0.64,2,medium,house,hip,False,26,10,1,4
2434,26.4167,10.75,0.53,0.1433,0.1433,0.96,3,medium,house,hip,False,26,10,2,4
2435,26.5833,10.75,0.522,0.1433,0.1433,0.96,3,medium,house,gable,False,26,10,3,4
2436,26.0833,10.9167,0.549,0.1433,0.1433,0.64,2,medium,house,gable,False,26,10,0,5
2437,26.4167,10.9167,0.531,0.1433,0.1433,0.64,2,medium,house,gable,False,26,10,2,5
2438,26.5833,10.9167,0.522,0.1433,0.1433,0.96,3,medium,house,gable,False,26,10,3,5
2439,26.75,10.9167,0.514,0.1433,0.1433,1.28,4,medium,house,gable,False,26,10,4,5
2440,27.4167,10.25,0.483,0.1433,0.1433,0.96,3,low,house,gable,False,27,10,2,1
2441,2.0833,11.0833,0.522,0.1433,0.1433,1.28,4,medium,house,gable,False,2,11,0,0
2442,2.75,11.0833,0.63,0.1433,0.1433,1.28,4,medium,house,hip,False,2,11,4,0
2443,2.9167,11.0833,0.657,0.1433,0.1433,0.96,3,medium,house,gable,False,2,11,5,0
2444,2.75,11.25,0.631,0.1433,0.1433,0.96,3,medium,house,gable,False,2,11,4,1
2445,2.5833,11.4167,0.604,0.1433,0.1433,1.28,4,medium,house,gable,False,2,11,3,2
2446,2.75,11.4167,0.632,0.1433,0.1433,0.96,3,medium,house,gable,False,2,11,4,2
2447,2.0833,11.5833,0.523,0.1433,0.1433,1.28,4,medium,house,gable,False,2,11,0,3
2448,2.25,11.5833,0.55,0.1433,0.1433,1.28,4,medium,house,gable,False,2,11,1,3
2449,2.5833,11.5833,0.605,0.1433,0.1433,1.28,4,medium,house,gable,False,2,11,3,3
2450,2.9167,11.5833,0.66,0.1433,0.1433,0.96,3,medium,house,gable,False,2,11,5,3
2451,2.0833,11.75,0.523,0.1433,0.1433,0.96,3,medium,house,hip,False,2,11,0,4
2452,2.5833,11.75,0.606,0.1433,0.1433,1.28,4,medium,house,gable,False,2,11,3,4
2453,2.9167,11.75,0.661,0.1433,0.1433,0.64,2,medium,house,gable,False,2,11,5,4
2454,2.0833,11.9167,0.523,0.1433,0.1433,0.64,2,medium,house,hip,False,2,11,0,5
2455,2.25,11.9167,0.551,0.1433,0.1433,1.28,4,medium,house,gable,False,2,11,1,5
2456,2.5833,11.9167,0.606,0.1433,0.1433,0.96,3,medium,house,gable,False,2,11,3,5
2457,2.75,11.9167,0.634,0.1433,0.1433,0.64,2,medium,house,gable,False,2,11,4,5
2458,2.9167,11.9167,0.662,0.1433,0.1433,1.28,4,medium,house,gable,False,2,11,5,5
2459,3.25,11.0833,0.711,0.1433,0.1433,1.28,4,medium,house,hip,False,3,11,1,0
2460,3.5833,11.0833,0.765,0.1433,0.1433,1.28,4,medium,house,gable,False,3,11,3,0
2461,3.75,11.0833,0.792,0.1433,0.1433,1.28,4,medium,house,hip,False,3,11,4,0
2462,3.9167,11.0833,0.819,0.1433,0.1433,0.64,2,medium,house,gable,False,3,11,5,0
2463,3.0833,11.25,0.685,0.1433,0.1433,0.96,3,medium,house,gable,False,3,11,0,1
2464,3.25,11.25,0.713,0.1433,0.1433,0.96,3,medium,house,gable,False,3,11,1,1
2465,3.5833,11.25,0.767,0.1433,0.1433,0.64,2,medium,house,gable,False,3,11,3,1
2466,3.75,11.25,0.794,0.1433,0.1433,0.64,2,medium,house,gable,False,3,11,4,1
2467,3.9167,11.25,0.821,0.1433,0.1433,0.96,3,medium,house,gable,False,3,11,5,1
2468,3.0833,11.4167,0.687,0.1433,0.1433,0.64,2,medium,house,gable,False,3,11,0,2
2469,3.25,11.4167,0.714,0.1433,0.1433,0.96,3,medium,house,gable,False,3,11,1,2
2470,3.4167,11.4167,0.741,0.1433,0.1433,1.28,4,medium,house,hip,False,3,11,2,2
2471,3.5833,11.4167,0.769,0.1433,0.1433,0.96,3,medium,house,gable,False,3,11,3,2
2472,3.25,11.5833,0.715,0.1433,0.1433,1.28,4,medium,house,gable,False,3,11,1,3
2473,3.0833,11.75,0.689,0.1433,0.1433,0.96,3,medium,house,hip,False,3,11,0,4
2474,3.0833,11.9167,0.69,0.1433,0.1433,1.28,4,medium,house,gable,False,3,11,0,5
2475,3.25,11.9167,0.717,0.1433,0.1433,1.28,4,medium,house,gable,False,3,11,1,5
2476,4.25,11.0833,0.873,0.1433,0.1433,0.64,2,medium,house,gable,False,4,11,1,0
2477,4.5833,11.0833,0.925,0.1433,0.1433,0.96,3,medium,house,hip,False,4,11,3,0
2478,4.75,11.0833,0.951,0.1433,0.1433,0.96,3,medium,house,gable,False,4,11,4,0
2479,4.9167,11.0833,0.977,0.1433,0.1433,1.28,4,medium,house,gable,False,4,11,5,0
2480,4.0833,11.25,0.848,0.1433,0.1433,0.64,2,medium,house,gable,False,4,11,0,1
2481,4.4167,11.25,0.902,0.1433,0.1433,1.28,4,medium,house,gable,False,4,11,2,1
2482,4.5833,11.25,0.928,0.1433,0.1433,1.28,4,medium,house,gable,False,4,11,3,1
2483,4.9167,11.25,0.98,0.1433,0.1433,1.28,4,medium,house,gable,False,4,11,5,1
2484,4.0833,11.4167,0.85,0.1433,0.1433,1.28,4,medium,house,gable,False,4,11,0,2
2485,4.25,11.4167,0.877,0.1433,0.1433,0.64,2,medium,house,gable,False,4,11,1,2
2486,4.75,11.4167,0.957,0.1433,0.1433,0.64,2,medium,house,gable,False,4,11,4,2
2487,4.5833,11.5833,0.933,0.1433,0.1433,0.64,2,medium,house,gable,False,4,11,3,3
2488,4.9167,11.5833,0.986,0.1433,0.1433,0.64,2,medium,house,gable,False,4,11,5,3
2489,4.4167,11.75,0.909,0.1433,0.1433,0.64,2,medium,house,gable,False,4,11,2,4
2490,4.5833,11.75,0.936,0.1433,0.1433,0.96,3,medium,house,gable,False,4,11,3,4
2491,4.75,11.75,0.962,0.1433,0.1433,1.28,4,medium,house,gable,False,4,11,4,4
2492,4.0833,11.9167,0.856,0.1433,0.1433,1.28,4,medium,house,gable,False,4,11,0,5
2493,4.25,11.9167,0.884,0.1433,0.1433,1.28,4,medium,house,hip,False,4,11,1,5
2494,4.4167,11.9167,0.911,0.1433,0.1433,0.96,3,medium,house,hip,False,4,11,2,5
2495,4.5833,11.9167,0.938,0.1433,0.1433,0.64,2,medium,house,hip,False,4,11,3,5
2496,5.0833,11.0833,1.003,0.1433,0.1433,1.6,5,high,house,gable,False,5,11,0,0
2497,5.4167,11.0833,1.053,0.1433,0.1433,1.6,5,high,house,gable,False,5,11,2,0
2498,5.5833,11.0833,1.078,0.1433,0.1433,1.28,4,high,house,hip,False,5,11,3,0
2499,5.9167,11.0833,1.126,0.1433,0.1433,1.28,4,high,house,gable,False,5,11,5,0
2500,5.0833,11.25,1.006,0.1433,0.1433,1.92,6,high,house,hip,False,5,11,0,1
2501,5.25,11.25,1.031,0.1433,0.1433,1.28,4,high,house,gable,False,5,11,1,1
2502,5.4167,11.25,1.057,0.1433,0.1433,0.96,3,high,house,gable,False,5,11,2,1
2503,5.75,11.25,1.106,0.1433,0.1433,0.96,3,high,house,gable,False,5,11,4,1
2504,5.9167,11.25,1.13,0.1433,0.1433,0.96,3,high,house,gable,False,5,11,5,1
2505,5.4167,11.4167,1.06,0.1433,0.1433,1.6,5,high,house,hip,False,5,11,2,2
2506,5.75,11.4167,1.11,0.1433,0.1433,1.6,5,high,house,gable,False,5,11,4,2
2507,5.9167,11.4167,1.135,0.1433,0.1433,1.92,6,high,house,gable,False,5,11,5,2
2508,5.25,11.5833,1.038,0.1433,0.1433,1.92,6,high,house,gable,False,5,11,1,3
2509,5.5833,11.5833,1.089,0.1433,0.1433,2.24,7,high,house,gable,False,5,11,3,3
2510,5.0833,11.75,1.015,0.1433,0.1433,1.28,4,high,house,gable,False,5,11,0,4
2511,5.25,11.75,1.041,0.1433,0.1433,0.96,3,high,house,gable,False,5,11,1,4
2512,5.4167,11.75,1.067,0.1433,0.1433,1.6,5,high,house,gable,False,5,11,2,4
2513,5.75,11.75,1.118,0.1433,0.1433,1.92,6,high,house,gable,False,5,11,4,4
2514,5.9167,11.75,1.142,0.1433,0.1433,1.6,5,high,house,gable,False,5,11,5,4
2515,5.0833,11.9167,1.018,0.1433,0.1433,1.92,6,high,house,gable,False,5,11,0,5
2516,5.25,11.9167,1.044,0.1433,0.1433,1.28,4,high,house,gable,False,5,11,1,5
2517,5.4167,11.9167,1.07,0.1433,0.1433,1.92,6,high,house,gable,False,5,11,2,5
2518,5.5833,11.9167,1.096,0.1433,0.1433,1.92,6,high,house,gable,False,5,11,3,5
2519,5.75,11.9167,1.121,0.1433,0.1433,1.6,5,high,house,hip,False,5,11,4,5
2520,5.9167,11.9167,1.146,0.1433,0.1433,1.6,5,high,house,gable,False,5,11,5,5
2521,6.0833,11.0833,1.15,0.1433,0.1433,0.96,3,high,house,hip,False,6,11,0,0
2522,6.25,11.0833,1.173,0.1433,0.1433,0.96,3,high,house,gable,False,6,11,1,0
2523,6.4167,11.0833,1.196,0.1433,0.1433,1.6,5,high,house,gable,False,6,11,2,0
2524,6.75,11.0833,1.241,0.1433,0.1433,1.92,6,high,house,gable,False,6,11,4,0
2525,6.9167,11.0833,1.262,0.1433,0.1433,1.92,6,high,house,hip,False,6,11,5,0
2526,6.0833,11.25,1.154,0.1433,0.1433,1.28,4,high,house,gable,False,6,11,0,1
2527,6.4167,11.25,1.201,0.1433,0.1433,1.28,4,high,house,hip,False,6,11,2,1
2528,6.75,11.25,1.246,0.1433,0.1433,0.96,3,high,house,gable,False,6,11,4,1
2529,6.9167,11.25,1.268,0.1433,0.1433,1.92,6,high,house,gable,False,6,11,5,1
2530,6.0833,11.4167,1.159,0.1433,0.1433,1.92,6,high,house,gable,False,6,11,0,2
2531,6.4167,11.4167,1.206,0.1433,0.1433,2.24,7,high,house,gable,False,6,11,2,2
2532,6.9167,11.4167,1.273,0.1433,0.1433,1.28,4,high,house,hip,False,6,11,5,2
2533,6.0833,11.5833,1.163,0.1433,0.1433,1.6,5,high,house,gable,False,6,11,0,3
2534,6.4167,11.5833,1.21,0.1433,0.1433,1.92,6,high,house,gable,False,6,11,2,3
2535,6.75,11.5833,1.256,0.1433,0.1433,1.92,6,high,house,gable,False,6,11,4,3
2536,6.9167,11.5833,1.278,0.1433,0.1433,0.96,3,high,house,gable,False,6,11,5,3
2537,6.0833,11.75,1.167,0.1433,0.1433,1.28,4,high,house,gable,False,6,11,0,4
2538,6.25,11.75,1.191,0.1433,0.1433,1.28,4,high,house,gable,False,6,11,1,4
2539,6.75,11.75,1.26,0.1433,0.1433,1.28,4,high,house,gable,False,6,11,4,4
2540,6.9167,11.75,1.283,0.1433,0.1433,0.96,3,high,house,gable,False,6,11,5,4
2541,6.0833,11.9167,1.171,0.1433,0.1433,1.92,6,high,house,gable,False,6,11,0,5
2542,6.25,11.9167,1.195,0.1433,0.1433,1.28,4,high,house,gable,False,6,11,1,5
2543,6.4167,11.9167,1.219,0.1433,0.1433,1.92,6,high,house,gable,False,6,11,2,5
2544,6.9167,11.9167,1.287,0.1433,0.1433,1.28,4,high,house,hip,False,6,11,5,5
2545,7.25,11.0833,1.304,0.1433,0.1433,1.28,4,high,house,gable,False,7,11,1,0
2546,7.75,11.0833,1.362,0.1433,0.1433,0.96,3,high,house,gable,False,7,11,4,0
2547,7.9167,11.0833,1.381,0.1433,0.1433,0.96,3,high,house,gable,False,7,11,5,0
2548,7.0833,11.25,1.289,0.1433,0.1433,1.6,5,high,house,gable,False,7,11,0,1
2549,7.25,11.25,1.31,0.1433,0.1433,0.96,3,high,house,hip,False,7,11,1,1
2550,7.5833,11.25,1.35,0.1433,0.1433,0.96,3,high,house,hip,False,7,11,3,1
2551,7.75,11.25,1.369,0.1433,0.1433,1.92,6,high,house,hip,False,7,11,4,1
2552,7.9167,11.25,1.387,0.1433,0.1433,1.92,6,high,house,gable,False,7,11,5,1
2553,7.25,11.4167,1.315,0.1433,0.1433,1.92,6,high,house,gable,False,7,11,1,2
2554,7.5833,11.4167,1.356,0.1433,0.1433,2.24,7,high,house,gable,False,7,11,3,2
2555,7.75,11.4167,1.375,0.1433,0.1433,1.92,6,high,house,gable,False,7,11,4,2
2556,7.0833,11.5833,1.3,0.1433,0.1433,1.92,6,high,house,gable,False,7,11,0,3
2557,7.25,11.5833,1.321,0.1433,0.1433,0.96,3,high,house,gable,False,7,11,1,3
2558,7.4167,11.5833,1.341,0.1433,0.1433,1.28,4,high,house,gable,False,7,11,2,3
2559,7.75,11.5833,1.381,0.1433,0.1433,1.6,5,high,house,hip,False,7,11,4,3
2560,7.9167,11.5833,1.4,0.1433,0.1433,1.6,5,high,house,gable,False,7,11,5,3
2561,7.0833,11.75,1.305,0.1433,0.1433,1.6,5,high,house,hip,False,7,11,0,4
2562,7.25,11.75,1.326,0.1433,0.1433,1.28,4,high,house,gable,False,7,11,1,4
2563,7.4167,11.75,1.347,0.1433,0.1433,0.96,3,high,house,gable,False,7,11,2,4
2564,7.75,11.75,1.387,0.1433,0.1433,1.92,6,high,house,gable,False,7,11,4,4
2565,7.0833,11.9167,1.309,0.1433,0.1433,1.28,4,high,house,gable,False,7,11,0,5
2566,7.5833,11.9167,1.372,0.1433,0.1433,1.6,5,high,house,gable,False,7,11,3,5
2567,7.75,11.9167,1.392,0.1433,0.1433,0.96,3,high,house,gable,False,7,11,4,5
2568,7.9167,11.9167,1.411,0.1433,0.1433,1.92,6,high,house,gable,False,7,11,5,5
2569,8.0833,11.0833,1.398,0.1433,0.1433,1.6,5,high,house,gable,False,8,11,0,0
2570,8.25,11.0833,1.416,0.1433,0.1433,1.28,4,high,house,gable,False,8,11,1,0
2571,8.4167,11.0833,1.432,0.1433,0.1433,0.96,3,high,house,gable,False,8,11,2,0
2572,8.75,11.0833,1.464,0.1433,0.1433,1.92,6,high,house,gable,False,8,11,4,0
2573,8.9167,11.0833,1.478,0.1433,0.1433,1.6,5,high,house,gable,False,8,11,5,0
2574,8.0833,11.25,1.405,0.1433,0.1433,1.28,4,high,house,gable,False,8,11,0,1
2575,8.4167,11.25,1.44,0.1433,0.1433,1.6,5,high,house,gable,False,8,11,2,1
2576,8.75,11.25,1.471,0.1433,0.1433,1.6,5,high,house,hip,False,8,11,4,1
2577,8.9167,11.25,1.486,0.1433,0.1433,1.6,5,high,house,hip,False,8,11,5,1
2578,8.0833,11.4167,1.412,0.1433,0.1433,1.92,6,high,house,hip,False,8,11,0,2
2579,8.4167,11.4167,1.447,0.1433,0.1433,2.24,7,high,house,gable,False,8,11,2,2
2580,8.75,11.4167,1.479,0.1433,0.1433,0.96,3,high,house,hip,False,8,11,4,2
2581,8.0833,11.5833,1.418,0.1433,0.1433,1.92,6,high,house,gable,False,8,11,0,3
2582,8.25,11.5833,1.436,0.1433,0.1433,1.92,6,high,house,gable,False,8,11,1,3
2583,8.4167,11.5833,1.453,0.1433,0.1433,1.6,5,high,house,gable,False,8,11,2,3
2584,8.75,11.5833,1.486,0.1433,0.1433,1.92,6,high,house,gable,False,8,11,4,3
2585,8.9167,11.5833,1.501,0.1433,0.1433,1.6,5,high,house,gable,False,8,11,5,3
2586,8.0833,11.75,1.424,0.1433,0.1433,1.28,4,high,house,gable,False,8,11,0,4
2587,8.4167,11.75,1.46,0.1433,0.1433,1.6,5,high,house,hip,False,8,11,2,4
2588,8.5833,11.75,1.476,0.1433,0.1433,1.92,6,high,house,gable,False,8,11,3,4
2589,8.9167,11.75,1.508,0.1433,0.1433,0.96,3,high,house,gable,False,8,11,5,4
2590,8.0833,11.9167,1.43,0.1433,0.1433,1.92,6,high,house,gable,False,8,11,0,5
2591,8.25,11.9167,1.448,0.1433,0.1433,0.96,3,high,house,gable,False,8,11,1,5
2592,8.4167,11.9167,1.466,0.1433,0.1433,1.92,6,high,house,gable,False,8,11,2,5
2593,9.0833,11.0833,1.492,0.1433,0.1433,0.96,3,high,house,gable,False,9,11,0,0
2594,9.25,11.0833,1.506,0.1433,0.1433,0.96,3,high,house,gable,False,9,11,1,0
2595,9.4167,11.0833,1.518,0.1433,0.1433,1.92,6,high,house,gable,False,9,11,2,0
2596,9.5833,11.0833,1.53,0.1433,0.1433,1.28,4,high,house,gable,False,9,11,3,0
2597,9.9167,11.0833,1.552,0.1433,0.1433,1.6,5,high,house,gable,False,9,11,5,0
2598,9.0833,11.25,1.5,0.1433,0.1433,1.92,6,high,house,gable,False,9,11,0,1
2599,9.5833,11.25,1.539,0.1433,0.1433,1.28,4,high,house,gable,False,9,11,3,1
2600,9.75,11.25,1.55,0.1433,0.1433,0.96,3,high,house,gable,False,9,11,4,1
2601,9.9167,11.25,1.561,0.1433,0.1433,1.28,4,high,house,hip,False,9,11,5,1
2602,9.25,11.4167,1.522,0.1433,0.1433,0.96,3,high,house,gable,False,9,11,1,2
2603,9.9167,11.4167,1.57,0.1433,0.1433,0.96,3,high,house,gable,False,9,11,5,2
2604,9.0833,11.5833,1.515,0.1433,0.1433,1.6,5,high,house,gable,False,9,11,0,3
2605,9.25,11.5833,1.529,0.1433,0.1433,0.96,3,high,house,gable,False,9,11,1,3
2606,9.5833,11.5833,1.555,0.1433,0.1433,2.24,7,high,house,hip,False,9,11,3,3
2607,9.75,11.5833,1.567,0.1433,0.1433,1.6,5,high,house,gable,False,9,11,4,3
2608,9.0833,11.75,1.522,0.1433,0.1433,0.96,3,high,house,gable,False,9,11,0,4
2609,9.4167,11.75,1.55,0.1433,0.1433,1.6,5,high,house,gable,False,9,11,2,4
2610,9.75,11.75,1.574,0.1433,0.1433,1.6,5,high,house,gable,False,9,11,4,4
2611,9.9167,11.75,1.585,0.1433,0.1433,1.6,5,high,house,gable,False,9,11,5,4
2612,9.0833,11.9167,1.529,0.1433,0.1433,0.96,3,high,house,gable,False,9,11,0,5
2613,9.25,11.9167,1.543,0.1433,0.1433,1.92,6,high,house,gable,False,9,11,1,5
2614,9.4167,11.9167,1.557,0.1433,0.1433,1.92,6,high,house,hip,False,9,11,2,5
2615,9.5833,11.9167,1.569,0.1433,0.1433,1.6,5,high,house,gable,False,9,11,3,5
2616,9.75,11.9167,1.581,0.1433,0.1433,1.28,4,high,house,gable,False,9,11,4,5
2617,9.9167,11.9167,1.593,0.1433,0.1433,1.28,4,high,house,gable,False,9,11,5,5
2618,10.0833,11.0833,1.562,0.1433,0.1433,0.96,3,medium,house,hip,False,10,11,0,0
2619,10.25,11.0833,1.571,0.1433,0.1433,1.28,4,medium,house,gable,False,10,11,1,0
2620,10.0833,11.25,1.571,0.1433,0.1433,0.64,2,medium,house,hip,False,10,11,0,1
2621,10.25,11.25,1.58,0.1433,0.1433,0.96,3,medium,house,gable,False,10,11,1,1
2622,10.4167,11.25,1.589,0.1433,0.1433,0.96,3,medium,house,gable,False,10,11,2,1
2623,10.75,11.25,1.604,0.1433,0.1433,0.96,3,medium,house,hip,False,10,11,4,1
2624,10.0833,11.4167,1.58,0.1433,0.1433,0.64,2,medium,house,gable,False,10,11,0,2
2625,10.25,11.4167,1.589,0.1433,0.1433,1.28,4,medium,house,hip,False,10,11,1,2
2626,10.5833,11.4167,1.606,0.1433,0.1433,1.28,4,medium,house,gable,False,10,11,3,2
2627,10.75,11.4167,1.613,0.1433,0.1433,0.96,3,medium,house,gable,False,10,11,4,2
2628,10.9167,11.4167,1.62,0.1433,0.1433,1.28,4,medium,house,gable,False,10,11,5,2
2629,10.0833,11.5833,1.588,0.1433,0.1433,0.96,3,medium,house,hip,False,10,11,0,3
2630,10.4167,11.5833,1.606,0.1433,0.1433,0.96,3,medium,house,hip,False,10,11,2,3
2631,10.9167,11.5833,1.628,0.1433,0.1433,0.64,2,medium,house,gable,False,10,11,5,3
2632,10.25,11.75,1.606,0.1433,0.1433,1.28,4,medium,house,hip,False,10,11,1,4
2633,10.75,11.75,1.63,0.1433,0.1433,1.28,4,medium,house,gable,False,10,11,4,4
2634,10.9167,11.75,1.637,0.1433,0.1433,0.96,3,medium,house,gable,False,10,11,5,4
2635,10.75,11.9167,1.638,0.1433,0.1433,0.96,3,medium,house,hip,False,10,11,4,5
2636,10.9167,11.9167,1.645,0.1433,0.1433,0.64,2,medium,house,gable,False,10,11,5,5
2637,11.0833,11.0833,1.606,0.1433,0.1433,1.28,4,high,house,gable,False,11,11,0,0
2638,11.25,11.0833,1.611,0.1433,0.1433,0.96,3,high,house,gable,False,11,11,1,0
2639,11.4167,11.0833,1.615,0.1433,0.1433,0.96,3,high,house,gable,False,11,11,2,0
2640,11.75,11.0833,1.62,0.1433,0.1433,1.28,4,high,house,gable,False,11,11,4,0
2641,11.9167,11.0833,1.622,0.1433,0.1433,1.6,5,high,house,gable,False,11,11,5,0
2642,11.0833,11.25,1.616,0.1433,0.1433,1.28,4,high,house,gable,False,11,11,0,1
2643,11.25,11.25,1.621,0.1433,0.1433,1.6,5,high,house,gable,False,11,11,1,1
2644,11.5833,11.25,1.628,0.1433,0.1433,1.92,6,high,house,gable,False,11,11,3,1
2645,11.75,11.25,1.631,0.1433,0.1433,1.28,4,high,house,gable,False,11,11,4,1
2646,11.9167,11.25,1.632,0.1433,0.1433,1.92,6,high,house,gable,False,11,11,5,1
2647,11.0833,11.4167,1.625,0.1433,0.1433,0.96,3,high,house,hip,False,11,11,0,2
2648,11.5833,11.4167,1.638,0.1433,0.1433,1.28,4,high,house,gable,False,11,11,3,2
2649,11.9167,11.4167,1.642,0.1433,0.1433,1.92,6,high,house,gable,False,11,11,5,2
2650,11.0833,11.5833,1.634,0.1433,0.1433,1.28,4,high,house,hip,False,11,11,0,3
2651,11.25,11.5833,1.639,0.1433,0.1433,0.96,3,high,house,gable,False,11,11,1,3
2652,11.5833,11.5833,1.647,0.1433,0.1433,1.6,5,high,house,gable,False,11,11,3,3
2653,11.9167,11.5833,1.652,0.1433,0.1433,1.6,5,high,house,hip,False,11,11,5,3
2654,11.0833,11.75,1.643,0.1433,0.1433,0.96,3,high,house,hip,False,11,11,0,4
2655,11.25,11.75,1.648,0.1433,0.1433,1.92,6,high,house,gable,False,11,11,1,4
2656,11.5833,11.75,1.656,0.1433,0.1433,1.28,4,high,house,gable,False,11,11,3,4
2657,11.9167,11.75,1.661,0.1433,0.1433,0.96,3,high,house,gable,False,11,11,5,4
2658,11.0833,11.9167,1.651,0.1433,0.1433,1.92,6,high,house,gable,False,11,11,0,5
2659,11.25,11.9167,1.656,0.1433,0.1433,1.92,6,high,house,gable,False,11,11,1,5
2660,11.5833,11.9167,1.665,0.1433,0.1433,1.6,5,high,house,gable,False,11,11,3,5
2661,11.75,11.9167,1.667,0.1433,0.1433,1.6,5,high,house,gable,False,11,11,4,5
2662,11.9167,11.9167,1.67,0.1433,0.1433,1.92,6,high,house,hip,False,11,11,5,5
2663,12.4167,11.0833,1.623,0.1433,0.1433,0.96,3,medium,house,gable,False,12,11,2,0
2664,12.5833,11.0833,1.621,0.1433,0.1433,0.96,3,medium,house,gable,False,12,11,3,0
2665,12.9167,11.0833,1.617,0.1433,0.1433,1.28,4,medium,house,gable,False,12,11,5,0
2666,12.4167,11.25,1.633,0.1433,0.1433,0.64,2,medium,house,hip,False,12,11,2,1
2667,12.5833,11.25,1.632,0.1433,0.1433,0.96,3,medium,house,gable,False,12,11,3,1
2668,12.75,11.25,1.63,0.1433,0.1433,0.64,2,medium,house,gable,False,12,11,4,1
2669,12.9167,11.25,1.628,0.1433,0.1433,0.96,3,medium,house,hip,False,12,11,5,1
2670,12.4167,11.4167,1.644,0.1433,0.1433,0.96,3,medium,house,gable,False,12,11,2,2
2671,12.9167,11.4167,1.638,0.1433,0.1433,1.28,4,medium,house,gable,False,12,11,5,2
2672,12.5833,11.5833,1.652,0.1433,0.1433,1.28,4,medium,house,gable,False,12,11,3,3
2673,12.9167,11.5833,1.648,0.1433,0.1433,0.64,2,medium,house,gable,False,12,11,5,3
2674,12.4167,11.75,1.663,0.1433,0.1433,0.64,2,medium,house,gable,False,12,11,2,4
2675,12.75,11.75,1.66,0.1433,0.1433,0.64,2,medium,house,hip,False,12,11,4,4
2676,12.9167,11.75,1.658,0.1433,0.1433,0.64,2,medium,house,gable,False,12,11,5,4
2677,12.4167,11.9167,1.672,0.1433,0.1433,0.96,3,medium,house,hip,False,12,11,2,5
2678,12.5833,11.9167,1.671,0.1433,0.1433,0.96,3,medium,house,hip,False,12,11,3,5
2679,12.9167,11.9167,1.667,0.1433,0.1433,0.64,2,medium,house,gable,False,12,11,5,5
2680,14.9167,11.0833,1.533,0.1433,0.1433,0.64,2,medium,house,gable,False,14,11,5,0
2681,14.0833,11.25,1.59,0.1433,0.1433,0.64,2,medium,house,gable,False,14,11,0,1
2682,14.25,11.25,1.582,0.1433,0.1433,0.64,2,medium,house,gable,False,14,11,1,1
2683,14.75,11.25,1.554,0.1433,0.1433,0.64,2,medium,house,gable,False,14,11,4,1
2684,14.9167,11.25,1.544,0.1433,0.1433,0.96,3,medium,house,gable,False,14,11,5,1
2685,14.0833,11.4167,1.601,0.1433,0.1433,1.28,4,medium,house,gable,False,14,11,0,2
2686,14.25,11.4167,1.593,0.1433,0.1433,0.96,3,medium,house,gable,False,14,11,1,2
2687,14.5833,11.4167,1.575,0.1433,0.1433,0.64,2,medium,house,hip,False,14,11,3,2
2688,14.75,11.4167,1.565,0.1433,0.1433,0.64,2,medium,house,gable,False,14,11,4,2
2689,14.9167,11.4167,1.555,0.1433,0.1433,0.96,3,medium,house,gable,False,14,11,5,2
2690,14.0833,11.5833,1.611,0.1433,0.1433,0.64,2,medium,house,gable,False,14,11,0,3
2691,14.4167,11.5833,1.594,0.1433,0.1433,0.64,2,medium,house,gable,False,14,11,2,3
2692,14.5833,11.5833,1.585,0.1433,0.1433,0.96,3,medium,house,gable,False,14,11,3,3
2693,14.9167,11.5833,1.565,0.1433,0.1433,0.96,3,medium,house,gable,False,14,11,5,3
2694,14.4167,11.75,1.604,0.1433,0.1433,1.28,4,medium,house,gable,False,14,11,2,4
2695,14.75,11.75,1.585,0.1433,0.1433,0.96,3,medium,house,gable,False,14,11,4,4
2696,14.9167,11.75,1.575,0.1433,0.1433,1.28,4,medium,house,gable,False,14,11,5,4
2697,14.25,11.9167,1.622,0.1433,0.1433,1.28,4,medium,house,gable,False,14,11,1,5
2698,14.9167,11.9167,1.584,0.1433,0.1433,0.64,2,medium,house,hip,False,14,11,5,5
2699,15.4167,11.0833,1.499,0.1433,0.1433,1.28,4,high,house,gable,False,15,11,2,0
2700,15.5833,11.0833,1.486,0.1433,0.1433,1.28,4,high,house,gable,False,15,11,3,0
2701,15.9167,11.0833,1.46,0.1433,0.1433,1.6,5,high,house,gable,False,15,11,5,0
2702,15.25,11.25,1.522,0.1433,0.1433,1.6,5,high,house,gable,False,15,11,1,1
2703,15.5833,11.25,1.497,0.1433,0.1433,1.92,6,high,house,hip,False,15,11,3,1
2704,15.75,11.25,1.484,0.1433,0.1433,1.92,6,high,house,gable,False,15,11,4,1
2705,15.9167,11.25,1.471,0.1433,0.1433,1.92,6,high,house,gable,False,15,11,5,1
2706,15.4167,11.4167,1.52,0.1433,0.1433,1.28,4,high,house,gable,False,15,11,2,2
2707,15.75,11.4167,1.495,0.1433,0.1433,0.96,3,high,house,gable,False,15,11,4,2
2708,15.0833,11.5833,1.554,0.1433,0.1433,1.28,4,high,house,hip,False,15,11,0,3
2709,15.25,11.5833,1.543,0.1433,0.1433,1.6,5,high,house,gable,False,15,11,1,3
2710,15.5833,11.5833,1.518,0.1433,0.1433,1.6,5,high,house,gable,False,15,11,3,3
2711,15.75,11.5833,1.505,0.1433,0.1433,1.92,6,high,house,gable,False,15,11,4,3
2712,15.9167,11.5833,1.491,0.1433,0.1433,1.92,6,high,house,gable,False,15,11,5,3
2713,15.4167,11.75,1.54,0.1433,0.1433,1.92,6,high,house,hip,False,15,11,2,4
2714,15.5833,11.75,1.528,0.1433,0.1433,1.92,6,high,house,gable,False,15,11,3,4
2715,15.9167,11.75,1.501,0.1433,0.1433,1.92,6,high,house,gable,False,15,11,5,4
2716,15.4167,11.9167,1.549,0.1433,0.1433,1.28,4,high,house,hip,False,15,11,2,5
2717,15.5833,11.9167,1.537,0.1433,0.1433,1.28,4,high,house,gable,False,15,11,3,5
2718,15.75,11.9167,1.524,0.1433,0.1433,0.96,3,high,house,gable,False,15,11,4,5
2719,15.9167,11.9167,1.51,0.1433,0.1433,1.6,5,high,house,gable,False,15,11,5,5
2720,16.0833,11.0833,1.446,0.1433,0.1433,1.92,6,high,house,gable,False,16,11,0,0
2721,16.4167,11.0833,1.417,0.1433,0.1433,1.6,5,high,house,gable,False,16,11,2,0
2722,16.5833,11.0833,1.402,0.1433,0.1433,1.6,5,high,house,gable,False,16,11,3,0
2723,16.75,11.0833,1.387,0.1433,0.1433,1.28,4,high,house,gable,False,16,11,4,0
2724,16.9167,11.0833,1.371,0.1433,0.1433,1.6,5,high,house,gable,False,16,11,5,0
2725,16.0833,11.25,1.457,0.1433,0.1433,0.96,3,high,house,gable,False,16,11,0,1
2726,16.25,11.25,1.443,0.1433,0.1433,0.96,3,high,house,gable,False,16,11,1,1
2727,16.75,11.25,1.398,0.1433,0.1433,1.28,4,high,house,gable,False,16,11,4,1
2728,16.9167,11.25,1.382,0.1433,0.1433,1.92,6,high,house,gable,False,16,11,5,1
2729,16.0833,11.4167,1.467,0.1433,0.1433,0.96,3,high,house,hip,False,16,11,0,2
2730,16.25,11.4167,1.453,0.1433,0.1433,1.6,5,high,house,gable,False,16,11,1,2
2731,16.9167,11.4167,1.392,0.1433,0.1433,1.92,6,high,house,gable,False,16,11,5,2
2732,16.0833,11.5833,1.477,0.1433,0.1433,1.28,4,high,house,hip,False,16,11,0,3
2733,16.25,11.5833,1.463,0.1433,0.1433,1.28,4,high,house,gable,False,16,11,1,3
2734,16.4167,11.5833,1.448,0.1433,0.1433,1.6,5,high,house,gable,False,16,11,2,3
2735,16.5833,11.5833,1.433,0.1433,0.1433,1.92,6,high,house,hip,False,16,11,3,3
2736,16.75,11.5833,1.418,0.1433,0.1433,0.96,3,high,house,gable,False,16,11,4,3
2737,16.9167,11.5833,1.402,0.1433,0.1433,1.6,5,high,house,gable,False,16,11,5,3
2738,16.75,11.9167,1.436,0.1433,0.1433,0.96,3,high,house,gable,False,16,11,4,5
2739,17.0833,11.0833,1.355,0.1433,0.1433,1.92,6,high,house,gable,False,17,11,0,0
2740,17.4167,11.0833,1.323,0.1433,0.1433,1.92,6,high,house,gable,False,17,11,2,0
2741,17.5833,11.0833,1.306,0.1433,0.1433,1.28,4,high,house,gable,False,17,11,3,0
2742,17.75,11.0833,1.289,0.1433,0.1433,1.28,4,high,house,gable,False,17,11,4,0
2743,17.9167,11.0833,1.272,0.1433,0.1433,1.6,5,high,house,gable,False,17,11,5,0
2744,17.0833,11.25,1.366,0.1433,0.1433,1.92,6,high,house,hip,False,17,11,0,1
2745,17.5833,11.25,1.316,0.1433,0.1433,1.92,6,high,house,gable,False,17,11,3,1
2746,17.9167,11.25,1.282,0.1433,0.1433,1.6,5,high,house,hip,False,17,11,5,1
2747,17.0833,11.4167,1.376,0.1433,0.1433,1.6,5,high,house,gable,False,17,11,0,2
2748,17.25,11.4167,1.359,0.1433,0.1433,1.6,5,high,house,hip,False,17,11,1,2
2749,17.5833,11.4167,1.326,0.1433,0.1433,1.92,6,high,house,gable,False,17,11,3,2
2750,17.75,11.4167,1.309,0.1433,0.1433,1.6,5,high,house,gable,False,17,11,4,2
2751,17.9167,11.4167,1.291,0.1433,0.1433,1.28,4,high,house,gable,False,17,11,5,2
2752,17.0833,11.5833,1.385,0.1433,0.1433,1.28,4,high,house,gable,False,17,11,0,3
2753,17.25,11.5833,1.369,0.1433,0.1433,0.96,3,high,house,gable,False,17,11,1,3
2754,17.5833,11.5833,1.335,0.1433,0.1433,1.6,5,high,house,hip,False,17,11,3,3
2755,17.9167,11.5833,1.3,0.1433,0.1433,0.96,3,high,house,gable,False,17,11,5,3
2756,17.0833,11.75,1.395,0.1433,0.1433,1.92,6,high,house,gable,False,17,11,0,4
2757,17.25,11.75,1.378,0.1433,0.1433,0.96,3,high,house,gable,False,17,11,1,4
2758,17.5833,11.75,1.344,0.1433,0.1433,0.96,3,high,house,gable,False,17,11,3,4
2759,17.0833,11.9167,1.403,0.1433,0.1433,0.96,3,high,house,gable,False,17,11,0,5
2760,18.0833,11.0833,1.255,0.1433,0.1433,1.6,5,high,house,gable,False,18,11,0,0
2761,18.25,11.0833,1.237,0.1433,0.1433,1.6,5,high,house,gable,False,18,11,1,0
2762,18.4167,11.0833,1.22,0.1433,0.1433,1.6,5,high,house,hip,False,18,11,2,0
2763,18.75,11.0833,1.185,0.1433,0.1433,1.28,4,high,house,hip,False,18,11,4,0
2764,18.9167,11.0833,1.167,0.1433,0.1433,1.28,4,high,house,gable,False,18,11,5,0
2765,18.0833,11.25,1.265,0.1433,0.1433,1.6,5,high,house,gable,False,18,11,0,1
2766,18.4167,11.25,1.229,0.1433,0.1433,1.28,4,high,house,gable,False,18,11,2,1
2767,18.75,11.25,1.194,0.1433,0.1433,0.96,3,high,house,gable,False,18,11,4,1
2768,18.9167,11.25,1.176,0.1433,0.1433,0.96,3,high,house,gable,False,18,11,5,1
2769,18.0833,11.4167,1.274,0.1433,0.1433,1.28,4,high,house,hip,False,18,11,0,2
2770,18.25,11.4167,1.256,0.1433,0.1433,1.28,4,high,house,hip,False,18,11,1,2
2771,18.4167,11.4167,1.238,0.1433,0.1433,1.6,5,high,house,gable,False,18,11,2,2
2772,18.75,11.4167,1.202,0.1433,0.1433,1.6,5,high,house,gable,False,18,11,4,2
2773,18.9167,11.4167,1.184,0.1433,0.1433,1.92,6,high,house,gable,False,18,11,5,2
2774,18.0833,11.5833,1.283,0.1433,0.1433,0.96,3,high,house,gable,False,18,11,0,3
2775,18.5833,11.5833,1.229,0.1433,0.1433,2.24,7,high,house,gable,False,18,11,3,3
2776,18.75,11.5833,1.211,0.1433,0.1433,0.96,3,high,house,gable,False,18,11,4,3
2777,18.9167,11.5833,1.193,0.1433,0.1433,1.92,6,high,house,gable,False,18,11,5,3
2778,18.0833,11.75,1.291,0.1433,0.1433,1.28,4,high,house,gable,False,18,11,0,4
2779,18.4167,11.75,1.255,0.1433,0.1433,1.28,4,high,house,hip,False,18,11,2,4
2780,18.75,11.75,1.219,0.1433,0.1433,1.6,5,high,house,gable,False,18,11,4,4
2781,18.9167,11.75,1.201,0.1433,0.1433,1.28,4,high,house,hip,False,18,11,5,4
2782,18.0833,11.9167,1.299,0.1433,0.1433,1.6,5,high,house,hip,False,18,11,0,5
2783,18.25,11.9167,1.281,0.1433,0.1433,1.28,4,high,house,hip,False,18,11,1,5
2784,18.4167,11.9167,1.263,0.1433,0.1433,1.92,6,high,house,gable,False,18,11,2,5
2785,19.0833,11.0833,1.149,0.1433,0.1433,0.96,3,high,house,gable,False,19,11,0,0
2786,19.25,11.0833,1.131,0.1433,0.1433,1.28,4,high,house,gable,False,19,11,1,0
2787,19.5833,11.0833,1.096,0.1433,0.1433,1.6,5,high,house,gable,False,19,11,3,0
2788,19.75,11.0833,1.078,0.1433,0.1433,1.6,5,high,house,gable,False,19,11,4,0
2789,19.0833,11.25,1.158,0.1433,0.1433,1.28,4,high,house,gable,False,19,11,0,1
2790,19.25,11.25,1.14,0.1433,0.1433,1.92,6,high,house,gable,False,19,11,1,1
2791,19.75,11.25,1.086,0.1433,0.1433,1.92,6,high,house,gable,False,19,11,4,1
2792,19.9167,11.25,1.068,0.1433,0.1433,0.96,3,high,house,gable,False,19,11,5,1
2793,19.25,11.4167,1.148,0.1433,0.1433,1.6,5,high,house,gable,False,19,11,1,2
2794,19.5833,11.4167,1.112,0.1433,0.1433,1.6,5,high,house,hip,False,19,11,3,2
2795,19.9167,11.4167,1.076,0.1433,0.1433,1.28,4,high,house,hip,False,19,11,5,2
2796,19.0833,11.5833,1.174,0.1433,0.1433,1.28,4,high,house,gable,False,19,11,0,3
2797,19.25,11.5833,1.156,0.1433,0.1433,0.96,3,high,house,gable,False,19,11,1,3
2798,19.5833,11.5833,1.119,0.1433,0.1433,1.92,6,high,house,hip,False,19,11,3,3
2799,19.75,11.5833,1.101,0.1433,0.1433,1.28,4,high,house,gable,False,19,11,4,3
2800,19.9167,11.5833,1.083,0.1433,0.1433,1.28,4,high,house,gable,False,19,11,5,3
2801,19.0833,11.75,1.182,0.1433,0.1433,1.28,4,high,house,gable,False,19,11,0,4
2802,19.5833,11.75,1.127,0.1433,0.1433,0.96,3,high,house,hip,False,19,11,3,4
2803,19.9167,11.75,1.09,0.1433,0.1433,1.6,5,high,house,gable,False,19,11,5,4
2804,19.0833,11.9167,1.189,0.1433,0.1433,1.6,5,high,house,gable,False,19,11,0,5
2805,19.25,11.9167,1.171,0.1433,0.1433,0.96,3,high,house,gable,False,19,11,1,5
2806,19.5833,11.9167,1.134,0.1433,0.1433,1.92,6,high,house,hip,False,19,11,3,5
2807,19.75,11.9167,1.115,0.1433,0.1433,0.96,3,high,house,hip,False,19,11,4,5
2808,22.0833,11.0833,0.843,0.1433,0.1433,1.28,4,high,house,gable,False,22,11,0,0
2809,22.25,11.0833,0.827,0.1433,0.1433,1.92,6,high,house,gable,False,22,11,1,0
2810,22.4167,11.0833,0.812,0.1433,0.1433,1.6,5,high,house,gable,False,22,11,2,0
2811,22.5833,11.0833,0.797,0.1433,0.1433,0.96,3,high,house,gable,False,22,11,3,0
2812,22.75,11.0833,0.783,0.1433,0.1433,1.6,5,high,house,gable,False,22,11,4,0
2813,22.9167,11.0833,0.769,0.1433,0.1433,1.92,6,high,house,gable,False,22,11,5,0
2814,22.0833,11.25,0.848,0.1433,0.1433,1.28,4,high,house,gable,False,22,11,0,1
2815,22.4167,11.25,0.817,0.1433,0.1433,0.96,3,high,house,gable,False,22,11,2,1
2816,22.5833,11.25,0.802,0.1433,0.1433,1.6,5,high,house,gable,False,22,11,3,1
2817,22.75,11.25,0.788,0.1433,0.1433,1.92,6,high,house,gable,False,22,11,4,1
2818,22.9167,11.25,0.773,0.1433,0.1433,1.92,6,high,house,gable,False,22,11,5,1
2819,22.0833,11.4167,0.853,0.1433,0.1433,1.28,4,high,house,gable,False,22,11,0,2
2820,22.25,11.4167,0.838,0.1433,0.1433,1.28,4,high,house,gable,False,22,11,1,2
2821,22.4167,11.4167,0.822,0.1433,0.1433,2.24,7,high,house,hip,False,22,11,2,2
2822,22.5833,11.5833,0.812,0.1433,0.1433,1.28,4,high,house,gable,False,22,11,3,3
2823,22.25,11.75,0.847,0.1433,0.1433,1.92,6,high,house,gable,False,22,11,1,4
2824,22.4167,11.75,0.831,0.1433,0.1433,1.92,6,high,house,gable,False,22,11,2,4
2825,22.5833,11.75,0.816,0.1433,0.1433,1.92,6,high,house,gable,False,22,11,3,4
2826,22.75,11.75,0.801,0.1433,0.1433,1.6,5,high,house,gable,False,22,11,4,4
2827,22.4167,11.9167,0.836,0.1433,0.1433,1.92,6,high,house,hip,False,22,11,2,5
2828,22.5833,11.9167,0.82,0.1433,0.1433,1.92,6,high,house,gable,False,22,11,3,5
2829,22.75,11.9167,0.805,0.1433,0.1433,0.96,3,high,house,hip,False,22,11,4,5
2830,22.9167,11.9167,0.789,0.1433,0.1433,0.96,3,high,house,gable,False,22,11,5,5
2831,23.5833,11.0833,0.714,0.1433,0.1433,0.64,2,medium,house,hip,False,23,11,3,0
2832,23.75,11.0833,0.702,0.1433,0.1433,0.96,3,medium,house,gable,False,23,11,4,0
2833,23.5833,11.25,0.718,0.1433,0.1433,1.28,4,medium,house,hip,False,23,11,3,1
2834,23.75,11.25,0.705,0.1433,0.1433,1.28,4,medium,house,gable,False,23,11,4,1
2835,23.9167,11.25,0.692,0.1433,0.1433,0.64,2,medium,house,gable,False,23,11,5,1
2836,23.0833,11.4167,0.763,0.1433,0.1433,0.64,2,medium,house,hip,False,23,11,0,2
2837,23.4167,11.4167,0.735,0.1433,0.1433,0.96,3,medium,house,gable,False,23,11,2,2
2838,23.5833,11.4167,0.722,0.1433,0.1433,0.96,3,medium,house,gable,False,23,11,3,2
2839,23.9167,11.4167,0.695,0.1433,0.1433,0.96,3,medium,house,gable,False,23,11,5,2
2840,23.0833,11.5833,0.767,0.1433,0.1433,1.28,4,medium,house,hip,False,23,11,0,3
2841,23.25,11.5833,0.753,0.1433,0.1433,1.28,4,medium,house,gable,False,23,11,1,3
2842,23.5833,11.5833,0.725,0.1433,0.1433,0.64,2,medium,house,gable,False,23,11,3,3
2843,23.75,11.5833,0.712,0.1433,0.1433,1.28,4,medium,house,hip,False,23,11,4,3
2844,23.9167,11.5833,0.699,0.1433,0.1433,1.28,4,medium,house,gable,False,23,11,5,3
2845,23.25,11.75,0.756,0.1433,0.1433,0.64,2,medium,house,gable,False,23,11,1,4
2846,23.5833,11.75,0.728,0.1433,0.1433,0.96,3,medium,house,gable,False,23,11,3,4
2847,23.9167,11.75,0.701,0.1433,0.1433,1.28,4,medium,house,hip,False,23,11,5,4
2848,23.5833,11.9167,0.732,0.1433,0.1433,0.96,3,medium,house,gable,False,23,11,3,5
2849,23.75,11.9167,0.718,0.1433,0.1433,0.96,3,medium,house,hip,False,23,11,4,5
2850,23.9167,11.9167,0.704,0.1433,0.1433,1.28,4,medium,house,gable,False,23,11,5,5
2851,24.25,11.0833,0.665,0.1433,0.1433,0.96,3,medium,house,gable,False,24,11,1,0
2852,24.4167,11.0833,0.653,0.1433,0.1433,0.64,2,medium,house,gable,False,24,11,2,0
2853,24.5833,11.0833,0.641,0.1433,0.1433,1.28,4,medium,house,hip,False,24,11,3,0
2854,24.75,11.0833,0.63,0.1433,0.1433,1.28,4,medium,house,gable,False,24,11,4,0
2855,24.4167,11.25,0.656,0.1433,0.1433,0.64,2,medium,house,gable,False,24,11,2,1
2856,24.75,11.25,0.633,0.1433,0.1433,0.96,3,medium,house,hip,False,24,11,4,1
2857,24.9167,11.25,0.622,0.1433,0.1433,1.28,4,medium,house,hip,False,24,11,5,1
2858,24.0833,11.4167,0.683,0.1433,0.1433,0.64,2,medium,house,gable,False,24,11,0,2
2859,24.25,11.4167,0.67,0.1433,0.1433,1.28,4,medium,house,hip,False,24,11,1,2
2860,24.4167,11.4167,0.658,0.1433,0.1433,0.64,2,medium,house,gable,False,24,11,2,2
2861,24.75,11.4167,0.635,0.1433,0.1433,0.64,2,medium,house,hip,False,24,11,4,2
2862,24.9167,11.4167,0.624,0.1433,0.1433,0.96,3,medium,house,gable,False,24,11,5,2
2863,24.0833,11.5833,0.686,0.1433,0.1433,1.28,4,medium,house,gable,False,24,11,0,3
2864,24.75,11.5833,0.637,0.1433,0.1433,1.28,4,medium,house,gable,False,24,11,4,3
2865,24.25,11.75,0.676,0.1433,0.1433,1.28,4,medium,house,gable,False,24,11,1,4
2866,24.0833,11.9167,0.691,0.1433,0.1433,0.96,3,medium,house,gable,False,24,11,0,5
2867,24.25,11.9167,0.678,0.1433,0.1433,0.64,2,medium,house,gable,False,24,11,1,5
2868,25.25,11.0833,0.598,0.1433,0.1433,0.96,3,medium,house,gable,False,25,11,1,0
2869,25.4167,11.4167,0.591,0.1433,0.1433,1.28,4,medium,house,gable,False,25,11,2,2
2870,25.5833,11.4167,0.581,0.1433,0.1433,0.96,3,medium,house,hip,False,25,11,3,2
2871,25.75,11.4167,0.571,0.1433,0.1433,0.96,3,medium,house,hip,False,25,11,4,2
2872,25.9167,11.4167,0.561,0.1433,0.1433,1.28,4,medium,house,gable,False,25,11,5,2
2873,25.75,11.5833,0.572,0.1433,0.1433,0.64,2,medium,house,gable,False,25,11,4,3
2874,25.0833,11.75,0.616,0.1433,0.1433,0.96,3,medium,house,gable,False,25,11,0,4
2875,25.25,11.75,0.605,0.1433,0.1433,1.28,4,medium,house,gable,False,25,11,1,4
2876,25.4167,11.75,0.594,0.1433,0.1433,1.28,4,medium,house,gable,False,25,11,2,4
2877,25.75,11.75,0.573,0.1433,0.1433,1.28,4,medium,house,gable,False,25,11,4,4
2878,25.9167,11.75,0.563,0.1433,0.1433,0.96,3,medium,house,gable,False,25,11,5,4
2879,25.0833,11.9167,0.618,0.1433,0.1433,0.64,2,medium,house,gable,False,25,11,0,5
2880,25.25,11.9167,0.607,0.1433,0.1433,0.64,2,medium,house,gable,False,25,11,1,5
2881,25.5833,11.9167,0.585,0.1433,0.1433,0.64,2,medium,house,hip,False,25,11,3,5
2882,25.75,11.9167,0.574,0.1433,0.1433,0.96,3,medium,house,gable,False,25,11,4,5
2883,26.0833,11.0833,0.55,0.1433,0.1433,0.64,2,medium,house,gable,False,26,11,0,0
2884,26.25,11.0833,0.54,0.1433,0.1433,0.96,3,medium,house,hip,False,26,11,1,0
2885,26.5833,11.0833,0.523,0.1433,0.1433,1.28,4,medium,house,gable,False,26,11,3,0
2886,26.0833,11.25,0.551,0.1433,0.1433,0.96,3,medium,house,gable,False,26,11,0,1
2887,26.4167,11.25,0.532,0.1433,0.1433,0.64,2,medium,house,gable,False,26,11,2,1
2888,26.9167,11.25,0.506,0.1433,0.1433,1.28,4,medium,house,gable,False,26,11,5,1
2889,26.0833,11.4167,0.551,0.1433,0.1433,0.96,3,medium,house,gable,False,26,11,0,2
2890,26.4167,11.4167,0.533,0.1433,0.1433,1.28,4,medium,house,gable,False,26,11,2,2
2891,26.5833,11.4167,0.524,0.1433,0.1433,0.64,2,medium,house,gable,False,26,11,3,2
2892,26.0833,11.5833,0.552,0.1433,0.1433,0.96,3,medium,house,gable,False,26,11,0,3
2893,26.4167,11.5833,0.533,0.1433,0.1433,0.64,2,medium,house,gable,False,26,11,2,3
2894,26.5833,11.5833,0.524,0.1433,0.1433,0.96,3,medium,house,gable,False,26,11,3,3
2895,26.0833,11.75,0.553,0.1433,0.1433,1.28,4,medium,house,gable,False,26,11,0,4
2896,26.25,11.75,0.543,0.1433,0.1433,0.96,3,medium,house,gable,False,26,11,1,4
2897,26.4167,11.75,0.534,0.1433,0.1433,1.28,4,medium,house,hip,False,26,11,2,4
2898,26.75,11.75,0.515,0.1433,0.1433,0.64,2,medium,house,gable,False,26,11,4,4
2899,26.9167,11.75,0.506,0.1433,0.1433,1.28,4,medium,house,gable,False,26,11,5,4
2900,26.0833,11.9167,0.554,0.1433,0.1433,1.28,4,medium,house,gable,False,26,11,0,5
2901,26.25,11.9167,0.544,0.1433,0.1433,0.64,2,medium,house,gable,False,26,11,1,5
2902,26.5833,11.9167,0.525,0.1433,0.1433,0.64,2,medium,house,gable,False,26,11,3,5
2903,26.9167,11.9167,0.507,0.1433,0.1433,0.64,2,medium,house,hip,False,26,11,5,5
2904,28.4167,11.0833,0.435,0.1433,0.1433,0.96,3,low,house,gable,False,28,11,2,0
2905,2.9167,12.4167,0.664,0.1433,0.1433,0.64,2,low,house,gable,False,2,12,5,2
2906,2.25,12.5833,0.552,0.1433,0.1433,0.64,2,low,house,gable,False,2,12,1,3
2907,2.4167,12.5833,0.58,0.1433,0.1433,0.32,1,low,house,gable,False,2,12,2,3
2908,2.5833,12.5833,0.608,0.1433,0.1433,0.64,2,low,house,gable,False,2,12,3,3
2909,2.75,12.5833,0.637,0.1433,0.1433,0.32,1,low,house,hip,False,2,12,4,3
2910,2.9167,12.5833,0.665,0.1433,0.1433,0.96,3,low,house,gable,False,2,12,5,3
2911,2.0833,12.75,0.524,0.1433,0.1433,0.96,3,low,house,gable,False,2,12,0,4
2912,2.25,12.75,0.552,0.1433,0.1433,0.32,1,low,house,gable,False,2,12,1,4
2913,2.5833,12.75,0.609,0.1433,0.1433,0.32,1,low,house,hip,False,2,12,3,4
2914,2.9167,12.75,0.666,0.1433,0.1433,0.64,2,low,house,gable,False,2,12,5,4
2915,2.0833,12.9167,0.525,0.1433,0.1433,0.32,1,low,house,hip,False,2,12,0,5
2916,2.25,12.9167,0.553,0.1433,0.1433,0.32,1,low,house,hip,False,2,12,1,5
2917,2.4167,12.9167,0.581,0.1433,0.1433,0.64,2,low,house,hip,False,2,12,2,5
2918,2.75,12.9167,0.638,0.1433,0.1433,0.32,1,low,house,gable,False,2,12,4,5
2919,3.0833,12.0833,0.691,0.1433,0.1433,0.96,3,medium,house,gable,False,3,12,0,0
2920,3.25,12.0833,0.719,0.1433,0.1433,0.64,2,medium,house,gable,False,3,12,1,0
2921,3.0833,12.25,0.691,0.1433,0.1433,0.64,2,medium,house,hip,False,3,12,0,1
2922,3.25,12.25,0.72,0.1433,0.1433,1.28,4,medium,house,hip,False,3,12,1,1
2923,3.4167,12.25,0.748,0.1433,0.1433,0.96,3,medium,house,hip,False,3,12,2,1
2924,3.0833,12.4167,0.692,0.1433,0.1433,0.64,2,medium,house,gable,False,3,12,0,2
2925,3.4167,12.4167,0.749,0.1433,0.1433,1.28,4,medium,house,gable,False,3,12,2,2
2926,3.5833,12.4167,0.777,0.1433,0.1433,0.64,2,medium,house,hip,False,3,12,3,2
2927,3.0833,12.5833,0.693,0.1433,0.1433,1.28,4,medium,house,gable,False,3,12,0,3
2928,3.25,12.5833,0.722,0.1433,0.1433,1.28,4,medium,house,gable,False,3,12,1,3
2929,3.4167,12.5833,0.75,0.1433,0.1433,1.28,4,medium,house,gable,False,3,12,2,3
2930,3.75,12.5833,0.806,0.1433,0.1433,0.64,2,medium,house,gable,False,3,12,4,3
2931,3.25,12.75,0.722,0.1433,0.1433,0.64,2,medium,house,gable,False,3,12,1,4
2932,3.4167,12.75,0.751,0.1433,0.1433,0.64,2,medium,house,gable,False,3,12,2,4
2933,3.5833,12.75,0.779,0.1433,0.1433,0.64,2,medium,house,hip,False,3,12,3,4
2934,3.4167,12.9167,0.752,0.1433,0.1433,0.64,2,medium,house,hip,False,3,12,2,5
2935,4.0833,12.0833,0.858,0.1433,0.1433,1.92,6,high,house,gable,False,4,12,0,0
2936,4.25,12.0833,0.885,0.1433,0.1433,1.28,4,high,house,gable,False,4,12,1,0
2937,4.4167,12.0833,0.913,0.1433,0.1433,0.96,3,high,house,gable,False,4,12,2,0
2938,4.5833,12.0833,0.94,0.1433,0.1433,0.96,3,high,house,gable,False,4,12,3,0
2939,4.75,12.0833,0.967,0.1433,0.1433,0.96,3,high,house,hip,False,4,12,4,0
2940,4.9167,12.0833,0.994,0.1433,0.1433,0.96,3,high,house,gable,False,4,12,5,0
2941,4.0833,12.25,0.86,0.1433,0.1433,1.92,6,high,house,gable,False,4,12,0,1
2942,4.25,12.25,0.887,0.1433,0.1433,1.28,4,high,house,hip,False,4,12,1,1
2943,4.4167,12.25,0.915,0.1433,0.1433,1.6,5,high,house,gable,False,4,12,2,1
2944,4.9167,12.25,0.996,0.1433,0.1433,0.96,3,high,house,gable,False,4,12,5,1
2945,4.4167,12.4167,0.917,0.1433,0.1433,1.92,6,high,house,gable,False,4,12,2,2
2946,4.5833,12.4167,0.944,0.1433,0.1433,1.28,4,high,house,hip,False,4,12,3,2
2947,4.9167,12.4167,0.999,0.1433,0.1433,1.92,6,high,house,gable,False,4,12,5,2
2948,4.0833,12.5833,0.863,0.1433,0.1433,1.92,6,high,house,hip,False,4,12,0,3
2949,4.25,12.5833,0.891,0.1433,0.1433,1.6,5,high,house,gable,False,4,12,1,3
2950,4.4167,12.5833,0.918,0.1433,0.1433,1.28,4,high,house,hip,False,4,12,2,3
2951,4.5833,12.5833,0.946,0.1433,0.1433,1.28,4,high,house,gable,False,4,12,3,3
2952,4.75,12.5833,0.974,0.1433,0.1433,1.92,6,high,house,hip,False,4,12,4,3
2953,4.0833,12.75,0.864,0.1433,0.1433,1.6,5,high,house,hip,False,4,12,0,4
2954,4.25,12.75,0.892,0.1433,0.1433,1.92,6,high,house,gable,False,4,12,1,4
2955,4.5833,12.75,0.948,0.1433,0.1433,0.96,3,high,house,hip,False,4,12,3,4
2956,4.9167,12.75,1.003,0.1433,0.1433,1.92,6,high,house,gable,False,4,12,5,4
2957,4.25,12.9167,0.894,0.1433,0.1433,1.28,4,high,house,gable,False,4,12,1,5
2958,4.4167,12.9167,0.922,0.1433,0.1433,1.28,4,high,house,gable,False,4,12,2,5
2959,4.5833,12.9167,0.95,0.1433,0.1433,0.96,3,high,house,gable,False,4,12,3,5
2960,4.75,12.9167,0.977,0.1433,0.1433,1.92,6,high,house,gable,False,4,12,4,5
2961,4.9167,12.9167,1.005,0.1433,0.1433,0.96,3,high,house,gable,False,4,12,5,5
2962,6.0833,12.0833,1.174,0.1433,0.1433,0.96,3,high,house,gable,False,6,12,0,0
2963,6.25,12.0833,1.199,0.1433,0.1433,1.92,6,high,house,gable,False,6,12,1,0
2964,6.5833,12.0833,1.246,0.1433,0.1433,1.6,5,high,house,gable,False,6,12,3,0
2965,6.75,12.0833,1.269,0.1433,0.1433,1.6,5,high,house,gable,False,6,12,4,0
2966,6.9167,12.0833,1.292,0.1433,0.1433,1.92,6,high,house,gable,False,6,12,5,0
2967,6.25,12.25,1.202,0.1433,0.1433,0.96,3,high,house,hip,False,6,12,1,1
2968,6.4167,12.25,1.226,0.1433,0.1433,1.6,5,high,house,gable,False,6,12,2,1
2969,6.5833,12.25,1.25,0.1433,0.1433,0.96,3,high,house,hip,False,6,12,3,1
2970,6.9167,12.25,1.296,0.1433,0.1433,1.28,4,high,house,gable,False,6,12,5,1
2971,6.0833,12.4167,1.181,0.1433,0.1433,1.6,5,high,house,gable,False,6,12,0,2
2972,6.25,12.4167,1.205,0.1433,0.1433,0.96,3,high,house,gable,False,6,12,1,2
2973,6.5833,12.4167,1.253,0.1433,0.1433,1.92,6,high,house,gable,False,6,12,3,2
2974,6.75,12.4167,1.277,0.1433,0.1433,1.6,5,high,house,gable,False,6,12,4,2
2975,6.9167,12.4167,1.3,0.1433,0.1433,0.96,3,high,house,gable,False,6,12,5,2
2976,6.25,12.5833,1.209,0.1433,0.1433,0.96,3,high,house,gable,False,6,12,1,3
2977,6.4167,12.5833,1.233,0.1433,0.1433,1.6,5,high,house,hip,False,6,12,2,3
2978,6.9167,12.5833,1.303,0.1433,0.1433,1.6,5,high,house,gable,False,6,12,5,3
2979,6.0833,12.75,1.187,0.1433,0.1433,1.92,6,high,house,gable,False,6,12,0,4
2980,6.5833,12.75,1.26,0.1433,0.1433,1.28,4,high,house,gable,False,6,12,3,4
2981,6.0833,12.9167,1.189,0.1433,0.1433,1.28,4,high,house,hip,False,6,12,0,5
2982,6.25,12.9167,1.214,0.1433,0.1433,0.96,3,high,house,gable,False,6,12,1,5
2983,6.4167,12.9167,1.239,0.1433,0.1433,1.28,4,high,house,hip,False,6,12,2,5
2984,6.5833,12.9167,1.263,0.1433,0.1433,1.6,5,high,house,gable,False,6,12,3,5
2985,6.75,12.9167,1.287,0.1433,0.1433,1.28,4,high,house,gable,False,6,12,4,5
2986,8.0833,12.0833,1.435,0.1433,0.1433,1.92,6,high,house,gable,False,8,12,0,0
2987,8.25,12.0833,1.454,0.1433,0.1433,1.6,5,high,house,gable,False,8,12,1,0
2988,8.4167,12.0833,1.471,0.1433,0.1433,1.28,4,high,house,gable,False,8,12,2,0
2989,8.5833,12.0833,1.488,0.1433,0.1433,1.92,6,high,house,hip,False,8,12,3,0
2990,8.75,12.0833,1.505,0.1433,0.1433,1.6,5,high,house,gable,False,8,12,4,0
2991,8.9167,12.0833,1.52,0.1433,0.1433,1.28,4,high,house,gable,False,8,12,5,0
2992,8.0833,12.25,1.441,0.1433,0.1433,1.28,4,high,house,gable,False,8,12,0,1
2993,8.5833,12.25,1.494,0.1433,0.1433,0.96,3,high,house,gable,False,8,12,3,1
2994,8.9167,12.25,1.526,0.1433,0.1433,1.92,6,high,house,gable,False,8,12,5,1
2995,8.25,12.4167,1.464,0.1433,0.1433,1.92,6,high,house,gable,False,8,12,1,2
2996,8.4167,12.4167,1.482,0.1433,0.1433,1.92,6,high,house,gable,False,8,12,2,2
2997,8.5833,12.4167,1.499,0.1433,0.1433,1.92,6,high,house,gable,False,8,12,3,2
2998,8.0833,12.5833,1.45,0.1433,0.1433,1.92,6,high,house,hip,False,8,12,0,3
2999,8.25,12.5833,1.469,0.1433,0.1433,0.96,3,high,house,gable,False,8,12,1,3
3000,8.4167,12.5833,1.487,0.1433,0.1433,1.92,6,high,house,gable,False,8,12,2,3
3001,8.75,12.5833,1.521,0.1433,0.1433,1.28,4,high,house,gable,False,8,12,4,3
3002,8.9167,12.5833,1.537,0.1433,0.1433,1.6,5,high,house,gable,False,8,12,5,3
3003,8.0833,12.75,1.454,0.1433,0.1433,1.6,5,high,house,gable,False,8,12,0,4
3004,8.4167,12.75,1.491,0.1433,0.1433,0.96,3,high,house,gable,False,8,12,2,4
3005,8.5833,12.75,1.508,0.1433,0.1433,1.28,4,high,house,hip,False,8,12,3,4
3006,8.9167,12.75,1.541,0.1433,0.1433,0.96,3,high,house,gable,False,8,12,5,4
3007,8.0833,12.9167,1.458,0.1433,0.1433,1.92,6,high,house,gable,False,8,12,0,5
3008,8.25,12.9167,1.477,0.1433,0.1433,1.28,4,high,house,gable,False,8,12,1,5
3009,8.4167,12.9167,1.495,0.1433,0.1433,0.96,3,high,house,gable,False,8,12,2,5
3010,8.5833,12.9167,1.513,0.1433,0.1433,0.96,3,high,house,gable,False,8,12,3,5
3011,8.75,12.9167,1.53,0.1433,0.1433,1.28,4,high,house,gable,False,8,12,4,5
3012,9.0833,12.0833,1.535,0.1433,0.1433,0.96,3,high,house,gable,False,9,12,0,0
3013,9.25,12.0833,1.55,0.1433,0.1433,1.28,4,high,house,gable,False,9,12,1,0
3014,9.4167,12.0833,1.563,0.1433,0.1433,1.28,4,high,house,gable,False,9,12,2,0
3015,9.75,12.0833,1.588,0.1433,0.1433,1.92,6,high,house,hip,False,9,12,4,0
3016,9.9167,12.0833,1.6,0.1433,0.1433,1.28,4,high,house,hip,False,9,12,5,0
3017,9.0833,12.25,1.541,0.1433,0.1433,1.28,4,high,house,gable,False,9,12,0,1
3018,9.5833,12.25,1.582,0.1433,0.1433,1.92,6,high,house,gable,False,9,12,3,1
3019,9.9167,12.25,1.606,0.1433,0.1433,0.96,3,high,house,gable,False,9,12,5,1
3020,9.0833,12.4167,1.547,0.1433,0.1433,1.92,6,high,house,hip,False,9,12,0,2
3021,9.25,12.4167,1.561,0.1433,0.1433,1.28,4,high,house,hip,False,9,12,1,2
3022,9.4167,12.4167,1.575,0.1433,0.1433,1.6,5,high,house,hip,False,9,12,2,2
3023,9.75,12.4167,1.601,0.1433,0.1433,1.92,6,high,house,gable,False,9,12,4,2
3024,9.9167,12.4167,1.612,0.1433,0.1433,1.92,6,high,house,gable,False,9,12,5,2
3025,9.25,12.5833,1.567,0.1433,0.1433,0.96,3,high,house,gable,False,9,12,1,3
3026,9.4167,12.5833,1.581,0.1433,0.1433,1.6,5,high,house,hip,False,9,12,2,3
3027,9.5833,12.5833,1.594,0.1433,0.1433,2.24,7,high,house,gable,False,9,12,3,3
3028,9.9167,12.5833,1.618,0.1433,0.1433,0.96,3,high,house,gable,False,9,12,5,3
3029,9.25,12.75,1.572,0.1433,0.1433,1.92,6,high,house,hip,False,9,12,1,4
3030,9.5833,12.75,1.599,0.1433,0.1433,0.96,3,high,house,gable,False,9,12,3,4
3031,9.9167,12.75,1.624,0.1433,0.1433,1.92,6,high,house,gable,False,9,12,5,4
3032,9.0833,12.9167,1.561,0.1433,0.1433,1.28,4,high,house,gable,False,9,12,0,5
3033,9.25,12.9167,1.576,0.1433,0.1433,0.96,3,high,house,gable,False,9,12,1,5
3034,9.4167,12.9167,1.59,0.1433,0.1433,1.28,4,high,house,gable,False,9,12,2,5
3035,9.5833,12.9167,1.604,0.1433,0.1433,1.28,4,high,house,hip,False,9,12,3,5
3036,11.0833,12.0833,1.659,0.1433,0.1433,1.6,5,high,house,hip,False,11,12,0,0
3037,11.4167,12.0833,1.669,0.1433,0.1433,1.28,4,high,house,hip,False,11,12,2,0
3038,11.75,12.0833,1.676,0.1433,0.1433,1.6,5,high,house,hip,False,11,12,4,0
3039,11.9167,12.0833,1.678,0.1433,0.1433,1.6,5,high,house,gable,False,11,12,5,0
3040,11.4167,12.25,1.676,0.1433,0.1433,1.92,6,high,house,gable,False,11,12,2,1
3041,11.5833,12.25,1.68,0.1433,0.1433,0.96,3,high,house,gable,False,11,12,3,1
3042,11.75,12.25,1.683,0.1433,0.1433,0.96,3,high,house,hip,False,11,12,4,1
3043,11.9167,12.25,1.686,0.1433,0.1433,0.96,3,high,house,gable,False,11,12,5,1
3044,11.4167,12.4167,1.683,0.1433,0.1433,1.6,5,high,house,gable,False,11,12,2,2
3045,11.5833,12.4167,1.687,0.1433,0.1433,1.6,5,high,house,gable,False,11,12,3,2
3046,11.9167,12.4167,1.693,0.1433,0.1433,1.6,5,high,house,gable,False,11,12,5,2
3047,11.5833,12.5833,1.694,0.1433,0.1433,1.6,5,high,house,gable,False,11,12,3,3
3048,11.75,12.5833,1.697,0.1433,0.1433,1.28,4,high,house,hip,False,11,12,4,3
3049,11.9167,12.5833,1.7,0.1433,0.1433,1.6,5,high,house,gable,False,11,12,5,3
3050,11.4167,12.75,1.696,0.1433,0.1433,1.6,5,high,house,hip,False,11,12,2,4
3051,11.75,12.75,1.703,0.1433,0.1433,1.28,4,high,house,gable,False,11,12,4,4
3052,11.9167,12.75,1.706,0.1433,0.1433,0.96,3,high,house,gable,False,11,12,5,4
3053,11.4167,12.9167,1.701,0.1433,0.1433,1.92,6,high,house,hip,False,11,12,2,5
3054,11.5833,12.9167,1.706,0.1433,0.1433,1.92,6,high,house,hip,False,11,12,3,5
3055,11.75,12.9167,1.709,0.1433,0.1433,1.6,5,high,house,gable,False,11,12,4,5
3056,12.0833,12.0833,1.679,0.1433,0.1433,1.6,5,high,house,hip,False,12,12,0,0
3057,12.25,12.0833,1.68,0.1433,0.1433,1.28,4,high,house,gable,False,12,12,1,0
3058,12.4167,12.0833,1.68,0.1433,0.1433,1.92,6,high,house,gable,False,12,12,2,0
3059,12.5833,12.0833,1.679,0.1433,0.1433,1.92,6,high,house,gable,False,12,12,3,0
3060,12.75,12.0833,1.678,0.1433,0.1433,1.28,4,high,house,gable,False,12,12,4,0
3061,12.9167,12.0833,1.675,0.1433,0.1433,1.6,5,high,house,gable,False,12,12,5,0
3062,12.0833,12.25,1.687,0.1433,0.1433,1.28,4,high,house,gable,False,12,12,0,1
3063,12.25,12.25,1.688,0.1433,0.1433,1.92,6,high,house,gable,False,12,12,1,1
3064,12.4167,12.25,1.688,0.1433,0.1433,1.28,4,high,house,gable,False,12,12,2,1
3065,12.5833,12.25,1.687,0.1433,0.1433,1.6,5,high,house,hip,False,12,12,3,1
3066,12.75,12.25,1.686,0.1433,0.1433,1.28,4,high,house,hip,False,12,12,4,1
3067,12.9167,12.25,1.683,0.1433,0.1433,1.6,5,high,house,gable,False,12,12,5,1
3068,12.0833,12.5833,1.701,0.1433,0.1433,1.92,6,high,house,gable,False,12,12,0,3
3069,12.25,12.5833,1.702,0.1433,0.1433,1.92,6,high,house,hip,False,12,12,1,3
3070,12.4167,12.5833,1.702,0.1433,0.1433,1.92,6,high,house,hip,False,12,12,2,3
3071,12.5833,12.5833,1.702,0.1433,0.1433,1.92,6,high,house,gable,False,12,12,3,3
3072,12.75,12.5833,1.7,0.1433,0.1433,1.6,5,high,house,gable,False,12,12,4,3
3073,12.9167,12.5833,1.698,0.1433,0.1433,1.28,4,high,house,gable,False,12,12,5,3
3074,12.0833,12.75,1.708,0.1433,0.1433,1.28,4,high,house,hip,False,12,12,0,4
3075,12.9167,12.75,1.705,0.1433,0.1433,1.92,6,high,house,gable,False,12,12,5,4
3076,12.0833,12.9167,1.713,0.1433,0.1433,1.6,5,high,house,gable,False,12,12,0,5
3077,12.25,12.9167,1.714,0.1433,0.1433,1.6,5,high,house,hip,False,12,12,1,5
3078,12.4167,12.9167,1.715,0.1433,0.1433,1.6,5,high,house,gable,False,12,12,2,5
3079,12.5833,12.9167,1.714,0.1433,0.1433,1.28,4,high,house,gable,False,12,12,3,5
3080,12.75,12.9167,1.713,0.1433,0.1433,1.6,5,high,house,gable,False,12,12,4,5
3081,12.9167,12.9167,1.711,0.1433,0.1433,1.6,5,high,house,gable,False,12,12,5,5
3082,13.0833,12.0833,1.672,0.1433,0.1433,1.92,6,high,house,gable,False,13,12,0,0
3083,13.5833,12.0833,1.659,0.1433,0.1433,1.6,5,high,house,gable,False,13,12,3,0
3084,13.75,12.0833,1.653,0.1433,0.1433,0.96,3,high,house,hip,False,13,12,4,0
3085,13.0833,12.25,1.68,0.1433,0.1433,1.28,4,high,house,gable,False,13,12,0,1
3086,13.4167,12.25,1.672,0.1433,0.1433,1.6,5,high,house,gable,False,13,12,2,1
3087,13.5833,12.25,1.667,0.1433,0.1433,1.92,6,high,house,hip,False,13,12,3,1
3088,13.75,12.25,1.661,0.1433,0.1433,1.92,6,high,house,gable,False,13,12,4,1
3089,13.9167,12.25,1.655,0.1433,0.1433,1.6,5,high,house,hip,False,13,12,5,1
3090,13.0833,12.4167,1.688,0.1433,0.1433,1.92,6,high,house,gable,False,13,12,0,2
3091,13.4167,12.4167,1.68,0.1433,0.1433,1.6,5,high,house,hip,False,13,12,2,2
3092,13.75,12.4167,1.669,0.1433,0.1433,0.96,3,high,house,gable,False,13,12,4,2
3093,13.25,12.5833,1.691,0.1433,0.1433,0.96,3,high,house,gable,False,13,12,1,3
3094,13.4167,12.5833,1.687,0.1433,0.1433,1.6,5,high,house,hip,False,13,12,2,3
3095,13.5833,12.5833,1.682,0.1433,0.1433,1.92,6,high,house,gable,False,13,12,3,3
3096,13.75,12.5833,1.676,0.1433,0.1433,0.96,3,high,house,gable,False,13,12,4,3
3097,13.9167,12.5833,1.669,0.1433,0.1433,1.6,5,high,house,hip,False,13,12,5,3
3098,13.0833,12.75,1.702,0.1433,0.1433,1.28,4,high,house,gable,False,13,12,0,4
3099,13.25,12.75,1.698,0.1433,0.1433,1.6,5,high,house,gable,False,13,12,1,4
3100,13.9167,12.75,1.676,0.1433,0.1433,1.92,6,high,house,gable,False,13,12,5,4
3101,13.0833,12.9167,1.708,0.1433,0.1433,1.92,6,high,house,gable,False,13,12,0,5
3102,13.75,12.9167,1.689,0.1433,0.1433,0.96,3,high,house,hip,False,13,12,4,5
3103,13.9167,12.9167,1.682,0.1433,0.1433,1.92,6,high,house,hip,False,13,12,5,5
3104,14.0833,12.0833,1.639,0.1433,0.1433,1.28,4,medium,house,gable,False,14,12,0,0
3105,14.25,12.0833,1.631,0.1433,0.1433,0.64,2,medium,house,gable,False,14,12,1,0
3106,14.4167,12.0833,1.622,0.1433,0.1433,0.64,2,medium,house,gable,False,14,12,2,0
3107,14.75,12.0833,1.603,0.1433,0.1433,0.64,2,medium,house,gable,False,14,12,4,0
3108,14.9167,12.0833,1.593,0.1433,0.1433,0.96,3,medium,house,gable,False,14,12,5,0
3109,14.0833,12.25,1.647,0.1433,0.1433,0.64,2,medium,house,gable,False,14,12,0,1
3110,14.4167,12.25,1.631,0.1433,0.1433,0.96,3,medium,house,gable,False,14,12,2,1
3111,14.5833,12.25,1.622,0.1433,0.1433,0.64,2,medium,house,gable,False,14,12,3,1
3112,14.9167,12.25,1.601,0.1433,0.1433,0.96,3,medium,house,gable,False,14,12,5,1
3113,14.0833,12.4167,1.655,0.1433,0.1433,0.64,2,medium,house,gable,False,14,12,0,2
3114,14.4167,12.4167,1.639,0.1433,0.1433,0.64,2,medium,house,gable,False,14,12,2,2
3115,14.5833,12.4167,1.629,0.1433,0.1433,0.64,2,medium,house,gable,False,14,12,3,2
3116,14.0833,12.5833,1.662,0.1433,0.1433,0.64,2,medium,house,gable,False,14,12,0,3
3117,14.4167,12.5833,1.646,0.1433,0.1433,0.96,3,medium,house,gable,False,14,12,2,3
3118,14.5833,12.5833,1.637,0.1433,0.1433,0.96,3,medium,house,hip,False,14,12,3,3
3119,14.0833,12.75,1.669,0.1433,0.1433,1.28,4,medium,house,hip,False,14,12,0,4
3120,14.25,12.75,1.661,0.1433,0.1433,1.28,4,medium,house,gable,False,14,12,1,4
3121,14.4167,12.75,1.652,0.1433,0.1433,0.96,3,medium,house,hip,False,14,12,2,4
3122,14.25,12.9167,1.667,0.1433,0.1433,0.96,3,medium,house,gable,False,14,12,1,5
3123,15.0833,12.0833,1.582,0.1433,0.1433,0.96,3,high,house,gable,False,15,12,0,0
3124,15.25,12.0833,1.57,0.1433,0.1433,1.6,5,high,house,hip,False,15,12,1,0
3125,15.4167,12.0833,1.558,0.1433,0.1433,1.92,6,high,house,gable,False,15,12,2,0
3126,15.5833,12.0833,1.546,0.1433,0.1433,0.96,3,high,house,gable,False,15,12,3,0
3127,15.0833,12.25,1.59,0.1433,0.1433,0.96,3,high,house,gable,False,15,12,0,1
3128,15.4167,12.25,1.566,0.1433,0.1433,1.6,5,high,house,gable,False,15,12,2,1
3129,15.5833,12.25,1.554,0.1433,0.1433,1.92,6,high,house,gable,False,15,12,3,1
3130,15.9167,12.25,1.527,0.1433,0.1433,1.92,6,high,house,hip,False,15,12,5,1
3131,15.0833,12.4167,1.598,0.1433,0.1433,1.28,4,high,house,gable,False,15,12,0,2
3132,15.25,12.4167,1.586,0.1433,0.1433,1.6,5,high,house,gable,False,15,12,1,2
3133,15.75,12.4167,1.548,0.1433,0.1433,1.92,6,high,house,hip,False,15,12,4,2
3134,15.9167,12.4167,1.534,0.1433,0.1433,0.96,3,high,house,gable,False,15,12,5,2
3135,15.25,12.5833,1.594,0.1433,0.1433,0.96,3,high,house,gable,False,15,12,1,3
3136,15.4167,12.5833,1.581,0.1433,0.1433,1.28,4,high,house,hip,False,15,12,2,3
3137,15.5833,12.5833,1.569,0.1433,0.1433,1.28,4,high,house,hip,False,15,12,3,3
3138,15.0833,12.75,1.612,0.1433,0.1433,0.96,3,high,house,gable,False,15,12,0,4
3139,15.25,12.75,1.6,0.1433,0.1433,1.92,6,high,house,gable,False,15,12,1,4
3140,15.5833,12.75,1.575,0.1433,0.1433,0.96,3,high,house,gable,False,15,12,3,4
3141,15.4167,12.9167,1.594,0.1433,0.1433,1.28,4,high,house,hip,False,15,12,2,5
3142,15.5833,12.9167,1.581,0.1433,0.1433,1.28,4,high,house,gable,False,15,12,3,5
3143,16.25,12.0833,1.49,0.1433,0.1433,1.28,4,high,house,gable,False,16,12,1,0
3144,16.4167,12.0833,1.475,0.1433,0.1433,1.6,5,high,house,gable,False,16,12,2,0
3145,16.5833,12.0833,1.46,0.1433,0.1433,0.96,3,high,house,gable,False,16,12,3,0
3146,16.4167,12.4167,1.491,0.1433,0.1433,2.24,7,high,house,gable,False,16,12,2,2
3147,16.5833,12.4167,1.475,0.1433,0.1433,1.6,5,high,house,hip,False,16,12,3,2
3148,16.9167,12.4167,1.443,0.1433,0.1433,1.92,6,high,house,hip,False,16,12,5,2
3149,16.25,12.5833,1.513,0.1433,0.1433,0.96,3,high,house,gable,False,16,12,1,3
3150,16.4167,12.5833,1.498,0.1433,0.1433,1.92,6,high,house,gable,False,16,12,2,3
3151,16.75,12.5833,1.466,0.1433,0.1433,0.96,3,high,house,gable,False,16,12,4,3
3152,16.0833,12.75,1.534,0.1433,0.1433,0.96,3,high,house,hip,False,16,12,0,4
3153,16.4167,12.75,1.504,0.1433,0.1433,1.28,4,high,house,gable,False,16,12,2,4
3154,16.75,12.75,1.472,0.1433,0.1433,0.96,3,high,house,gable,False,16,12,4,4
3155,16.9167,12.75,1.456,0.1433,0.1433,1.28,4,high,house,gable,False,16,12,5,4
3156,16.0833,12.9167,1.54,0.1433,0.1433,1.92,6,high,house,gable,False,16,12,0,5
3157,16.25,12.9167,1.525,0.1433,0.1433,1.6,5,high,house,hip,False,16,12,1,5
3158,16.4167,12.9167,1.51,0.1433,0.1433,1.28,4,high,house,gable,False,16,12,2,5
3159,16.5833,12.9167,1.494,0.1433,0.1433,1.28,4,high,house,gable,False,16,12,3,5
3160,16.75,12.9167,1.478,0.1433,0.1433,1.6,5,high,house,hip,False,16,12,4,5
3161,16.9167,12.9167,1.462,0.1433,0.1433,1.92,6,high,house,gable,False,16,12,5,5
3162,17.0833,12.0833,1.411,0.1433,0.1433,1.92,6,high,house,gable,False,17,12,0,0
3163,17.25,12.0833,1.395,0.1433,0.1433,1.6,5,high,house,gable,False,17,12,1,0
3164,17.4167,12.0833,1.378,0.1433,0.1433,1.28,4,high,house,gable,False,17,12,2,0
3165,17.5833,12.0833,1.36,0.1433,0.1433,1.92,6,high,house,gable,False,17,12,3,0
3166,17.75,12.0833,1.343,0.1433,0.1433,1.6,5,high,house,hip,False,17,12,4,0
3167,17.9167,12.0833,1.325,0.1433,0.1433,1.28,4,high,house,hip,False,17,12,5,0
3168,17.0833,12.25,1.419,0.1433,0.1433,1.28,4,high,house,gable,False,17,12,0,1
3169,17.75,12.25,1.35,0.1433,0.1433,1.92,6,high,house,gable,False,17,12,4,1
3170,17.9167,12.25,1.332,0.1433,0.1433,1.6,5,high,house,gable,False,17,12,5,1
3171,17.25,12.4167,1.409,0.1433,0.1433,1.28,4,high,house,hip,False,17,12,1,2
3172,17.4167,12.4167,1.392,0.1433,0.1433,1.6,5,high,house,gable,False,17,12,2,2
3173,17.5833,12.4167,1.375,0.1433,0.1433,2.24,7,high,house,hip,False,17,12,3,2
3174,17.4167,12.5833,1.399,0.1433,0.1433,1.92,6,high,house,hip,False,17,12,2,3
3175,17.5833,12.75,1.387,0.1433,0.1433,1.28,4,high,house,gable,False,17,12,3,4
3176,17.75,12.75,1.37,0.1433,0.1433,0.96,3,high,house,hip,False,17,12,4,4
3177,17.4167,12.9167,1.411,0.1433,0.1433,1.92,6,high,house,gable,False,17,12,2,5
3178,17.5833,12.9167,1.393,0.1433,0.1433,1.92,6,high,house,hip,False,17,12,3,5
3179,17.75,12.9167,1.375,0.1433,0.1433,0.96,3,high,house,gable,False,17,12,4,5
3180,17.9167,12.9167,1.357,0.1433,0.1433,0.96,3,high,house,hip,False,17,12,5,5
3181,18.25,12.0833,1.289,0.1433,0.1433,1.92,6,high,house,gable,False,18,12,1,0
3182,18.4167,12.0833,1.271,0.1433,0.1433,0.96,3,high,house,gable,False,18,12,2,0
3183,18.9167,12.0833,1.215,0.1433,0.1433,1.28,4,high,house,gable,False,18,12,5,0
3184,18.25,12.25,1.296,0.1433,0.1433,1.28,4,high,house,hip,False,18,12,1,1
3185,18.5833,12.25,1.259,0.1433,0.1433,1.6,5,high,house,hip,False,18,12,3,1
3186,18.9167,12.25,1.222,0.1433,0.1433,0.96,3,high,house,gable,False,18,12,5,1
3187,18.25,12.4167,1.303,0.1433,0.1433,1.6,5,high,house,hip,False,18,12,1,2
3188,18.4167,12.4167,1.284,0.1433,0.1433,1.92,6,high,house,hip,False,18,12,2,2
3189,18.5833,12.4167,1.266,0.1433,0.1433,1.6,5,high,house,hip,False,18,12,3,2
3190,18.9167,12.4167,1.228,0.1433,0.1433,0.96,3,high,house,gable,False,18,12,5,2
3191,18.5833,12.5833,1.272,0.1433,0.1433,1.6,5,high,house,gable,False,18,12,3,3
3192,18.9167,12.5833,1.234,0.1433,0.1433,1.28,4,high,house,gable,False,18,12,5,3
3193,18.0833,12.75,1.333,0.1433,0.1433,1.92,6,high,house,gable,False,18,12,0,4
3194,18.25,12.75,1.315,0.1433,0.1433,1.92,6,high,house,gable,False,18,12,1,4
3195,18.4167,12.75,1.296,0.1433,0.1433,1.6,5,high,house,gable,False,18,12,2,4
3196,18.5833,12.75,1.277,0.1433,0.1433,0.96,3,high,house,gable,False,18,12,3,4
3197,18.9167,12.75,1.239,0.1433,0.1433,1.28,4,high,house,hip,False,18,12,5,4
3198,18.0833,12.9167,1.338,0.1433,0.1433,0.96,3,high,house,gable,False,18,12,0,5
3199,18.25,12.9167,1.32,0.1433,0.1433,0.96,3,high,house,gable,False,18,12,1,5
3200,18.4167,12.9167,1.301,0.1433,0.1433,1.28,4,high,house,gable,False,18,12,2,5
3201,18.5833,12.9167,1.282,0.1433,0.1433,1.92,6,high,house,gable,False,18,12,3,5
3202,18.9167,12.9167,1.244,0.1433,0.1433,1.92,6,high,house,gable,False,18,12,5,5
3203,19.0833,12.0833,1.196,0.1433,0.1433,1.28,4,high,house,gable,False,19,12,0,0
3204,19.25,12.0833,1.178,0.1433,0.1433,1.6,5,high,house,gable,False,19,12,1,0
3205,19.4167,12.0833,1.159,0.1433,0.1433,1.28,4,high,house,hip,False,19,12,2,0
3206,19.5833,12.0833,1.14,0.1433,0.1433,1.6,5,high,house,hip,False,19,12,3,0
3207,19.75,12.0833,1.122,0.1433,0.1433,1.6,5,high,house,gable,False,19,12,4,0
3208,19.9167,12.0833,1.103,0.1433,0.1433,1.28,4,high,house,gable,False,19,12,5,0
3209,19.0833,12.25,1.203,0.1433,0.1433,1.28,4,high,house,gable,False,19,12,0,1
3210,19.25,12.25,1.184,0.1433,0.1433,0.96,3,high,house,hip,False,19,12,1,1
3211,19.9167,12.25,1.109,0.1433,0.1433,1.28,4,high,house,gable,False,19,12,5,1
3212,19.4167,12.4167,1.171,0.1433,0.1433,1.92,6,high,house,gable,False,19,12,2,2
3213,19.5833,12.4167,1.152,0.1433,0.1433,2.24,7,high,house,gable,False,19,12,3,2
3214,19.0833,12.5833,1.215,0.1433,0.1433,1.6,5,high,house,hip,False,19,12,0,3
3215,19.25,12.5833,1.196,0.1433,0.1433,0.96,3,high,house,gable,False,19,12,1,3
3216,19.4167,12.5833,1.177,0.1433,0.1433,1.92,6,high,house,gable,False,19,12,2,3
3217,19.5833,12.5833,1.158,0.1433,0.1433,1.28,4,high,house,gable,False,19,12,3,3
3218,19.75,12.5833,1.139,0.1433,0.1433,1.28,4,high,house,gable,False,19,12,4,3
3219,19.9167,12.5833,1.12,0.1433,0.1433,0.96,3,high,house,gable,False,19,12,5,3
3220,19.0833,12.75,1.22,0.1433,0.1433,1.28,4,high,house,gable,False,19,12,0,4
3221,19.4167,12.75,1.182,0.1433,0.1433,1.28,4,high,house,gable,False,19,12,2,4
3222,19.75,12.75,1.144,0.1433,0.1433,1.92,6,high,house,gable,False,19,12,4,4
3223,19.0833,12.9167,1.225,0.1433,0.1433,1.92,6,high,house,hip,False,19,12,0,5
3224,19.25,12.9167,1.206,0.1433,0.1433,1.92,6,high,house,gable,False,19,12,1,5
3225,19.4167,12.9167,1.187,0.1433,0.1433,0.96,3,high,house,hip,False,19,12,2,5
3226,19.5833,12.9167,1.167,0.1433,0.1433,1.28,4,high,house,gable,False,19,12,3,5
3227,20.0833,12.0833,1.084,0.1433,0.1433,1.6,5,high,house,gable,False,20,12,0,0
3228,20.25,12.0833,1.066,0.1433,0.1433,0.96,3,high,house,hip,False,20,12,1,0
3229,20.4167,12.0833,1.047,0.1433,0.1433,0.96,3,high,house,gable,False,20,12,2,0
3230,20.75,12.0833,1.011,0.1433,0.1433,1.92,6,high,house,hip,False,20,12,4,0
3231,20.9167,12.25,0.998,0.1433,0.1433,1.92,6,high,house,gable,False,20,12,5,1
3232,20.0833,12.4167,1.096,0.1433,0.1433,1.6,5,high,house,gable,False,20,12,0,2
3233,20.25,12.4167,1.077,0.1433,0.1433,1.28,4,high,house,gable,False,20,12,1,2
3234,20.5833,12.4167,1.04,0.1433,0.1433,2.24,7,high,house,gable,False,20,12,3,2
3235,20.75,12.4167,1.021,0.1433,0.1433,0.96,3,high,house,gable,False,20,12,4,2
3236,20.0833,12.5833,1.101,0.1433,0.1433,1.6,5,high,house,gable,False,20,12,0,3
3237,20.25,12.5833,1.082,0.1433,0.1433,1.6,5,high,house,gable,False,20,12,1,3
3238,20.5833,12.5833,1.044,0.1433,0.1433,1.28,4,high,house,gable,False,20,12,3,3
3239,20.75,12.5833,1.026,0.1433,0.1433,0.96,3,high,house,gable,False,20,12,4,3
3240,20.9167,12.5833,1.007,0.1433,0.1433,1.92,6,high,house,hip,False,20,12,5,3
3241,20.0833,12.75,1.105,0.1433,0.1433,1.28,4,high,house,gable,False,20,12,0,4
3242,20.4167,12.75,1.068,0.1433,0.1433,0.96,3,high,house,gable,False,20,12,2,4
3243,20.9167,12.75,1.012,0.1433,0.1433,1.92,6,high,house,gable,False,20,12,5,4
3244,20.0833,12.9167,1.11,0.1433,0.1433,1.6,5,high,house,gable,False,20,12,0,5
3245,20.25,12.9167,1.091,0.1433,0.1433,1.28,4,high,house,gable,False,20,12,1,5
3246,20.4167,12.9167,1.072,0.1433,0.1433,1.28,4,high,house,gable,False,20,12,2,5
3247,20.5833,12.9167,1.053,0.1433,0.1433,1.92,6,high,house,gable,False,20,12,3,5
3248,20.75,12.9167,1.034,0.1433,0.1433,1.6,5,high,house,hip,False,20,12,4,5
3249,20.9167,12.9167,1.015,0.1433,0.1433,1.6,5,high,house,gable,False,20,12,5,5
3250,21.75,12.0833,0.906,0.1433,0.1433,1.6,5,high,house,gable,False,21,12,4,0
3251,21.9167,12.0833,0.889,0.1433,0.1433,1.28,4,high,house,gable,False,21,12,5,0
3252,21.75,12.25,0.91,0.1433,0.1433,1.28,4,high,house,gable,False,21,12,4,1
3253,21.9167,12.25,0.893,0.1433,0.1433,1.28,4,high,house,hip,False,21,12,5,1
3254,21.0833,12.4167,0.985,0.1433,0.1433,1.92,6,high,house,gable,False,21,12,0,2
3255,21.5833,12.4167,0.932,0.1433,0.1433,1.92,6,high,house,hip,False,21,12,3,2
3256,21.75,12.4167,0.914,0.1433,0.1433,1.28,4,high,house,gable,False,21,12,4,2
3257,21.9167,12.4167,0.897,0.1433,0.1433,1.6,5,high,house,gable,False,21,12,5,2
3258,21.0833,12.5833,0.989,0.1433,0.1433,1.92,6,high,house,gable,False,21,12,0,3
3259,21.25,12.5833,0.971,0.1433,0.1433,1.6,5,high,house,gable,False,21,12,1,3
3260,21.75,12.5833,0.918,0.1433,0.1433,0.96,3,high,house,hip,False,21,12,4,3
3261,21.9167,12.5833,0.901,0.1433,0.1433,1.92,6,high,house,gable,False,21,12,5,3
3262,21.0833,12.75,0.993,0.1433,0.1433,1.92,6,high,house,hip,False,21,12,0,4
3263,21.25,12.75,0.975,0.1433,0.1433,0.96,3,high,house,gable,False,21,12,1,4
3264,21.5833,12.75,0.939,0.1433,0.1433,1.6,5,high,house,gable,False,21,12,3,4
3265,21.75,12.75,0.922,0.1433,0.1433,1.92,6,high,house,gable,False,21,12,4,4
3266,21.0833,12.9167,0.997,0.1433,0.1433,1.6,5,high,house,gable,False,21,12,0,5
3267,21.25,12.9167,0.979,0.1433,0.1433,1.92,6,high,house,gable,False,21,12,1,5
3268,21.5833,12.9167,0.943,0.1433,0.1433,0.96,3,high,house,hip,False,21,12,3,5
3269,21.75,12.9167,0.925,0.1433,0.1433,1.92,6,high,house,gable,False,21,12,4,5
3270,21.9167,12.9167,0.908,0.1433,0.1433,1.92,6,high,house,gable,False,21,12,5,5
3271,22.4167,12.0833,0.84,0.1433,0.1433,0.96,3,high,house,gable,False,22,12,2,0
3272,22.5833,12.0833,0.824,0.1433,0.1433,1.92,6,high,house,hip,False,22,12,3,0
3273,22.75,12.0833,0.808,0.1433,0.1433,1.6,5,high,house,hip,False,22,12,4,0
3274,22.9167,12.0833,0.793,0.1433,0.1433,0.96,3,high,house,gable,False,22,12,5,0
3275,22.0833,12.25,0.876,0.1433,0.1433,1.6,5,high,house,gable,False,22,12,0,1
3276,22.4167,12.25,0.844,0.1433,0.1433,1.28,4,high,house,gable,False,22,12,2,1
3277,22.5833,12.25,0.828,0.1433,0.1433,1.6,5,high,house,hip,False,22,12,3,1
3278,22.9167,12.25,0.796,0.1433,0.1433,1.92,6,high,house,gable,False,22,12,5,1
3279,22.25,12.4167,0.864,0.1433,0.1433,0.96,3,high,house,gable,False,22,12,1,2
3280,22.5833,12.4167,0.831,0.1433,0.1433,2.24,7,high,house,hip,False,22,12,3,2
3281,22.75,12.4167,0.815,0.1433,0.1433,0.96,3,high,house,gable,False,22,12,4,2
3282,22.9167,12.4167,0.8,0.1433,0.1433,1.92,6,high,house,hip,False,22,12,5,2
3283,22.0833,12.5833,0.884,0.1433,0.1433,1.28,4,high,house,gable,False,22,12,0,3
3284,22.25,12.5833,0.867,0.1433,0.1433,0.96,3,high,house,hip,False,22,12,1,3
3285,22.5833,12.5833,0.834,0.1433,0.1433,2.24,7,high,house,gable,False,22,12,3,3
3286,22.9167,12.5833,0.803,0.1433,0.1433,1.28,4,high,house,gable,False,22,12,5,3
3287,22.0833,12.75,0.887,0.1433,0.1433,1.6,5,high,house,hip,False,22,12,0,4
3288,22.25,12.75,0.87,0.1433,0.1433,1.28,4,high,house,gable,False,22,12,1,4
3289,22.5833,12.75,0.837,0.1433,0.1433,1.6,5,high,house,hip,False,22,12,3,4
3290,22.75,12.75,0.821,0.1433,0.1433,1.92,6,high,house,hip,False,22,12,4,4
3291,22.9167,12.75,0.805,0.1433,0.1433,1.6,5,high,house,gable,False,22,12,5,4
3292,22.0833,12.9167,0.89,0.1433,0.1433,1.28,4,high,house,gable,False,22,12,0,5
3293,22.25,12.9167,0.873,0.1433,0.1433,0.96,3,high,house,gable,False,22,12,1,5
3294,22.4167,12.9167,0.857,0.1433,0.1433,0.96,3,high,house,gable,False,22,12,2,5
3295,22.75,12.9167,0.824,0.1433,0.1433,0.96,3,high,house,gable,False,22,12,4,5
3296,22.9167,12.9167,0.808,0.1433,0.1433,0.96,3,high,house,gable,False,22,12,5,5
3297,23.0833,12.0833,0.778,0.1433,0.1433,0.96,3,high,house,gable,False,23,12,0,0
3298,23.25,12.0833,0.763,0.1433,0.1433,1.6,5,high,house,hip,False,23,12,1,0
3299,23.4167,12.0833,0.749,0.1433,0.1433,0.96,3,high,house,gable,False,23,12,2,0
3300,23.5833,12.0833,0.734,0.1433,0.1433,1.92,6,high,house,gable,False,23,12,3,0
3301,23.4167,12.25,0.752,0.1433,0.1433,1.92,6,high,house,gable,False,23,12,2,1
3302,23.5833,12.25,0.737,0.1433,0.1433,1.28,4,high,house,gable,False,23,12,3,1
3303,23.75,12.25,0.723,0.1433,0.1433,1.28,4,high,house,hip,False,23,12,4,1
3304,23.25,12.4167,0.769,0.1433,0.1433,1.92,6,high,house,gable,False,23,12,1,2
3305,23.5833,12.4167,0.74,0.1433,0.1433,2.24,7,high,house,gable,False,23,12,3,2
3306,23.4167,12.5833,0.757,0.1433,0.1433,1.92,6,high,house,gable,False,23,12,2,3
3307,23.75,12.5833,0.728,0.1433,0.1433,1.28,4,high,house,hip,False,23,12,4,3
3308,23.9167,12.5833,0.714,0.1433,0.1433,1.6,5,high,house,hip,False,23,12,5,3
3309,23.0833,12.75,0.79,0.1433,0.1433,1.28,4,high,house,gable,False,23,12,0,4
3310,23.25,12.75,0.774,0.1433,0.1433,1.28,4,high,house,gable,False,23,12,1,4
3311,23.4167,12.75,0.759,0.1433,0.1433,1.92,6,high,house,hip,False,23,12,2,4
3312,23.5833,12.75,0.745,0.1433,0.1433,1.28,4,high,house,gable,False,23,12,3,4
3313,23.75,12.75,0.73,0.1433,0.1433,0.96,3,high,house,gable,False,23,12,4,4
3314,23.9167,12.75,0.716,0.1433,0.1433,1.92,6,high,house,gable,False,23,12,5,4
3315,23.0833,12.9167,0.792,0.1433,0.1433,1.6,5,high,house,gable,False,23,12,0,5
3316,23.25,12.9167,0.777,0.1433,0.1433,1.6,5,high,house,gable,False,23,12,1,5
3317,23.4167,12.9167,0.762,0.1433,0.1433,1.92,6,high,house,gable,False,23,12,2,5
3318,23.75,12.9167,0.732,0.1433,0.1433,1.6,5,high,house,gable,False,23,12,4,5
3319,23.9167,12.9167,0.718,0.1433,0.1433,1.6,5,high,house,gable,False,23,12,5,5
3320,24.75,12.5833,0.648,0.1433,0.1433,0.96,3,medium,house,gable,False,24,12,4,3
3321,24.9167,12.5833,0.636,0.1433,0.1433,0.96,3,medium,house,hip,False,24,12,5,3
3322,24.75,12.75,0.65,0.1433,0.1433,1.28,4,medium,house,gable,False,24,12,4,4
3323,24.9167,12.75,0.638,0.1433,0.1433,0.96,3,medium,house,gable,False,24,12,5,4
3324,24.75,12.9167,0.651,0.1433,0.1433,0.96,3,medium,house,hip,False,24,12,4,5
3325,24.9167,12.9167,0.639,0.1433,0.1433,0.96,3,medium,house,gable,False,24,12,5,5
3326,25.25,12.0833,0.608,0.1433,0.1433,0.64,2,medium,house,gable,False,25,12,1,0
3327,25.4167,12.0833,0.597,0.1433,0.1433,0.96,3,medium,house,hip,False,25,12,2,0
3328,25.5833,12.0833,0.586,0.1433,0.1433,1.28,4,medium,house,gable,False,25,12,3,0
3329,25.75,12.0833,0.575,0.1433,0.1433,0.96,3,medium,house,gable,False,25,12,4,0
3330,25.9167,12.0833,0.565,0.1433,0.1433,0.96,3,medium,house,gable,False,25,12,5,0
3331,25.25,12.25,0.61,0.1433,0.1433,1.28,4,medium,house,gable,False,25,12,1,1
3332,25.4167,12.25,0.598,0.1433,0.1433,0.64,2,medium,house,gable,False,25,12,2,1
3333,25.9167,12.25,0.566,0.1433,0.1433,0.96,3,medium,house,gable,False,25,12,5,1
3334,25.25,12.4167,0.611,0.1433,0.1433,0.64,2,medium,house,hip,False,25,12,1,2
3335,25.0833,12.5833,0.624,0.1433,0.1433,0.64,2,medium,house,gable,False,25,12,0,3
3336,25.4167,12.5833,0.601,0.1433,0.1433,1.28,4,medium,house,hip,False,25,12,2,3
3337,25.5833,12.5833,0.59,0.1433,0.1433,1.28,4,medium,house,hip,False,25,12,3,3
3338,25.75,12.5833,0.578,0.1433,0.1433,1.28,4,medium,house,gable,False,25,12,4,3
3339,25.9167,12.5833,0.568,0.1433,0.1433,0.64,2,medium,house,gable,False,25,12,5,3
3340,25.0833,12.75,0.625,0.1433,0.1433,0.96,3,medium,house,hip,False,25,12,0,4
3341,25.25,12.75,0.613,0.1433,0.1433,0.96,3,medium,house,gable,False,25,12,1,4
3342,25.4167,12.75,0.602,0.1433,0.1433,1.28,4,medium,house,hip,False,25,12,2,4
3343,25.75,12.75,0.579,0.1433,0.1433,0.64,2,medium,house,gable,False,25,12,4,4
3344,25.9167,12.75,0.569,0.1433,0.1433,1.28,4,medium,house,hip,False,25,12,5,4
3345,25.25,12.9167,0.615,0.1433,0.1433,0.64,2,medium,house,gable,False,25,12,1,5
3346,25.4167,12.9167,0.603,0.1433,0.1433,0.96,3,medium,house,gable,False,25,12,2,5
3347,25.5833,12.9167,0.591,0.1433,0.1433,1.28,4,medium,house,gable,False,25,12,3,5
3348,25.75,12.9167,0.58,0.1433,0.1433,1.28,4,medium,house,gable,False,25,12,4,5
3349,25.9167,12.9167,0.569,0.1433,0.1433,1.28,4,medium,house,gable,False,25,12,5,5
3350,26.0833,12.4167,0.556,0.1433,0.1433,0.96,3,medium,house,gable,False,26,12,0,2
3351,26.25,12.4167,0.546,0.1433,0.1433,0.64,2,medium,house,gable,False,26,12,1,2
3352,26.5833,12.4167,0.526,0.1433,0.1433,1.28,4,medium,house,gable,False,26,12,3,2
3353,26.75,12.4167,0.517,0.1433,0.1433,0.64,2,medium,house,hip,False,26,12,4,2
3354,26.9167,12.4167,0.507,0.1433,0.1433,0.64,2,medium,house,gable,False,26,12,5,2
3355,26.0833,12.5833,0.557,0.1433,0.1433,1.28,4,medium,house,hip,False,26,12,0,3
3356,26.4167,12.5833,0.537,0.1433,0.1433,0.96,3,medium,house,gable,False,26,12,2,3
3357,26.75,12.5833,0.517,0.1433,0.1433,0.96,3,medium,house,hip,False,26,12,4,3
3358,26.9167,12.5833,0.508,0.1433,0.1433,0.64,2,medium,house,gable,False,26,12,5,3
3359,26.0833,12.75,0.558,0.1433,0.1433,1.28,4,medium,house,hip,False,26,12,0,4
3360,26.4167,12.75,0.537,0.1433,0.1433,0.96,3,medium,house,hip,False,26,12,2,4
3361,26.5833,12.75,0.527,0.1433,0.1433,0.64,2,medium,house,gable,False,26,12,3,4
3362,26.9167,12.75,0.508,0.1433,0.1433,1.28,4,medium,house,hip,False,26,12,5,4
3363,26.0833,12.9167,0.559,0.1433,0.1433,0.64,2,medium,house,gable,False,26,12,0,5
3364,26.25,12.9167,0.548,0.1433,0.1433,1.28,4,medium,house,gable,False,26,12,1,5
3365,26.4167,12.9167,0.538,0.1433,0.1433,0.64,2,medium,house,gable,False,26,12,2,5
3366,26.75,12.9167,0.518,0.1433,0.1433,1.28,4,medium,house,hip,False,26,12,4,5
3367,26.9167,12.9167,0.508,0.1433,0.1433,0.64,2,medium,house,gable,False,26,12,5,5
3368,27.0833,12.5833,0.498,0.1433,0.1433,0.64,2,low,house,gable,False,27,12,0,3
3369,27.0833,12.75,0.498,0.1433,0.1433,0.32,1,low,house,gable,False,27,12,0,4
3370,27.25,12.75,0.489,0.1433,0.1433,0.64,2,low,house,gable,False,27,12,1,4
3371,3.0833,13.0833,0.696,0.1433,0.1433,1.28,4,high,house,gable,False,3,13,0,0
3372,3.25,13.0833,0.724,0.1433,0.1433,1.92,6,high,house,gable,False,3,13,1,0
3373,3.4167,13.0833,0.753,0.1433,0.1433,0.96,3,high,house,hip,False,3,13,2,0
3374,3.75,13.0833,0.81,0.1433,0.1433,1.92,6,high,house,gable,False,3,13,4,0
3375,3.9167,13.0833,0.838,0.1433,0.1433,1.92,6,high,house,gable,False,3,13,5,0
3376,3.0833,13.25,0.696,0.1433,0.1433,0.96,3,high,house,gable,False,3,13,0,1
3377,3.4167,13.25,0.754,0.1433,0.1433,0.96,3,high,house,hip,False,3,13,2,1
3378,3.75,13.25,0.811,0.1433,0.1433,1.92,6,high,house,gable,False,3,13,4,1
3379,3.9167,13.25,0.839,0.1433,0.1433,0.96,3,high,house,gable,False,3,13,5,1
3380,3.0833,13.4167,0.697,0.1433,0.1433,1.92,6,high,house,gable,False,3,13,0,2
3381,3.4167,13.4167,0.754,0.1433,0.1433,1.92,6,high,house,gable,False,3,13,2,2
3382,3.5833,13.4167,0.783,0.1433,0.1433,1.28,4,high,house,hip,False,3,13,3,2
3383,3.9167,13.4167,0.84,0.1433,0.1433,1.92,6,high,house,gable,False,3,13,5,2
3384,3.0833,13.5833,0.698,0.1433,0.1433,0.96,3,high,house,hip,False,3,13,0,3
3385,3.25,13.5833,0.726,0.1433,0.1433,1.6,5,high,house,gable,False,3,13,1,3
3386,3.4167,13.5833,0.755,0.1433,0.1433,1.28,4,high,house,gable,False,3,13,2,3
3387,3.9167,13.5833,0.841,0.1433,0.1433,1.6,5,high,house,gable,False,3,13,5,3
3388,3.0833,13.75,0.698,0.1433,0.1433,1.28,4,high,house,gable,False,3,13,0,4
3389,3.25,13.75,0.727,0.1433,0.1433,1.92,6,high,house,gable,False,3,13,1,4
3390,3.75,13.75,0.813,0.1433,0.1433,1.6,5,high,house,hip,False,3,13,4,4
3391,3.9167,13.75,0.842,0.1433,0.1433,1.6,5,high,house,hip,False,3,13,5,4
3392,3.25,13.9167,0.728,0.1433,0.1433,1.92,6,high,house,gable,False,3,13,1,5
3393,3.4167,13.9167,0.756,0.1433,0.1433,1.92,6,high,house,gable,False,3,13,2,5
3394,3.9167,13.9167,0.843,0.1433,0.1433,0.96,3,high,house,hip,False,3,13,5,5
3395,4.0833,13.0833,0.867,0.1433,0.1433,1.6,5,high,house,gable,False,4,13,0,0
3396,4.25,13.0833,0.895,0.1433,0.1433,1.6,5,high,house,gable,False,4,13,1,0
3397,4.4167,13.0833,0.923,0.1433,0.1433,1.92,6,high,house,gable,False,4,13,2,0
3398,4.5833,13.0833,0.951,0.1433,0.1433,0.96,3,high,house,gable,False,4,13,3,0
3399,4.25,13.25,0.896,0.1433,0.1433,0.96,3,high,house,gable,False,4,13,1,1
3400,4.5833,13.25,0.952,0.1433,0.1433,0.96,3,high,house,hip,False,4,13,3,1
3401,4.0833,13.4167,0.869,0.1433,0.1433,0.96,3,high,house,gable,False,4,13,0,2
3402,4.5833,13.4167,0.954,0.1433,0.1433,1.6,5,high,house,gable,False,4,13,3,2
3403,4.9167,13.4167,1.009,0.1433,0.1433,1.92,6,high,house,hip,False,4,13,5,2
3404,4.0833,13.5833,0.87,0.1433,0.1433,0.96,3,high,house,gable,False,4,13,0,3
3405,4.4167,13.5833,0.927,0.1433,0.1433,1.92,6,high,house,gable,False,4,13,2,3
3406,4.75,13.5833,0.983,0.1433,0.1433,1.6,5,high,house,gable,False,4,13,4,3
3407,4.9167,13.5833,1.011,0.1433,0.1433,1.28,4,high,house,gable,False,4,13,5,3
3408,4.0833,13.75,0.871,0.1433,0.1433,1.6,5,high,house,gable,False,4,13,0,4
3409,4.4167,13.75,0.928,0.1433,0.1433,0.96,3,high,house,hip,False,4,13,2,4
3410,4.9167,13.75,1.012,0.1433,0.1433,1.6,5,high,house,hip,False,4,13,5,4
3411,4.0833,13.9167,0.872,0.1433,0.1433,0.96,3,high,house,hip,False,4,13,0,5
3412,4.25,13.9167,0.9,0.1433,0.1433,1.28,4,high,house,gable,False,4,13,1,5
3413,4.4167,13.9167,0.928,0.1433,0.1433,1.92,6,high,house,gable,False,4,13,2,5
3414,4.5833,13.9167,0.957,0.1433,0.1433,1.92,6,high,house,hip,False,4,13,3,5
3415,5.75,13.25,1.142,0.1433,0.1433,0.96,3,low,house,gable,False,5,13,4,1
3416,5.5833,13.4167,1.118,0.1433,0.1433,0.64,2,low,house,gable,False,5,13,3,2
3417,5.75,13.4167,1.144,0.1433,0.1433,0.64,2,low,house,hip,False,5,13,4,2
3418,5.9167,13.4167,1.17,0.1433,0.1433,0.32,1,low,house,hip,False,5,13,5,2
3419,5.75,13.5833,1.146,0.1433,0.1433,0.32,1,low,house,gable,False,5,13,4,3
3420,5.5833,13.75,1.12,0.1433,0.1433,0.64,2,low,house,gable,False,5,13,3,4
3421,5.75,13.75,1.147,0.1433,0.1433,0.32,1,low,house,gable,False,5,13,4,4
3422,5.4167,13.9167,1.095,0.1433,0.1433,0.96,3,low,house,gable,False,5,13,2,5
3423,5.5833,13.9167,1.122,0.1433,0.1433,0.32,1,low,house,gable,False,5,13,3,5
3424,5.75,13.9167,1.148,0.1433,0.1433,0.64,2,low,house,gable,False,5,13,4,5
3425,7.0833,13.0833,1.336,0.1433,0.1433,0.96,3,high,house,hip,False,7,13,0,0
3426,7.25,13.0833,1.358,0.1433,0.1433,1.92,6,high,house,gable,False,7,13,1,0
3427,7.5833,13.0833,1.401,0.1433,0.1433,0.96,3,high,house,gable,False,7,13,3,0
3428,7.75,13.0833,1.422,0.1433,0.1433,1.28,4,high,house,gable,False,7,13,4,0
3429,7.9167,13.0833,1.442,0.1433,0.1433,1.6,5,high,house,gable,False,7,13,5,0
3430,7.0833,13.25,1.338,0.1433,0.1433,0.96,3,high,house,gable,False,7,13,0,1
3431,7.25,13.25,1.361,0.1433,0.1433,1.28,4,high,house,gable,False,7,13,1,1
3432,7.4167,13.25,1.383,0.1433,0.1433,1.28,4,high,house,gable,False,7,13,2,1
3433,7.75,13.25,1.425,0.1433,0.1433,1.28,4,high,house,gable,False,7,13,4,1
3434,7.0833,13.4167,1.341,0.1433,0.1433,0.96,3,high,house,gable,False,7,13,0,2
3435,7.4167,13.4167,1.385,0.1433,0.1433,1.28,4,high,house,hip,False,7,13,2,2
3436,7.5833,13.4167,1.407,0.1433,0.1433,1.28,4,high,house,gable,False,7,13,3,2
3437,7.75,13.4167,1.427,0.1433,0.1433,1.28,4,high,house,hip,False,7,13,4,2
3438,7.9167,13.4167,1.448,0.1433,0.1433,1.6,5,high,house,gable,False,7,13,5,2
3439,7.5833,13.5833,1.409,0.1433,0.1433,2.24,7,high,house,gable,False,7,13,3,3
3440,7.4167,13.75,1.389,0.1433,0.1433,1.28,4,high,house,gable,False,7,13,2,4
3441,7.5833,13.75,1.411,0.1433,0.1433,1.92,6,high,house,hip,False,7,13,3,4
3442,7.75,13.75,1.432,0.1433,0.1433,0.96,3,high,house,gable,False,7,13,4,4
3443,7.5833,13.9167,1.412,0.1433,0.1433,1.6,5,high,house,gable,False,7,13,3,5
3444,7.75,13.9167,1.434,0.1433,0.1433,0.96,3,high,house,gable,False,7,13,4,5
3445,8.0833,13.0833,1.461,0.1433,0.1433,1.92,6,high,house,hip,False,8,13,0,0
3446,8.25,13.0833,1.48,0.1433,0.1433,1.6,5,high,house,gable,False,8,13,1,0
3447,8.4167,13.0833,1.499,0.1433,0.1433,0.96,3,high,house,gable,False,8,13,2,0
3448,8.5833,13.0833,1.516,0.1433,0.1433,1.92,6,high,house,gable,False,8,13,3,0
3449,8.75,13.0833,1.533,0.1433,0.1433,0.96,3,high,house,gable,False,8,13,4,0
3450,8.25,13.25,1.484,0.1433,0.1433,0.96,3,high,house,gable,False,8,13,1,1
3451,8.0833,13.4167,1.467,0.1433,0.1433,1.28,4,high,house,gable,False,8,13,0,2
3452,8.4167,13.4167,1.505,0.1433,0.1433,1.28,4,high,house,hip,False,8,13,2,2
3453,8.5833,13.4167,1.523,0.1433,0.1433,2.24,7,high,house,gable,False,8,13,3,2
3454,8.75,13.4167,1.54,0.1433,0.1433,0.96,3,high,house,hip,False,8,13,4,2
3455,8.9167,13.4167,1.556,0.1433,0.1433,1.92,6,high,house,hip,False,8,13,5,2
3456,8.0833,13.5833,1.47,0.1433,0.1433,1.28,4,high,house,hip,False,8,13,0,3
3457,8.4167,13.5833,1.508,0.1433,0.1433,1.28,4,high,house,hip,False,8,13,2,3
3458,8.5833,13.5833,1.526,0.1433,0.1433,2.24,7,high,house,gable,False,8,13,3,3
3459,8.9167,13.5833,1.559,0.1433,0.1433,1.6,5,high,house,gable,False,8,13,5,3
3460,8.0833,13.75,1.472,0.1433,0.1433,1.92,6,high,house,gable,False,8,13,0,4
3461,8.4167,13.75,1.51,0.1433,0.1433,1.92,6,high,house,gable,False,8,13,2,4
3462,8.5833,13.75,1.528,0.1433,0.1433,1.28,4,high,house,gable,False,8,13,3,4
3463,8.9167,13.75,1.562,0.1433,0.1433,1.6,5,high,house,gable,False,8,13,5,4
3464,8.0833,13.9167,1.474,0.1433,0.1433,1.92,6,high,house,gable,False,8,13,0,5
3465,8.25,13.9167,1.493,0.1433,0.1433,1.6,5,high,house,gable,False,8,13,1,5
3466,8.4167,13.9167,1.512,0.1433,0.1433,1.28,4,high,house,gable,False,8,13,2,5
3467,8.5833,13.9167,1.53,0.1433,0.1433,1.28,4,high,house,hip,False,8,13,3,5
3468,8.75,13.9167,1.547,0.1433,0.1433,0.96,3,high,house,gable,False,8,13,4,5
3469,8.9167,13.9167,1.564,0.1433,0.1433,0.96,3,high,house,gable,False,8,13,5,5
3470,9.4167,13.0833,1.595,0.1433,0.1433,1.6,5,high,house,gable,False,9,13,2,0
3471,9.5833,13.0833,1.608,0.1433,0.1433,0.96,3,high,house,hip,False,9,13,3,0
3472,9.75,13.0833,1.621,0.1433,0.1433,1.28,4,high,house,gable,False,9,13,4,0
3473,9.9167,13.0833,1.633,0.1433,0.1433,0.96,3,high,house,gable,False,9,13,5,0
3474,9.5833,13.25,1.612,0.1433,0.1433,1.92,6,high,house,gable,False,9,13,3,1
3475,9.9167,13.25,1.637,0.1433,0.1433,1.28,4,high,house,gable,False,9,13,5,1
3476,9.4167,13.4167,1.602,0.1433,0.1433,2.24,7,high,house,gable,False,9,13,2,2
3477,9.5833,13.4167,1.615,0.1433,0.1433,2.24,7,high,house,gable,False,9,13,3,2
3478,9.75,13.4167,1.628,0.1433,0.1433,1.92,6,high,house,gable,False,9,13,4,2
3479,9.4167,13.5833,1.605,0.1433,0.1433,1.92,6,high,house,gable,False,9,13,2,3
3480,9.4167,13.75,1.607,0.1433,0.1433,1.92,6,high,house,gable,False,9,13,2,4
3481,9.5833,13.75,1.621,0.1433,0.1433,1.92,6,high,house,gable,False,9,13,3,4
3482,9.9167,13.75,1.646,0.1433,0.1433,1.92,6,high,house,hip,False,9,13,5,4
3483,9.5833,13.9167,1.623,0.1433,0.1433,0.96,3,high,house,gable,False,9,13,3,5
3484,9.75,13.9167,1.636,0.1433,0.1433,1.6,5,high,house,hip,False,9,13,4,5
3485,9.9167,13.9167,1.648,0.1433,0.1433,1.92,6,high,house,hip,False,9,13,5,5
3486,10.0833,13.4167,1.652,0.1433,0.1433,0.96,3,high,house,gable,False,10,13,0,2
3487,10.25,13.4167,1.662,0.1433,0.1433,1.92,6,high,house,hip,False,10,13,1,2
3488,10.4167,13.4167,1.672,0.1433,0.1433,2.24,7,high,house,hip,False,10,13,2,2
3489,10.5833,13.4167,1.681,0.1433,0.1433,1.6,5,high,house,hip,False,10,13,3,2
3490,10.9167,13.4167,1.697,0.1433,0.1433,1.28,4,high,house,gable,False,10,13,5,2
3491,10.0833,13.5833,1.655,0.1433,0.1433,0.96,3,high,house,gable,False,10,13,0,3
3492,10.75,13.5833,1.693,0.1433,0.1433,1.92,6,high,house,gable,False,10,13,4,3
3493,10.9167,13.5833,1.701,0.1433,0.1433,1.28,4,high,house,hip,False,10,13,5,3
3494,10.0833,13.75,1.658,0.1433,0.1433,1.92,6,high,house,gable,False,10,13,0,4
3495,10.25,13.75,1.668,0.1433,0.1433,0.96,3,high,house,gable,False,10,13,1,4
3496,10.4167,13.75,1.678,0.1433,0.1433,0.96,3,high,house,hip,False,10,13,2,4
3497,10.5833,13.75,1.688,0.1433,0.1433,1.28,4,high,house,gable,False,10,13,3,4
3498,10.0833,13.9167,1.66,0.1433,0.1433,0.96,3,high,house,gable,False,10,13,0,5
3499,10.4167,13.9167,1.681,0.1433,0.1433,0.96,3,high,house,gable,False,10,13,2,5
3500,10.5833,13.9167,1.69,0.1433,0.1433,1.6,5,high,house,gable,False,10,13,3,5
3501,10.75,13.9167,1.698,0.1433,0.1433,1.6,5,high,house,gable,False,10,13,4,5
3502,11.0833,13.0833,1.696,0.1433,0.1433,1.92,6,high,house,hip,False,11,13,0,0
3503,11.25,13.0833,1.701,0.1433,0.1433,1.6,5,high,house,gable,False,11,13,1,0
3504,11.4167,13.0833,1.706,0.1433,0.1433,1.92,6,high,house,gable,False,11,13,2,0
3505,11.5833,13.0833,1.711,0.1433,0.1433,1.6,5,high,house,gable,False,11,13,3,0
3506,11.75,13.0833,1.714,0.1433,0.1433,1.92,6,high,house,gable,False,11,13,4,0
3507,11.9167,13.0833,1.717,0.1433,0.1433,0.96,3,high,house,gable,False,11,13,5,0
3508,11.0833,13.25,1.7,0.1433,0.1433,1.28,4,high,house,gable,False,11,13,0,1
3509,11.9167,13.25,1.721,0.1433,0.1433,0.96,3,high,house,gable,False,11,13,5,1
3510,11.0833,13.4167,1.704,0.1433,0.1433,1.92,6,high,house,hip,False,11,13,0,2
3511,11.25,13.4167,1.71,0.1433,0.1433,1.6,5,high,house,hip,False,11,13,1,2
3512,11.5833,13.4167,1.719,0.1433,0.1433,1.28,4,high,house,hip,False,11,13,3,2
3513,11.75,13.4167,1.723,0.1433,0.1433,0.96,3,high,house,gable,False,11,13,4,2
3514,11.9167,13.4167,1.726,0.1433,0.1433,1.6,5,high,house,gable,False,11,13,5,2
3515,11.75,13.5833,1.726,0.1433,0.1433,1.28,4,high,house,gable,False,11,13,4,3
3516,11.0833,13.75,1.71,0.1433,0.1433,1.92,6,high,house,gable,False,11,13,0,4
3517,11.4167,13.75,1.722,0.1433,0.1433,1.28,4,high,house,hip,False,11,13,2,4
3518,11.5833,13.75,1.726,0.1433,0.1433,0.96,3,high,house,gable,False,11,13,3,4
3519,11.9167,13.75,1.732,0.1433,0.1433,1.6,5,high,house,hip,False,11,13,5,4
3520,11.0833,13.9167,1.713,0.1433,0.1433,0.96,3,high,house,gable,False,11,13,0,5
3521,11.25,13.9167,1.719,0.1433,0.1433,1.6,5,high,house,gable,False,11,13,1,5
3522,11.4167,13.9167,1.724,0.1433,0.1433,0.96,3,high,house,gable,False,11,13,2,5
3523,11.5833,13.9167,1.728,0.1433,0.1433,1.6,5,high,house,gable,False,11,13,3,5
3524,11.75,13.9167,1.732,0.1433,0.1433,1.6,5,high,house,gable,False,11,13,4,5
3525,12.4167,13.0833,1.72,0.1433,0.1433,1.92,6,high,house,gable,False,12,13,2,0
3526,12.5833,13.0833,1.719,0.1433,0.1433,0.96,3,high,house,hip,False,12,13,3,0
3527,12.9167,13.0833,1.716,0.1433,0.1433,1.6,5,high,house,gable,False,12,13,5,0
3528,12.5833,13.25,1.724,0.1433,0.1433,1.92,6,high,house,hip,False,12,13,3,1
3529,12.75,13.25,1.723,0.1433,0.1433,1.28,4,high,house,gable,False,12,13,4,1
3530,12.9167,13.25,1.721,0.1433,0.1433,1.6,5,high,house,gable,False,12,13,5,1
3531,12.4167,13.4167,1.729,0.1433,0.1433,2.24,7,high,house,gable,False,12,13,2,2
3532,12.0833,13.5833,1.731,0.1433,0.1433,1.6,5,high,house,gable,False,12,13,0,3
3533,12.25,13.5833,1.732,0.1433,0.1433,1.28,4,high,house,gable,False,12,13,1,3
3534,12.4167,13.5833,1.733,0.1433,0.1433,2.24,7,high,house,hip,False,12,13,2,3
3535,12.5833,13.5833,1.732,0.11,0.11,3.2,10,high,tower,flat,True,12,13,3,3
3536,12.9167,13.5833,1.729,0.1433,0.1433,0.96,3,high,house,gable,False,12,13,5,3
3537,12.0833,13.75,1.734,0.1433,0.1433,0.96,3,high,house,hip,False,12,13,0,4
3538,12.4167,13.75,1.736,0.1433,0.1433,0.96,3,high,house,hip,False,12,13,2,4
3539,12.5833,13.75,1.735,0.1433,0.1433,1.6,5,high,house,gable,False,12,13,3,4
3540,12.75,13.75,1.734,0.1433,0.1433,0.96,3,high,house,gable,False,12,13,4,4
3541,12.9167,13.75,1.732,0.1433,0.1433,0.96,3,high,house,hip,False,12,13,5,4
3542,12.0833,13.9167,1.737,0.1433,0.1433,1.6,5,high,house,gable,False,12,13,0,5
3543,12.25,13.9167,1.738,0.1433,0.1433,1.92,6,high,house,gable,False,12,13,1,5
3544,12.5833,13.9167,1.738,0.1433,0.1433,0.96,3,high,house,gable,False,12,13,3,5
3545,12.9167,13.9167,1.735,0.1433,0.1433,1.28,4,high,house,gable,False,12,13,5,5
3546,13.0833,13.0833,1.713,0.1433,0.1433,1.28,4,high,house,gable,False,13,13,0,0
3547,13.25,13.0833,1.71,0.1433,0.1433,1.28,4,high,house,hip,False,13,13,1,0
3548,13.5833,13.0833,1.7,0.1433,0.1433,1.92,6,high,house,gable,False,13,13,3,0
3549,13.75,13.0833,1.694,0.1433,0.1433,0.96,3,high,house,gable,False,13,13,4,0
3550,13.9167,13.0833,1.688,0.1433,0.1433,1.92,6,high,house,gable,False,13,13,5,0
3551,13.0833,13.25,1.718,0.1433,0.1433,0.96,3,high,house,gable,False,13,13,0,1
3552,13.5833,13.25,1.705,0.1433,0.1433,0.96,3,high,house,gable,False,13,13,3,1
3553,13.9167,13.25,1.693,0.1433,0.1433,0.96,3,high,house,hip,False,13,13,5,1
3554,13.0833,13.4167,1.723,0.1433,0.1433,1.92,6,high,house,hip,False,13,13,0,2
3555,13.4167,13.4167,1.715,0.1433,0.1433,2.24,7,high,house,gable,False,13,13,2,2
3556,13.75,13.4167,1.704,0.1433,0.1433,1.6,5,high,house,gable,False,13,13,4,2
3557,13.9167,13.4167,1.697,0.1433,0.1433,1.28,4,high,house,gable,False,13,13,5,2
3558,13.0833,13.5833,1.726,0.1433,0.1433,0.96,3,high,house,gable,False,13,13,0,3
3559,13.25,13.5833,1.723,0.1433,0.1433,1.92,6,high,house,gable,False,13,13,1,3
3560,13.75,13.5833,1.708,0.1433,0.1433,1.92,6,high,house,gable,False,13,13,4,3
3561,13.9167,13.5833,1.701,0.1433,0.1433,1.28,4,high,house,hip,False,13,13,5,3
3562,13.0833,13.75,1.73,0.1433,0.1433,0.96,3,high,house,gable,False,13,13,0,4
3563,13.25,13.75,1.726,0.1433,0.1433,1.92,6,high,house,gable,False,13,13,1,4
3564,13.4167,13.75,1.722,0.1433,0.1433,1.6,5,high,house,gable,False,13,13,2,4
3565,13.75,13.75,1.711,0.1433,0.1433,1.6,5,high,house,gable,False,13,13,4,4
3566,13.9167,13.75,1.705,0.1433,0.1433,1.6,5,high,house,hip,False,13,13,5,4
3567,13.0833,13.9167,1.732,0.1433,0.1433,1.6,5,high,house,hip,False,13,13,0,5
3568,13.25,13.9167,1.729,0.1433,0.1433,0.96,3,high,house,gable,False,13,13,1,5
3569,13.4167,13.9167,1.724,0.1433,0.1433,1.6,5,high,house,gable,False,13,13,2,5
3570,13.75,13.9167,1.714,0.1433,0.1433,1.28,4,high,house,hip,False,13,13,4,5
3571,13.9167,13.9167,1.707,0.1433,0.1433,1.92,6,high,house,gable,False,13,13,5,5
3572,14.0833,13.0833,1.681,0.1433,0.1433,1.28,4,high,house,gable,False,14,13,0,0
3573,14.25,13.0833,1.673,0.1433,0.1433,0.96,3,high,house,gable,False,14,13,1,0
3574,14.4167,13.0833,1.664,0.1433,0.1433,1.92,6,high,house,gable,False,14,13,2,0
3575,14.5833,13.0833,1.655,0.1433,0.1433,1.92,6,high,house,gable,False,14,13,3,0
3576,14.75,13.0833,1.645,0.1433,0.1433,0.96,3,high,house,gable,False,14,13,4,0
3577,14.9167,13.0833,1.635,0.1433,0.1433,1.6,5,high,house,gable,False,14,13,5,0
3578,14.0833,13.25,1.686,0.1433,0.1433,0.96,3,high,house,hip,False,14,13,0,1
3579,14.25,13.25,1.678,0.1433,0.1433,1.28,4,high,house,hip,False,14,13,1,1
3580,14.4167,13.25,1.669,0.1433,0.1433,0.96,3,high,house,gable,False,14,13,2,1
3581,14.5833,13.25,1.66,0.1433,0.1433,0.96,3,high,house,gable,False,14,13,3,1
3582,14.9167,13.25,1.64,0.1433,0.1433,1.92,6,high,house,gable,False,14,13,5,1
3583,14.0833,13.5833,1.694,0.1433,0.1433,1.28,4,high,house,gable,False,14,13,0,3
3584,14.25,13.5833,1.686,0.1433,0.1433,1.92,6,high,house,hip,False,14,13,1,3
3585,14.4167,13.5833,1.678,0.1433,0.1433,1.92,6,high,house,gable,False,14,13,2,3
3586,14.5833,13.5833,1.668,0.1433,0.1433,1.92,6,high,house,gable,False,14,13,3,3
3587,14.75,13.5833,1.659,0.1433,0.1433,0.96,3,high,house,gable,False,14,13,4,3
3588,14.9167,13.5833,1.648,0.1433,0.1433,1.28,4,high,house,gable,False,14,13,5,3
3589,14.0833,13.75,1.697,0.1433,0.1433,0.96,3,high,house,gable,False,14,13,0,4
3590,14.5833,13.75,1.672,0.1433,0.1433,1.28,4,high,house,gable,False,14,13,3,4
3591,14.75,13.75,1.662,0.1433,0.1433,1.28,4,high,house,hip,False,14,13,4,4
3592,14.9167,13.75,1.651,0.1433,0.1433,0.96,3,high,house,gable,False,14,13,5,4
3593,14.0833,13.9167,1.7,0.1433,0.1433,1.28,4,high,house,gable,False,14,13,0,5
3594,14.25,13.9167,1.692,0.1433,0.1433,1.28,4,high,house,gable,False,14,13,1,5
3595,14.4167,13.9167,1.684,0.1433,0.1433,1.6,5,high,house,gable,False,14,13,2,5
3596,14.5833,13.9167,1.674,0.1433,0.1433,0.96,3,high,house,gable,False,14,13,3,5
3597,14.9167,13.9167,1.654,0.1433,0.1433,1.92,6,high,house,gable,False,14,13,5,5
3598,16.5833,13.0833,1.5,0.1433,0.1433,1.28,4,high,house,gable,False,16,13,3,0
3599,16.75,13.0833,1.484,0.1433,0.1433,0.96,3,high,house,hip,False,16,13,4,0
3600,16.4167,13.4167,1.524,0.1433,0.1433,1.6,5,high,house,gable,False,16,13,2,2
3601,16.5833,13.4167,1.509,0.1433,0.1433,1.28,4,high,house,gable,False,16,13,3,2
3602,16.75,13.4167,1.493,0.1433,0.1433,0.96,3,high,house,gable,False,16,13,4,2
3603,16.9167,13.4167,1.476,0.1433,0.1433,1.28,4,high,house,hip,False,16,13,5,2
3604,16.0833,13.5833,1.558,0.1433,0.1433,1.6,5,high,house,gable,False,16,13,0,3
3605,16.4167,13.5833,1.528,0.1433,0.1433,1.6,5,high,house,hip,False,16,13,2,3
3606,16.75,13.5833,1.496,0.1433,0.1433,1.6,5,high,house,gable,False,16,13,4,3
3607,16.0833,13.75,1.562,0.1433,0.1433,1.6,5,high,house,gable,False,16,13,0,4
3608,16.25,13.75,1.547,0.1433,0.1433,1.28,4,high,house,hip,False,16,13,1,4
3609,16.4167,13.75,1.531,0.1433,0.1433,0.96,3,high,house,gable,False,16,13,2,4
3610,16.75,13.75,1.499,0.1433,0.1433,1.28,4,high,house,gable,False,16,13,4,4
3611,16.9167,13.75,1.483,0.1433,0.1433,0.96,3,high,house,gable,False,16,13,5,4
3612,16.25,13.9167,1.549,0.1433,0.1433,0.96,3,high,house,gable,False,16,13,1,5
3613,16.5833,13.9167,1.518,0.1433,0.1433,0.96,3,high,house,gable,False,16,13,3,5
3614,16.75,13.9167,1.502,0.1433,0.1433,1.6,5,high,house,gable,False,16,13,4,5
3615,16.9167,13.9167,1.485,0.1433,0.1433,1.92,6,high,house,hip,False,16,13,5,5
3616,17.5833,13.0833,1.398,0.1433,0.1433,1.92,6,high,house,gable,False,17,13,3,0
3617,17.75,13.0833,1.38,0.1433,0.1433,0.96,3,high,house,gable,False,17,13,4,0
3618,17.0833,13.4167,1.459,0.1433,0.1433,1.28,4,high,house,gable,False,17,13,0,2
3619,17.4167,13.4167,1.424,0.1433,0.1433,1.92,6,high,house,gable,False,17,13,2,2
3620,17.75,13.4167,1.389,0.1433,0.1433,1.92,6,high,house,gable,False,17,13,4,2
3621,17.9167,13.4167,1.37,0.1433,0.1433,0.96,3,high,house,gable,False,17,13,5,2
3622,17.0833,13.5833,1.463,0.1433,0.1433,1.6,5,high,house,gable,False,17,13,0,3
3623,17.25,13.5833,1.446,0.11,0.11,3.52,11,high,tower,flat,True,17,13,1,3
3624,17.4167,13.5833,1.428,0.1433,0.1433,1.28,4,high,house,gable,False,17,13,2,3
3625,17.5833,13.5833,1.41,0.1433,0.1433,1.28,4,high,house,hip,False,17,13,3,3
3626,17.9167,13.5833,1.374,0.1433,0.1433,1.28,4,high,house,gable,False,17,13,5,3
3627,17.0833,13.75,1.466,0.1433,0.1433,0.96,3,high,house,gable,False,17,13,0,4
3628,17.25,13.75,1.449,0.1433,0.1433,0.96,3,high,house,gable,False,17,13,1,4
3629,17.9167,13.75,1.377,0.1433,0.1433,1.6,5,high,house,gable,False,17,13,5,4
3630,17.25,13.9167,1.451,0.1433,0.1433,1.28,4,high,house,gable,False,17,13,1,5
3631,17.4167,13.9167,1.434,0.1433,0.1433,1.6,5,high,house,gable,False,17,13,2,5
3632,17.5833,13.9167,1.416,0.1433,0.1433,0.96,3,high,house,gable,False,17,13,3,5
3633,17.75,13.9167,1.397,0.1433,0.1433,1.28,4,high,house,hip,False,17,13,4,5
3634,17.9167,13.9167,1.379,0.1433,0.1433,0.96,3,high,house,gable,False,17,13,5,5
3635,18.0833,13.0833,1.343,0.1433,0.1433,0.96,3,high,house,gable,False,18,13,0,0
3636,18.25,13.0833,1.325,0.1433,0.1433,0.96,3,high,house,gable,False,18,13,1,0
3637,18.4167,13.0833,1.306,0.1433,0.1433,1.28,4,high,house,gable,False,18,13,2,0
3638,18.5833,13.0833,1.287,0.1433,0.1433,1.28,4,high,house,hip,False,18,13,3,0
3639,18.75,13.0833,1.268,0.1433,0.1433,1.6,5,high,house,gable,False,18,13,4,0
3640,18.9167,13.0833,1.249,0.1433,0.1433,0.96,3,high,house,hip,False,18,13,5,0
3641,18.0833,13.25,1.348,0.1433,0.1433,0.96,3,high,house,gable,False,18,13,0,1
3642,18.4167,13.25,1.31,0.1433,0.1433,1.28,4,high,house,gable,False,18,13,2,1
3643,18.75,13.25,1.272,0.1433,0.1433,1.92,6,high,house,gable,False,18,13,4,1
3644,18.0833,13.4167,1.352,0.1433,0.1433,1.28,4,high,house,gable,False,18,13,0,2
3645,18.4167,13.4167,1.314,0.1433,0.1433,2.24,7,high,house,gable,False,18,13,2,2
3646,18.5833,13.4167,1.295,0.1433,0.1433,1.28,4,high,house,gable,False,18,13,3,2
3647,18.9167,13.4167,1.256,0.1433,0.1433,0.96,3,high,house,hip,False,18,13,5,2
3648,18.0833,13.5833,1.355,0.1433,0.1433,1.6,5,high,house,gable,False,18,13,0,3
3649,18.25,13.5833,1.336,0.1433,0.1433,1.28,4,high,house,gable,False,18,13,1,3
3650,18.4167,13.5833,1.317,0.1433,0.1433,1.28,4,high,house,hip,False,18,13,2,3
3651,18.5833,13.5833,1.298,0.11,0.11,5.12,16,high,tower,flat,True,18,13,3,3
3652,18.9167,13.5833,1.26,0.1433,0.1433,1.28,4,high,house,gable,False,18,13,5,3
3653,18.5833,13.75,1.301,0.1433,0.1433,1.92,6,high,house,gable,False,18,13,3,4
3654,18.75,13.75,1.282,0.1433,0.1433,1.6,5,high,house,gable,False,18,13,4,4
3655,18.25,13.9167,1.341,0.1433,0.1433,0.96,3,high,house,gable,False,18,13,1,5
3656,18.4167,13.9167,1.322,0.1433,0.1433,1.6,5,high,house,gable,False,18,13,2,5
3657,18.5833,13.9167,1.303,0.1433,0.1433,1.28,4,high,house,hip,False,18,13,3,5
3658,18.75,13.9167,1.284,0.1433,0.1433,1.92,6,high,house,gable,False,18,13,4,5
3659,18.9167,13.9167,1.265,0.1433,0.1433,1.92,6,high,house,gable,False,18,13,5,5
3660,20.0833,13.0833,1.114,0.1433,0.1433,1.92,6,high,house,hip,False,20,13,0,0
3661,20.25,13.0833,1.095,0.1433,0.1433,0.96,3,high,house,hip,False,20,13,1,0
3662,20.5833,13.0833,1.057,0.1433,0.1433,0.96,3,high,house,gable,False,20,13,3,0
3663,20.75,13.0833,1.038,0.1433,0.1433,1.28,4,high,house,gable,False,20,13,4,0
3664,20.9167,13.0833,1.019,0.1433,0.1433,1.28,4,high,house,hip,False,20,13,5,0
3665,20.0833,13.25,1.117,0.1433,0.1433,1.92,6,high,house,gable,False,20,13,0,1
3666,20.25,13.25,1.098,0.1433,0.1433,1.6,5,high,house,gable,False,20,13,1,1
3667,20.5833,13.25,1.06,0.1433,0.1433,0.96,3,high,house,gable,False,20,13,3,1
3668,20.9167,13.25,1.022,0.1433,0.1433,0.96,3,high,house,gable,False,20,13,5,1
3669,20.5833,13.4167,1.063,0.1433,0.1433,1.6,5,high,house,gable,False,20,13,3,2
3670,20.75,13.4167,1.044,0.1433,0.1433,1.28,4,high,house,gable,False,20,13,4,2
3671,20.9167,13.4167,1.025,0.1433,0.1433,1.28,4,high,house,gable,False,20,13,5,2
3672,20.0833,13.5833,1.123,0.1433,0.1433,1.28,4,high,house,gable,False,20,13,0,3
3673,20.25,13.5833,1.104,0.1433,0.1433,1.28,4,high,house,hip,False,20,13,1,3
3674,20.4167,13.5833,1.085,0.1433,0.1433,1.28,4,high,house,gable,False,20,13,2,3
3675,20.75,13.5833,1.046,0.1433,0.1433,1.6,5,high,house,gable,False,20,13,4,3
3676,20.9167,13.5833,1.027,0.1433,0.1433,0.96,3,high,house,gable,False,20,13,5,3
3677,20.0833,13.75,1.126,0.1433,0.1433,1.92,6,high,house,gable,False,20,13,0,4
3678,20.25,13.75,1.106,0.1433,0.1433,0.96,3,high,house,gable,False,20,13,1,4
3679,20.5833,13.75,1.068,0.1433,0.1433,1.92,6,high,house,hip,False,20,13,3,4
3680,20.75,13.75,1.049,0.1433,0.1433,1.28,4,high,house,hip,False,20,13,4,4
3681,20.0833,13.9167,1.128,0.1433,0.1433,1.28,4,high,house,gable,False,20,13,0,5
3682,20.25,13.9167,1.108,0.1433,0.1433,1.28,4,high,house,hip,False,20,13,1,5
3683,20.75,13.9167,1.05,0.1433,0.1433,1.6,5,high,house,gable,False,20,13,4,5
3684,20.9167,13.9167,1.031,0.1433,0.1433,1.92,6,high,house,hip,False,20,13,5,5
3685,21.0833,13.0833,1.0,0.1433,0.1433,1.28,4,high,house,hip,False,21,13,0,0
3686,21.25,13.0833,0.982,0.1433,0.1433,1.92,6,high,house,gable,False,21,13,1,0
3687,21.5833,13.0833,0.946,0.1433,0.1433,1.6,5,high,house,gable,False,21,13,3,0
3688,21.9167,13.0833,0.911,0.1433,0.1433,1.6,5,high,house,gable,False,21,13,5,0
3689,21.25,13.25,0.985,0.1433,0.1433,1.6,5,high,house,gable,False,21,13,1,1
3690,21.5833,13.25,0.949,0.1433,0.1433,1.6,5,high,house,gable,False,21,13,3,1
3691,21.75,13.25,0.931,0.1433,0.1433,0.96,3,high,house,gable,False,21,13,4,1
3692,21.9167,13.25,0.913,0.1433,0.1433,0.96,3,high,house,gable,False,21,13,5,1
3693,21.0833,13.4167,1.006,0.1433,0.1433,0.96,3,high,house,gable,False,21,13,0,2
3694,21.25,13.4167,0.988,0.1433,0.1433,1.92,6,high,house,gable,False,21,13,1,2
3695,21.9167,13.4167,0.916,0.1433,0.1433,0.96,3,high,house,gable,False,21,13,5,2
3696,21.0833,13.5833,1.009,0.1433,0.1433,0.96,3,high,house,gable,False,21,13,0,3
3697,21.4167,13.5833,0.972,0.1433,0.1433,1.28,4,high,house,hip,False,21,13,2,3
3698,21.5833,13.5833,0.953,0.1433,0.1433,2.24,7,high,house,gable,False,21,13,3,3
3699,21.9167,13.5833,0.918,0.1433,0.1433,1.28,4,high,house,hip,False,21,13,5,3
3700,21.0833,13.75,1.011,0.1433,0.1433,1.6,5,high,house,gable,False,21,13,0,4
3701,21.25,13.75,0.992,0.1433,0.1433,1.6,5,high,house,gable,False,21,13,1,4
3702,21.5833,13.75,0.955,0.1433,0.1433,1.92,6,high,house,gable,False,21,13,3,4
3703,21.9167,13.75,0.919,0.1433,0.1433,0.96,3,high,house,hip,False,21,13,5,4
3704,21.0833,13.9167,1.013,0.1433,0.1433,0.96,3,high,house,gable,False,21,13,0,5
3705,21.25,13.9167,0.994,0.1433,0.1433,1.28,4,high,house,gable,False,21,13,1,5
3706,21.5833,13.9167,0.957,0.1433,0.1433,1.92,6,high,house,gable,False,21,13,3,5
3707,22.0833,13.4167,0.898,0.1433,0.1433,1.92,6,high,house,gable,False,22,13,0,2
3708,22.25,13.4167,0.881,0.1433,0.1433,1.6,5,high,house,hip,False,22,13,1,2
3709,22.4167,13.4167,0.864,0.1433,0.1433,1.28,4,high,house,gable,False,22,13,2,2
3710,22.5833,13.4167,0.847,0.1433,0.1433,1.92,6,high,house,gable,False,22,13,3,2
3711,22.75,13.4167,0.831,0.1433,0.1433,1.6,5,high,house,gable,False,22,13,4,2
3712,22.9167,13.4167,0.814,0.1433,0.1433,1.28,4,high,house,hip,False,22,13,5,2
3713,22.0833,13.5833,0.9,0.1433,0.1433,1.6,5,high,house,gable,False,22,13,0,3
3714,22.4167,13.5833,0.866,0.1433,0.1433,1.6,5,high,house,gable,False,22,13,2,3
3715,22.75,13.5833,0.832,0.1433,0.1433,1.28,4,high,house,gable,False,22,13,4,3
3716,22.9167,13.5833,0.816,0.1433,0.1433,0.96,3,high,house,hip,False,22,13,5,3
3717,22.0833,13.75,0.902,0.1433,0.1433,1.28,4,high,house,gable,False,22,13,0,4
3718,22.25,13.75,0.884,0.1433,0.1433,0.96,3,high,house,gable,False,22,13,1,4
3719,22.4167,13.75,0.867,0.1433,0.1433,0.96,3,high,house,gable,False,22,13,2,4
3720,22.75,13.75,0.834,0.1433,0.1433,0.96,3,high,house,gable,False,22,13,4,4
3721,22.0833,13.9167,0.903,0.1433,0.1433,1.6,5,high,house,gable,False,22,13,0,5
3722,22.25,13.9167,0.886,0.1433,0.1433,1.6,5,high,house,gable,False,22,13,1,5
3723,22.4167,13.9167,0.869,0.1433,0.1433,1.6,5,high,house,gable,False,22,13,2,5
3724,22.5833,13.9167,0.852,0.1433,0.1433,1.92,6,high,house,gable,False,22,13,3,5
3725,22.75,13.9167,0.835,0.1433,0.1433,1.6,5,high,house,gable,False,22,13,4,5
3726,22.9167,13.9167,0.819,0.1433,0.1433,0.96,3,high,house,gable,False,22,13,5,5
3727,24.4167,13.0833,0.679,0.1433,0.1433,1.28,4,high,house,hip,False,24,13,2,0
3728,24.5833,13.0833,0.666,0.1433,0.1433,1.92,6,high,house,hip,False,24,13,3,0
3729,24.75,13.0833,0.653,0.1433,0.1433,1.92,6,high,house,gable,False,24,13,4,0
3730,24.9167,13.0833,0.64,0.1433,0.1433,1.6,5,high,house,gable,False,24,13,5,0
3731,24.4167,13.25,0.68,0.1433,0.1433,1.6,5,high,house,gable,False,24,13,2,1
3732,24.9167,13.25,0.641,0.1433,0.1433,1.92,6,high,house,gable,False,24,13,5,1
3733,24.4167,13.4167,0.681,0.1433,0.1433,2.24,7,high,house,gable,False,24,13,2,2
3734,24.75,13.4167,0.655,0.1433,0.1433,0.96,3,high,house,gable,False,24,13,4,2
3735,24.0833,13.5833,0.71,0.1433,0.1433,1.92,6,high,house,gable,False,24,13,0,3
3736,24.4167,13.5833,0.683,0.1433,0.1433,1.6,5,high,house,gable,False,24,13,2,3
3737,24.5833,13.5833,0.669,0.1433,0.1433,2.24,7,high,house,gable,False,24,13,3,3
3738,24.75,13.5833,0.656,0.1433,0.1433,1.6,5,high,house,gable,False,24,13,4,3
3739,24.4167,13.75,0.684,0.1433,0.1433,1.92,6,high,house,hip,False,24,13,2,4
3740,24.5833,13.75,0.67,0.1433,0.1433,1.6,5,high,house,gable,False,24,13,3,4
3741,24.9167,13.75,0.644,0.1433,0.1433,0.96,3,high,house,gable,False,24,13,5,4
3742,24.4167,13.9167,0.684,0.1433,0.1433,0.96,3,high,house,gable,False,24,13,2,5
3743,24.5833,13.9167,0.671,0.1433,0.1433,0.96,3,high,house,gable,False,24,13,3,5
3744,24.75,13.9167,0.658,0.1433,0.1433,0.96,3,high,house,gable,False,24,13,4,5
3745,24.9167,13.9167,0.645,0.1433,0.1433,1.28,4,high,house,gable,False,24,13,5,5
3746,25.0833,13.0833,0.628,0.1433,0.1433,0.64,2,medium,house,gable,False,25,13,0,0
3747,25.25,13.0833,0.616,0.1433,0.1433,1.28,4,medium,house,gable,False,25,13,1,0
3748,25.0833,13.25,0.629,0.1433,0.1433,0.64,2,medium,house,gable,False,25,13,0,1
3749,25.25,13.4167,0.618,0.1433,0.1433,0.64,2,medium,house,hip,False,25,13,1,2
3750,25.0833,13.5833,0.631,0.1433,0.1433,0.64,2,medium,house,hip,False,25,13,0,3
3751,25.25,13.5833,0.618,0.1433,0.1433,0.96,3,medium,house,gable,False,25,13,1,3
3752,25.5833,13.5833,0.595,0.1433,0.1433,0.96,3,medium,house,hip,False,25,13,3,3
3753,25.25,13.75,0.619,0.1433,0.1433,0.64,2,medium,house,gable,False,25,13,1,4
3754,25.4167,13.75,0.607,0.1433,0.1433,0.64,2,medium,house,gable,False,25,13,2,4
3755,25.5833,13.75,0.595,0.1433,0.1433,1.28,4,medium,house,gable,False,25,13,3,4
3756,25.75,13.75,0.584,0.1433,0.1433,0.64,2,medium,house,hip,False,25,13,4,4
3757,25.9167,13.75,0.573,0.1433,0.1433,0.64,2,medium,house,gable,False,25,13,5,4
3758,25.5833,13.9167,0.596,0.1433,0.1433,1.28,4,medium,house,hip,False,25,13,3,5
3759,25.9167,13.9167,0.573,0.1433,0.1433,0.64,2,medium,house,gable,False,25,13,5,5
3760,26.0833,13.0833,0.559,0.1433,0.1433,1.28,4,medium,house,gable,False,26,13,0,0
3761,26.4167,13.0833,0.538,0.1433,0.1433,1.28,4,medium,house,gable,False,26,13,2,0
3762,26.5833,13.0833,0.528,0.1433,0.1433,1.28,4,medium,house,gable,False,26,13,3,0
3763,26.0833,13.25,0.56,0.1433,0.1433,1.28,4,medium,house,gable,False,26,13,0,1
3764,26.4167,13.25,0.539,0.1433,0.1433,0.64,2,medium,house,hip,False,26,13,2,1
3765,26.5833,13.25,0.528,0.1433,0.1433,0.64,2,medium,house,gable,False,26,13,3,1
3766,26.75,13.25,0.518,0.1433,0.1433,0.64,2,medium,house,gable,False,26,13,4,1
3767,26.0833,13.4167,0.56,0.1433,0.1433,0.96,3,medium,house,gable,False,26,13,0,2
3768,26.25,13.4167,0.55,0.1433,0.1433,1.28,4,medium,house,gable,False,26,13,1,2
3769,26.75,13.4167,0.519,0.1433,0.1433,0.64,2,medium,house,gable,False,26,13,4,2
3770,26.9167,13.4167,0.509,0.1433,0.1433,0.64,2,medium,house,hip,False,26,13,5,2
3771,26.0833,13.5833,0.561,0.1433,0.1433,0.64,2,medium,house,gable,False,26,13,0,3
3772,26.4167,13.5833,0.54,0.1433,0.1433,1.28,4,medium,house,hip,False,26,13,2,3
3773,26.5833,13.5833,0.529,0.1433,0.1433,0.64,2,medium,house,gable,False,26,13,3,3
3774,26.75,13.5833,0.519,0.1433,0.1433,1.28,4,medium,house,gable,False,26,13,4,3
3775,26.9167,13.5833,0.509,0.1433,0.1433,1.28,4,medium,house,hip,False,26,13,5,3
3776,26.4167,13.75,0.54,0.1433,0.1433,0.96,3,medium,house,gable,False,26,13,2,4
3777,26.75,13.75,0.519,0.1433,0.1433,0.96,3,medium,house,gable,False,26,13,4,4
3778,26.9167,13.75,0.509,0.1433,0.1433,0.96,3,medium,house,gable,False,26,13,5,4
3779,26.5833,13.9167,0.53,0.1433,0.1433,0.64,2,medium,house,gable,False,26,13,3,5
3780,26.75,13.9167,0.52,0.1433,0.1433,1.28,4,medium,house,gable,False,26,13,4,5
3781,27.0833,13.0833,0.499,0.1433,0.1433,0.64,2,medium,house,gable,False,27,13,0,0
3782,27.25,13.0833,0.489,0.1433,0.1433,1.28,4,medium,house,gable,False,27,13,1,0
3783,27.4167,13.0833,0.48,0.1433,0.1433,0.64,2,medium,house,hip,False,27,13,2,0
3784,27.75,13.0833,0.462,0.1433,0.1433,0.64,2,medium,house,gable,False,27,13,4,0
3785,27.9167,13.0833,0.453,0.1433,0.1433,0.96,3,medium,house,gable,False,27,13,5,0
3786,27.0833,13.25,0.499,0.1433,0.1433,1.28,4,medium,house,gable,False,27,13,0,1
3787,27.4167,13.25,0.48,0.1433,0.1433,1.28,4,medium,house,hip,False,27,13,2,1
3788,27.9167,13.25,0.453,0.1433,0.1433,0.64,2,medium,house,gable,False,27,13,5,1
3789,27.25,13.4167,0.49,0.1433,0.1433,1.28,4,medium,house,gable,False,27,13,1,2
3790,27.4167,13.4167,0.48,0.1433,0.1433,0.96,3,medium,house,gable,False,27,13,2,2
3791,27.9167,13.4167,0.453,0.1433,0.1433,1.28,4,medium,house,gable,False,27,13,5,2
3792,27.25,13.5833,0.49,0.1433,0.1433,1.28,4,medium,house,hip,False,27,13,1,3
3793,27.4167,13.5833,0.48,0.1433,0.1433,1.28,4,medium,house,hip,False,27,13,2,3
3794,27.5833,13.5833,0.471,0.1433,0.1433,0.64,2,medium,house,gable,False,27,13,3,3
3795,2.5833,14.0833,0.613,0.1433,0.1433,0.64,2,medium,house,gable,False,2,14,3,0
3796,2.75,14.0833,0.641,0.1433,0.1433,0.96,3,medium,house,gable,False,2,14,4,0
3797,2.9167,14.0833,0.67,0.1433,0.1433,0.96,3,medium,house,gable,False,2,14,5,0
3798,2.25,14.25,0.556,0.1433,0.1433,0.64,2,medium,house,gable,False,2,14,1,1
3799,2.75,14.25,0.642,0.1433,0.1433,0.96,3,medium,house,gable,False,2,14,4,1
3800,2.75,14.4167,0.642,0.1433,0.1433,0.96,3,medium,house,gable,False,2,14,4,2
3801,2.9167,14.4167,0.671,0.1433,0.1433,1.28,4,medium,house,hip,False,2,14,5,2
3802,2.4167,14.5833,0.585,0.1433,0.1433,0.64,2,medium,house,hip,False,2,14,2,3
3803,2.5833,14.5833,0.614,0.1433,0.1433,1.28,4,medium,house,gable,False,2,14,3,3
3804,2.75,14.5833,0.642,0.1433,0.1433,0.96,3,medium,house,gable,False,2,14,4,3
3805,2.9167,14.5833,0.671,0.1433,0.1433,0.96,3,medium,house,gable,False,2,14,5,3
3806,2.0833,14.75,0.528,0.1433,0.1433,0.96,3,medium,house,hip,False,2,14,0,4
3807,2.4167,14.75,0.585,0.1433,0.1433,1.28,4,medium,house,gable,False,2,14,2,4
3808,2.75,14.75,0.643,0.1433,0.1433,1.28,4,medium,house,gable,False,2,14,4,4
3809,2.9167,14.75,0.672,0.1433,0.1433,0.96,3,medium,house,gable,False,2,14,5,4
3810,2.25,14.9167,0.557,0.1433,0.1433,0.96,3,medium,house,gable,False,2,14,1,5
3811,2.4167,14.9167,0.586,0.1433,0.1433,0.96,3,medium,house,gable,False,2,14,2,5
3812,2.5833,14.9167,0.614,0.1433,0.1433,0.96,3,medium,house,gable,False,2,14,3,5
3813,2.75,14.9167,0.643,0.1433,0.1433,1.28,4,medium,house,hip,False,2,14,4,5
3814,3.0833,14.0833,0.699,0.1433,0.1433,0.96,3,medium,house,gable,False,3,14,0,0
3815,3.25,14.0833,0.728,0.1433,0.1433,0.64,2,medium,house,gable,False,3,14,1,0
3816,3.0833,14.25,0.7,0.1433,0.1433,0.64,2,medium,house,gable,False,3,14,0,1
3817,3.25,14.25,0.728,0.1433,0.1433,0.64,2,medium,house,gable,False,3,14,1,1
3818,3.4167,14.25,0.757,0.1433,0.1433,0.64,2,medium,house,hip,False,3,14,2,1
3819,3.5833,14.25,0.786,0.1433,0.1433,1.28,4,medium,house,gable,False,3,14,3,1
3820,3.75,14.25,0.815,0.1433,0.1433,1.28,4,medium,house,gable,False,3,14,4,1
3821,3.25,14.4167,0.729,0.1433,0.1433,0.96,3,medium,house,gable,False,3,14,1,2
3822,3.4167,14.4167,0.758,0.1433,0.1433,0.64,2,medium,house,hip,False,3,14,2,2
3823,3.5833,14.4167,0.787,0.1433,0.1433,0.64,2,medium,house,gable,False,3,14,3,2
3824,3.5833,14.5833,0.787,0.1433,0.1433,0.64,2,medium,house,gable,False,3,14,3,3
3825,3.75,14.5833,0.816,0.1433,0.1433,0.64,2,medium,house,gable,False,3,14,4,3
3826,3.4167,14.75,0.758,0.1433,0.1433,0.96,3,medium,house,hip,False,3,14,2,4
3827,3.9167,14.75,0.845,0.1433,0.1433,0.96,3,medium,house,gable,False,3,14,5,4
3828,3.25,14.9167,0.73,0.1433,0.1433,0.96,3,medium,house,gable,False,3,14,1,5
3829,3.4167,14.9167,0.759,0.1433,0.1433,1.28,4,medium,house,hip,False,3,14,2,5
3830,3.5833,14.9167,0.788,0.1433,0.1433,0.64,2,medium,house,gable,False,3,14,3,5
3831,3.75,14.9167,0.816,0.1433,0.1433,0.96,3,medium,house,hip,False,3,14,4,5
3832,3.9167,14.9167,0.845,0.1433,0.1433,1.28,4,medium,house,hip,False,3,14,5,5
3833,4.0833,14.0833,0.872,0.1433,0.1433,1.28,4,high,house,gable,False,4,14,0,0
3834,4.25,14.0833,0.901,0.1433,0.1433,1.6,5,high,house,hip,False,4,14,1,0
3835,4.4167,14.0833,0.929,0.1433,0.1433,1.28,4,high,house,gable,False,4,14,2,0
3836,4.0833,14.25,0.873,0.1433,0.1433,1.6,5,high,house,gable,False,4,14,0,1
3837,4.4167,14.25,0.93,0.1433,0.1433,1.92,6,high,house,gable,False,4,14,2,1
3838,4.75,14.25,0.986,0.1433,0.1433,1.92,6,high,house,hip,False,4,14,4,1
3839,4.9167,14.25,1.014,0.1433,0.1433,1.28,4,high,house,hip,False,4,14,5,1
3840,4.0833,14.4167,0.873,0.1433,0.1433,0.96,3,high,house,gable,False,4,14,0,2
3841,4.4167,14.4167,0.93,0.1433,0.1433,1.92,6,high,house,hip,False,4,14,2,2
3842,4.75,14.4167,0.987,0.1433,0.1433,1.6,5,high,house,gable,False,4,14,4,2
3843,4.9167,14.4167,1.015,0.1433,0.1433,1.6,5,high,house,gable,False,4,14,5,2
3844,4.0833,14.5833,0.874,0.1433,0.1433,0.96,3,high,house,gable,False,4,14,0,3
3845,4.4167,14.5833,0.931,0.1433,0.1433,1.6,5,high,house,hip,False,4,14,2,3
3846,4.75,14.5833,0.987,0.1433,0.1433,1.28,4,high,house,gable,False,4,14,4,3
3847,4.9167,14.5833,1.015,0.1433,0.1433,1.6,5,high,house,gable,False,4,14,5,3
3848,4.0833,14.75,0.874,0.1433,0.1433,1.28,4,high,house,gable,False,4,14,0,4
3849,4.4167,14.75,0.931,0.1433,0.1433,1.92,6,high,house,gable,False,4,14,2,4
3850,4.75,14.75,0.987,0.1433,0.1433,0.96,3,high,house,hip,False,4,14,4,4
3851,4.0833,14.9167,0.874,0.1433,0.1433,1.92,6,high,house,gable,False,4,14,0,5
3852,4.25,14.9167,0.903,0.1433,0.1433,1.92,6,high,house,hip,False,4,14,1,5
3853,4.4167,14.9167,0.931,0.1433,0.1433,0.96,3,high,house,hip,False,4,14,2,5
3854,5.0833,14.0833,1.041,0.1433,0.1433,1.6,5,high,house,gable,False,5,14,0,0
3855,5.25,14.0833,1.069,0.1433,0.1433,0.96,3,high,house,gable,False,5,14,1,0
3856,5.4167,14.0833,1.096,0.1433,0.1433,0.96,3,high,house,hip,False,5,14,2,0
3857,5.5833,14.0833,1.123,0.1433,0.1433,1.6,5,high,house,gable,False,5,14,3,0
3858,5.75,14.0833,1.149,0.1433,0.1433,1.92,6,high,house,gable,False,5,14,4,0
3859,5.0833,14.25,1.042,0.1433,0.1433,1.6,5,high,house,hip,False,5,14,0,1
3860,5.25,14.25,1.069,0.1433,0.1433,1.6,5,high,house,gable,False,5,14,1,1
3861,5.5833,14.25,1.123,0.1433,0.1433,0.96,3,high,house,gable,False,5,14,3,1
3862,5.9167,14.25,1.176,0.1433,0.1433,1.92,6,high,house,hip,False,5,14,5,1
3863,5.5833,14.4167,1.124,0.1433,0.1433,1.28,4,high,house,gable,False,5,14,3,2
3864,5.75,14.4167,1.15,0.1433,0.1433,0.96,3,high,house,gable,False,5,14,4,2
3865,5.9167,14.4167,1.177,0.1433,0.1433,1.92,6,high,house,hip,False,5,14,5,2
3866,5.5833,14.5833,1.124,0.1433,0.1433,1.92,6,high,house,gable,False,5,14,3,3
3867,5.75,14.5833,1.151,0.1433,0.1433,1.6,5,high,house,gable,False,5,14,4,3
3868,5.9167,14.75,1.177,0.1433,0.1433,1.28,4,high,house,gable,False,5,14,5,4
3869,5.75,14.9167,1.151,0.1433,0.1433,1.6,5,high,house,gable,False,5,14,4,5
3870,5.9167,14.9167,1.177,0.1433,0.1433,1.28,4,high,house,gable,False,5,14,5,5
3871,6.0833,14.75,1.203,0.1433,0.1433,0.64,2,low,house,gable,False,6,14,0,4
3872,6.25,14.75,1.228,0.1433,0.1433,0.64,2,low,house,gable,False,6,14,1,4
3873,6.0833,14.9167,1.203,0.1433,0.1433,0.64,2,low,house,hip,False,6,14,0,5
3874,6.25,14.9167,1.228,0.1433,0.1433,0.96,3,low,house,gable,False,6,14,1,5
3875,7.0833,14.0833,1.347,0.1433,0.1433,1.6,5,high,house,hip,False,7,14,0,0
3876,7.25,14.0833,1.37,0.1433,0.1433,1.92,6,high,house,gable,False,7,14,1,0
3877,7.5833,14.0833,1.414,0.1433,0.1433,1.28,4,high,house,hip,False,7,14,3,0
3878,7.75,14.0833,1.435,0.1433,0.1433,1.6,5,high,house,gable,False,7,14,4,0
3879,7.9167,14.0833,1.455,0.1433,0.1433,1.6,5,high,house,gable,False,7,14,5,0
3880,7.0833,14.25,1.348,0.1433,0.1433,1.28,4,high,house,gable,False,7,14,0,1
3881,7.4167,14.25,1.393,0.1433,0.1433,1.92,6,high,house,gable,False,7,14,2,1
3882,7.5833,14.25,1.415,0.1433,0.1433,1.92,6,high,house,gable,False,7,14,3,1
3883,7.9167,14.25,1.456,0.1433,0.1433,0.96,3,high,house,gable,False,7,14,5,1
3884,7.0833,14.4167,1.349,0.1433,0.1433,1.28,4,high,house,hip,False,7,14,0,2
3885,7.25,14.4167,1.372,0.1433,0.1433,1.92,6,high,house,gable,False,7,14,1,2
3886,7.5833,14.4167,1.416,0.1433,0.1433,1.6,5,high,house,gable,False,7,14,3,2
3887,7.9167,14.4167,1.457,0.1433,0.1433,1.28,4,high,house,gable,False,7,14,5,2
3888,7.0833,14.5833,1.349,0.1433,0.1433,1.92,6,high,house,gable,False,7,14,0,3
3889,7.25,14.5833,1.372,0.1433,0.1433,1.92,6,high,house,gable,False,7,14,1,3
3890,7.5833,14.5833,1.416,0.1433,0.1433,2.24,7,high,house,gable,False,7,14,3,3
3891,7.9167,14.5833,1.457,0.1433,0.1433,1.6,5,high,house,hip,False,7,14,5,3
3892,7.0833,14.75,1.349,0.1433,0.1433,1.6,5,high,house,gable,False,7,14,0,4
3893,7.25,14.75,1.372,0.1433,0.1433,1.28,4,high,house,hip,False,7,14,1,4
3894,7.75,14.75,1.437,0.1433,0.1433,0.96,3,high,house,gable,False,7,14,4,4
3895,7.9167,14.75,1.458,0.1433,0.1433,1.28,4,high,house,gable,False,7,14,5,4
3896,7.0833,14.9167,1.349,0.1433,0.1433,1.92,6,high,house,hip,False,7,14,0,5
3897,7.25,14.9167,1.372,0.1433,0.1433,1.28,4,high,house,gable,False,7,14,1,5
3898,7.75,14.9167,1.437,0.1433,0.1433,0.96,3,high,house,gable,False,7,14,4,5
3899,7.9167,14.9167,1.457,0.1433,0.1433,1.92,6,high,house,gable,False,7,14,5,5
3900,8.0833,14.0833,1.475,0.1433,0.1433,0.96,3,high,house,gable,False,8,14,0,0
3901,8.25,14.0833,1.495,0.1433,0.1433,0.96,3,high,house,gable,False,8,14,1,0
3902,8.4167,14.0833,1.513,0.1433,0.1433,0.96,3,high,house,gable,False,8,14,2,0
3903,8.5833,14.0833,1.531,0.1433,0.1433,0.96,3,high,house,hip,False,8,14,3,0
3904,8.0833,14.25,1.476,0.1433,0.1433,1.28,4,high,house,hip,False,8,14,0,1
3905,8.5833,14.25,1.532,0.1433,0.1433,1.28,4,high,house,gable,False,8,14,3,1
3906,8.25,14.4167,1.496,0.1433,0.1433,1.92,6,high,house,gable,False,8,14,1,2
3907,8.4167,14.4167,1.515,0.1433,0.1433,1.28,4,high,house,gable,False,8,14,2,2
3908,8.5833,14.4167,1.533,0.11,0.11,5.12,16,high,tower,flat,True,8,14,3,2
3909,8.9167,14.4167,1.567,0.1433,0.1433,1.28,4,high,house,gable,False,8,14,5,2
3910,8.0833,14.5833,1.477,0.1433,0.1433,0.96,3,high,house,gable,False,8,14,0,3
3911,8.75,14.5833,1.551,0.1433,0.1433,1.6,5,high,house,gable,False,8,14,4,3
3912,8.9167,14.5833,1.567,0.1433,0.1433,1.6,5,high,house,hip,False,8,14,5,3
3913,8.9167,14.75,1.567,0.1433,0.1433,1.92,6,high,house,gable,False,8,14,5,4
3914,8.75,14.9167,1.55,0.1433,0.1433,0.96,3,high,house,gable,False,8,14,4,5
3915,8.9167,14.9167,1.567,0.1433,0.1433,1.6,5,high,house,hip,False,8,14,5,5
3916,9.0833,14.0833,1.581,0.1433,0.1433,1.28,4,high,house,gable,False,9,14,0,0
3917,9.4167,14.0833,1.611,0.1433,0.1433,1.6,5,high,house,gable,False,9,14,2,0
3918,9.5833,14.0833,1.625,0.1433,0.1433,0.96,3,high,house,hip,False,9,14,3,0
3919,9.75,14.0833,1.638,0.1433,0.1433,1.92,6,high,house,gable,False,9,14,4,0
3920,9.9167,14.0833,1.65,0.1433,0.1433,1.28,4,high,house,gable,False,9,14,5,0
3921,9.0833,14.25,1.582,0.1433,0.1433,0.96,3,high,house,gable,False,9,14,0,1
3922,9.25,14.25,1.598,0.1433,0.1433,0.96,3,high,house,gable,False,9,14,1,1
3923,9.5833,14.25,1.626,0.1433,0.1433,0.96,3,high,house,hip,False,9,14,3,1
3924,9.75,14.25,1.639,0.1433,0.1433,1.92,6,high,house,gable,False,9,14,4,1
3925,9.9167,14.25,1.651,0.1433,0.1433,0.96,3,high,house,hip,False,9,14,5,1
3926,9.4167,14.4167,1.613,0.1433,0.1433,1.92,6,high,house,gable,False,9,14,2,2
3927,9.5833,14.4167,1.627,0.1433,0.1433,2.24,7,high,house,gable,False,9,14,3,2
3928,9.9167,14.4167,1.652,0.1433,0.1433,1.28,4,high,house,gable,False,9,14,5,2
3929,9.75,14.5833,1.64,0.1433,0.1433,0.96,3,high,house,gable,False,9,14,4,3
3930,9.9167,14.5833,1.653,0.1433,0.1433,1.92,6,high,house,gable,False,9,14,5,3
3931,9.4167,14.75,1.613,0.1433,0.1433,1.28,4,high,house,gable,False,9,14,2,4
3932,9.9167,14.75,1.653,0.1433,0.1433,1.28,4,high,house,hip,False,9,14,5,4
3933,9.4167,14.9167,1.613,0.1433,0.1433,0.96,3,high,house,hip,False,9,14,2,5
3934,9.5833,14.9167,1.627,0.1433,0.1433,1.28,4,high,house,hip,False,9,14,3,5
3935,9.75,14.9167,1.64,0.1433,0.1433,0.96,3,high,house,hip,False,9,14,4,5
3936,9.9167,14.9167,1.652,0.1433,0.1433,1.6,5,high,house,hip,False,9,14,5,5
3937,11.0833,14.0833,1.715,0.1433,0.1433,1.6,5,high,house,hip,False,11,14,0,0
3938,11.0833,14.25,1.716,0.1433,0.1433,1.92,6,high,house,hip,False,11,14,0,1
3939,11.25,14.25,1.722,0.1433,0.1433,1.92,6,high,house,gable,False,11,14,1,1
3940,11.0833,14.4167,1.717,0.1433,0.1433,1.6,5,high,house,gable,False,11,14,0,2
3941,11.25,14.4167,1.723,0.1433,0.1433,1.6,5,high,house,gable,False,11,14,1,2
3942,11.4167,14.4167,1.728,0.1433,0.1433,2.24,7,high,house,gable,False,11,14,2,2
3943,11.75,14.4167,1.736,0.1433,0.1433,1.6,5,high,house,hip,False,11,14,4,2
3944,11.9167,14.4167,1.739,0.1433,0.1433,1.28,4,high,house,gable,False,11,14,5,2
3945,11.25,14.5833,1.723,0.1433,0.1433,1.6,5,high,house,gable,False,11,14,1,3
3946,11.4167,14.5833,1.729,0.1433,0.1433,1.6,5,high,house,gable,False,11,14,2,3
3947,11.9167,14.5833,1.74,0.1433,0.1433,1.28,4,high,house,gable,False,11,14,5,3
3948,11.0833,14.75,1.717,0.1433,0.1433,1.6,5,high,house,gable,False,11,14,0,4
3949,11.25,14.75,1.723,0.1433,0.1433,1.92,6,high,house,gable,False,11,14,1,4
3950,11.5833,14.75,1.733,0.1433,0.1433,1.6,5,high,house,gable,False,11,14,3,4
3951,11.75,14.75,1.737,0.1433,0.1433,0.96,3,high,house,gable,False,11,14,4,4
3952,11.9167,14.75,1.739,0.1433,0.1433,0.96,3,high,house,gable,False,11,14,5,4
3953,11.0833,14.9167,1.716,0.1433,0.1433,1.28,4,high,house,hip,False,11,14,0,5
3954,11.25,14.9167,1.723,0.1433,0.1433,0.96,3,high,house,gable,False,11,14,1,5
3955,11.5833,14.9167,1.732,0.1433,0.1433,1.92,6,high,house,gable,False,11,14,3,5
3956,11.75,14.9167,1.736,0.1433,0.1433,1.28,4,high,house,hip,False,11,14,4,5
3957,11.9167,14.9167,1.739,0.1433,0.1433,1.28,4,high,house,gable,False,11,14,5,5
3958,12.0833,14.4167,1.741,0.1433,0.1433,0.96,3,high,house,hip,False,12,14,0,2
3959,12.25,14.4167,1.743,0.1433,0.1433,1.6,5,high,house,gable,False,12,14,1,2
3960,12.4167,14.4167,1.743,0.1433,0.1433,1.28,4,high,house,hip,False,12,14,2,2
3961,12.5833,14.4167,1.743,0.1433,0.1433,2.24,7,high,house,gable,False,12,14,3,2
3962,12.75,14.4167,1.741,0.1433,0.1433,1.92,6,high,house,gable,False,12,14,4,2
3963,12.0833,14.5833,1.742,0.1433,0.1433,1.92,6,high,house,gable,False,12,14,0,3
3964,12.5833,14.5833,1.743,0.1433,0.1433,2.24,7,high,house,gable,False,12,14,3,3
3965,12.9167,14.5833,1.74,0.1433,0.1433,1.6,5,high,house,gable,False,12,14,5,3
3966,12.0833,14.75,1.741,0.1433,0.1433,1.6,5,high,house,gable,False,12,14,0,4
3967,12.5833,14.75,1.743,0.1433,0.1433,1.28,4,high,house,gable,False,12,14,3,4
3968,12.9167,14.75,1.74,0.1433,0.1433,1.6,5,high,house,hip,False,12,14,5,4
3969,12.0833,14.9167,1.741,0.1433,0.1433,1.28,4,high,house,gable,False,12,14,0,5
3970,12.25,14.9167,1.742,0.1433,0.1433,0.96,3,high,house,hip,False,12,14,1,5
3971,12.4167,14.9167,1.742,0.1433,0.1433,0.96,3,high,house,gable,False,12,14,2,5
3972,12.5833,14.9167,1.742,0.1433,0.1433,1.92,6,high,house,hip,False,12,14,3,5
3973,12.75,14.9167,1.741,0.1433,0.1433,0.96,3,high,house,gable,False,12,14,4,5
3974,12.9167,14.9167,1.739,0.1433,0.1433,1.92,6,high,house,hip,False,12,14,5,5
3975,13.0833,14.0833,1.734,0.1433,0.1433,1.6,5,high,house,gable,False,13,14,0,0
3976,13.25,14.0833,1.731,0.1433,0.1433,1.28,4,high,house,gable,False,13,14,1,0
3977,13.4167,14.0833,1.727,0.1433,0.1433,1.28,4,high,house,hip,False,13,14,2,0
3978,13.5833,14.0833,1.722,0.1433,0.1433,1.6,5,high,house,gable,False,13,14,3,0
3979,13.0833,14.25,1.736,0.1433,0.1433,0.96,3,high,house,gable,False,13,14,0,1
3980,13.0833,14.4167,1.737,0.1433,0.1433,1.92,6,high,house,gable,False,13,14,0,2
3981,13.4167,14.4167,1.729,0.1433,0.1433,1.6,5,high,house,gable,False,13,14,2,2
3982,13.5833,14.4167,1.724,0.1433,0.1433,1.28,4,high,house,hip,False,13,14,3,2
3983,13.0833,14.5833,1.737,0.1433,0.1433,0.96,3,high,house,gable,False,13,14,0,3
3984,13.5833,14.5833,1.724,0.1433,0.1433,1.28,4,high,house,hip,False,13,14,3,3
3985,13.0833,14.75,1.737,0.1433,0.1433,1.92,6,high,house,gable,False,13,14,0,4
3986,13.25,14.75,1.733,0.1433,0.1433,0.96,3,high,house,gable,False,13,14,1,4
3987,13.4167,14.75,1.729,0.1433,0.1433,1.92,6,high,house,gable,False,13,14,2,4
3988,13.5833,14.75,1.724,0.1433,0.1433,1.6,5,high,house,gable,False,13,14,3,4
3989,13.9167,14.75,1.712,0.1433,0.1433,1.28,4,high,house,gable,False,13,14,5,4
3990,13.0833,14.9167,1.736,0.1433,0.1433,1.6,5,high,house,gable,False,13,14,0,5
3991,13.25,14.9167,1.733,0.1433,0.1433,1.92,6,high,house,gable,False,13,14,1,5
3992,13.4167,14.9167,1.728,0.1433,0.1433,1.28,4,high,house,gable,False,13,14,2,5
3993,13.75,14.9167,1.718,0.1433,0.1433,0.96,3,high,house,gable,False,13,14,4,5
3994,13.9167,14.9167,1.711,0.1433,0.1433,0.96,3,high,house,gable,False,13,14,5,5
3995,14.4167,14.0833,1.686,0.1433,0.1433,1.92,6,high,house,gable,False,14,14,2,0
3996,14.5833,14.0833,1.677,0.1433,0.1433,1.6,5,high,house,hip,False,14,14,3,0
3997,14.75,14.0833,1.667,0.1433,0.1433,1.28,4,high,house,gable,False,14,14,4,0
3998,14.9167,14.0833,1.656,0.1433,0.1433,1.92,6,high,house,gable,False,14,14,5,0
3999,14.4167,14.25,1.687,0.1433,0.1433,1.6,5,high,house,gable,False,14,14,2,1
4000,14.5833,14.25,1.678,0.1433,0.1433,1.28,4,high,house,gable,False,14,14,3,1
4001,14.9167,14.25,1.658,0.1433,0.1433,1.6,5,high,house,hip,False,14,14,5,1
4002,14.0833,14.4167,1.705,0.1433,0.1433,1.6,5,high,house,gable,False,14,14,0,2
4003,14.5833,14.4167,1.679,0.1433,0.1433,1.92,6,high,house,gable,False,14,14,3,2
4004,14.9167,14.4167,1.659,0.1433,0.1433,1.28,4,high,house,gable,False,14,14,5,2
4005,14.4167,14.5833,1.689,0.1433,0.1433,1.28,4,high,house,hip,False,14,14,2,3
4006,14.5833,14.5833,1.679,0.1433,0.1433,1.6,5,high,house,hip,False,14,14,3,3
4007,14.9167,14.5833,1.659,0.1433,0.1433,1.92,6,high,house,gable,False,14,14,5,3
4008,14.5833,14.75,1.679,0.1433,0.1433,1.92,6,high,house,gable,False,14,14,3,4
4009,14.9167,14.75,1.659,0.1433,0.1433,1.92,6,high,house,hip,False,14,14,5,4
4010,14.4167,14.9167,1.688,0.1433,0.1433,1.92,6,high,house,gable,False,14,14,2,5
4011,14.5833,14.9167,1.678,0.1433,0.1433,0.96,3,high,house,gable,False,14,14,3,5
4012,14.75,14.9167,1.668,0.1433,0.1433,1.6,5,high,house,hip,False,14,14,4,5
4013,14.9167,14.9167,1.658,0.1433,0.1433,1.28,4,high,house,hip,False,14,14,5,5
4014,15.0833,14.0833,1.645,0.1433,0.1433,1.28,4,high,house,gable,False,15,14,0,0
4015,15.25,14.0833,1.633,0.1433,0.1433,1.6,5,high,house,hip,False,15,14,1,0
4016,15.4167,14.0833,1.621,0.1433,0.1433,1.28,4,high,house,hip,False,15,14,2,0
4017,15.75,14.0833,1.595,0.1433,0.1433,1.28,4,high,house,gable,False,15,14,4,0
4018,15.9167,14.0833,1.581,0.1433,0.1433,1.92,6,high,house,gable,False,15,14,5,0
4019,15.0833,14.25,1.647,0.1433,0.1433,0.96,3,high,house,gable,False,15,14,0,1
4020,15.25,14.25,1.635,0.1433,0.1433,0.96,3,high,house,gable,False,15,14,1,1
4021,15.4167,14.25,1.623,0.1433,0.1433,1.92,6,high,house,gable,False,15,14,2,1
4022,15.5833,14.25,1.61,0.1433,0.1433,1.28,4,high,house,hip,False,15,14,3,1
4023,15.75,14.25,1.596,0.1433,0.1433,1.6,5,high,house,hip,False,15,14,4,1
4024,15.9167,14.25,1.582,0.1433,0.1433,1.6,5,high,house,hip,False,15,14,5,1
4025,15.4167,14.4167,1.624,0.1433,0.1433,2.24,7,high,house,gable,False,15,14,2,2
4026,15.5833,14.4167,1.611,0.1433,0.1433,1.28,4,high,house,gable,False,15,14,3,2
4027,15.9167,14.4167,1.583,0.1433,0.1433,0.96,3,high,house,gable,False,15,14,5,2
4028,15.75,14.5833,1.598,0.1433,0.1433,1.92,6,high,house,gable,False,15,14,4,3
4029,15.0833,14.75,1.648,0.1433,0.1433,1.28,4,high,house,hip,False,15,14,0,4
4030,15.4167,14.75,1.624,0.1433,0.1433,1.6,5,high,house,gable,False,15,14,2,4
4031,15.5833,14.75,1.611,0.1433,0.1433,1.28,4,high,house,gable,False,15,14,3,4
4032,15.75,14.75,1.597,0.1433,0.1433,1.92,6,high,house,hip,False,15,14,4,4
4033,15.9167,14.75,1.583,0.1433,0.1433,0.96,3,high,house,gable,False,15,14,5,4
4034,15.25,14.9167,1.635,0.1433,0.1433,1.28,4,high,house,hip,False,15,14,1,5
4035,15.4167,14.9167,1.623,0.1433,0.1433,1.6,5,high,house,hip,False,15,14,2,5
4036,15.5833,14.9167,1.61,0.1433,0.1433,1.92,6,high,house,gable,False,15,14,3,5
4037,15.75,14.9167,1.597,0.1433,0.1433,1.28,4,high,house,gable,False,15,14,4,5
4038,15.9167,14.9167,1.583,0.1433,0.1433,0.96,3,high,house,gable,False,15,14,5,5
4039,16.0833,14.0833,1.566,0.1433,0.1433,1.6,5,high,house,gable,False,16,14,0,0
4040,16.25,14.0833,1.551,0.1433,0.1433,1.28,4,high,house,gable,False,16,14,1,0
4041,16.4167,14.0833,1.536,0.1433,0.1433,1.92,6,high,house,gable,False,16,14,2,0
4042,16.5833,14.0833,1.52,0.1433,0.1433,1.6,5,high,house,gable,False,16,14,3,0
4043,16.75,14.0833,1.504,0.1433,0.1433,1.92,6,high,house,gable,False,16,14,4,0
4044,16.9167,14.0833,1.487,0.1433,0.1433,1.6,5,high,house,gable,False,16,14,5,0
4045,16.25,14.25,1.553,0.1433,0.1433,0.96,3,high,house,gable,False,16,14,1,1
4046,16.4167,14.25,1.538,0.1433,0.1433,1.28,4,high,house,gable,False,16,14,2,1
4047,16.9167,14.25,1.489,0.1433,0.1433,1.92,6,high,house,gable,False,16,14,5,1
4048,16.0833,14.4167,1.569,0.1433,0.1433,1.28,4,high,house,hip,False,16,14,0,2
4049,16.25,14.4167,1.554,0.1433,0.1433,0.96,3,high,house,gable,False,16,14,1,2
4050,16.5833,14.4167,1.523,0.1433,0.1433,1.6,5,high,house,hip,False,16,14,3,2
4051,16.75,14.4167,1.506,0.1433,0.1433,1.6,5,high,house,gable,False,16,14,4,2
4052,16.9167,14.4167,1.49,0.1433,0.1433,1.6,5,high,house,gable,False,16,14,5,2
4053,16.0833,14.5833,1.569,0.1433,0.1433,1.28,4,high,house,gable,False,16,14,0,3
4054,16.4167,14.5833,1.539,0.1433,0.1433,1.6,5,high,house,hip,False,16,14,2,3
4055,16.9167,14.5833,1.49,0.1433,0.1433,1.92,6,high,house,gable,False,16,14,5,3
4056,16.25,14.75,1.554,0.1433,0.1433,1.6,5,high,house,gable,False,16,14,1,4
4057,16.5833,14.75,1.523,0.1433,0.1433,1.6,5,high,house,gable,False,16,14,3,4
4058,16.75,14.75,1.507,0.1433,0.1433,1.92,6,high,house,hip,False,16,14,4,4
4059,16.0833,14.9167,1.568,0.1433,0.1433,1.6,5,high,house,gable,False,16,14,0,5
4060,16.25,14.9167,1.553,0.1433,0.1433,1.6,5,high,house,gable,False,16,14,1,5
4061,16.4167,14.9167,1.538,0.1433,0.1433,1.6,5,high,house,gable,False,16,14,2,5
4062,16.5833,14.9167,1.522,0.1433,0.1433,1.28,4,high,house,gable,False,16,14,3,5
4063,16.75,14.9167,1.506,0.1433,0.1433,1.6,5,high,house,gable,False,16,14,4,5
4064,16.9167,14.9167,1.489,0.1433,0.1433,1.28,4,high,house,gable,False,16,14,5,5
4065,17.0833,14.0833,1.47,0.1433,0.1433,1.6,5,high,house,gable,False,17,14,0,0
4066,17.25,14.0833,1.453,0.1433,0.1433,1.28,4,high,house,gable,False,17,14,1,0
4067,17.4167,14.0833,1.435,0.1433,0.1433,1.92,6,high,house,gable,False,17,14,2,0
4068,17.5833,14.0833,1.418,0.1433,0.1433,1.92,6,high,house,hip,False,17,14,3,0
4069,17.75,14.0833,1.399,0.1433,0.1433,1.28,4,high,house,gable,False,17,14,4,0
4070,17.9167,14.0833,1.381,0.1433,0.1433,1.6,5,high,house,gable,False,17,14,5,0
4071,17.0833,14.25,1.472,0.1433,0.1433,0.96,3,high,house,gable,False,17,14,0,1
4072,17.9167,14.25,1.382,0.1433,0.1433,1.28,4,high,house,hip,False,17,14,5,1
4073,17.25,14.4167,1.455,0.1433,0.1433,1.92,6,high,house,gable,False,17,14,1,2
4074,17.5833,14.4167,1.42,0.1433,0.1433,1.28,4,high,house,hip,False,17,14,3,2
4075,17.75,14.4167,1.402,0.1433,0.1433,1.92,6,high,house,gable,False,17,14,4,2
4076,17.25,14.5833,1.456,0.1433,0.1433,1.6,5,high,house,gable,False,17,14,1,3
4077,17.4167,14.5833,1.438,0.1433,0.1433,2.24,7,high,house,hip,False,17,14,2,3
4078,17.75,14.5833,1.402,0.1433,0.1433,1.6,5,high,house,hip,False,17,14,4,3
4079,17.9167,14.5833,1.384,0.1433,0.1433,1.92,6,high,house,gable,False,17,14,5,3
4080,17.4167,14.75,1.438,0.1433,0.1433,1.28,4,high,house,hip,False,17,14,2,4
4081,17.5833,14.75,1.42,0.1433,0.1433,0.96,3,high,house,gable,False,17,14,3,4
4082,17.75,14.75,1.402,0.1433,0.1433,1.92,6,high,house,gable,False,17,14,4,4
4083,17.9167,14.75,1.383,0.1433,0.1433,0.96,3,high,house,gable,False,17,14,5,4
4084,17.4167,14.9167,1.437,0.1433,0.1433,1.92,6,high,house,gable,False,17,14,2,5
4085,17.5833,14.9167,1.419,0.1433,0.1433,1.92,6,high,house,gable,False,17,14,3,5
4086,17.9167,14.9167,1.383,0.1433,0.1433,1.6,5,high,house,gable,False,17,14,5,5
4087,18.0833,14.0833,1.362,0.1433,0.1433,1.6,5,high,house,gable,False,18,14,0,0
4088,18.25,14.0833,1.343,0.1433,0.1433,1.6,5,high,house,gable,False,18,14,1,0
4089,18.5833,14.0833,1.305,0.1433,0.1433,1.92,6,high,house,gable,False,18,14,3,0
4090,18.75,14.0833,1.286,0.1433,0.1433,1.6,5,high,house,gable,False,18,14,4,0
4091,18.9167,14.0833,1.266,0.1433,0.1433,1.28,4,high,house,gable,False,18,14,5,0
4092,18.0833,14.25,1.364,0.1433,0.1433,0.96,3,high,house,hip,False,18,14,0,1
4093,18.25,14.25,1.345,0.1433,0.1433,1.6,5,high,house,gable,False,18,14,1,1
4094,18.5833,14.25,1.306,0.1433,0.1433,0.96,3,high,house,gable,False,18,14,3,1
4095,18.75,14.25,1.287,0.1433,0.1433,1.6,5,high,house,gable,False,18,14,4,1
4096,18.9167,14.25,1.268,0.1433,0.1433,1.28,4,high,house,gable,False,18,14,5,1
4097,18.0833,14.4167,1.364,0.1433,0.1433,1.28,4,high,house,gable,False,18,14,0,2
4098,18.25,14.4167,1.346,0.1433,0.1433,0.96,3,high,house,gable,False,18,14,1,2
4099,18.75,14.4167,1.288,0.1433,0.1433,0.96,3,high,house,hip,False,18,14,4,2
4100,18.4167,14.5833,1.327,0.1433,0.1433,2.24,7,high,house,gable,False,18,14,2,3
4101,18.5833,14.5833,1.308,0.1433,0.1433,1.6,5,high,house,gable,False,18,14,3,3
4102,18.9167,14.5833,1.269,0.1433,0.1433,0.96,3,high,house,hip,False,18,14,5,3
4103,18.25,14.75,1.346,0.1433,0.1433,1.6,5,high,house,gable,False,18,14,1,4
4104,18.4167,14.75,1.327,0.1433,0.1433,0.96,3,high,house,hip,False,18,14,2,4
4105,18.5833,14.75,1.308,0.1433,0.1433,0.96,3,high,house,gable,False,18,14,3,4
4106,18.9167,14.75,1.269,0.1433,0.1433,1.6,5,high,house,gable,False,18,14,5,4
4107,18.0833,14.9167,1.364,0.1433,0.1433,1.6,5,high,house,gable,False,18,14,0,5
4108,18.25,14.9167,1.345,0.1433,0.1433,1.92,6,high,house,hip,False,18,14,1,5
4109,18.4167,14.9167,1.326,0.1433,0.1433,1.6,5,high,house,gable,False,18,14,2,5
4110,18.75,14.9167,1.288,0.1433,0.1433,1.92,6,high,house,gable,False,18,14,4,5
4111,18.9167,14.9167,1.268,0.1433,0.1433,1.28,4,high,house,gable,False,18,14,5,5
4112,19.0833,14.0833,1.247,0.1433,0.1433,1.92,6,high,house,gable,False,19,14,0,0
4113,19.4167,14.0833,1.208,0.1433,0.1433,1.28,4,high,house,gable,False,19,14,2,0
4114,19.5833,14.0833,1.188,0.1433,0.1433,1.28,4,high,house,gable,False,19,14,3,0
4115,19.75,14.0833,1.168,0.1433,0.1433,1.6,5,high,house,gable,False,19,14,4,0
4116,19.0833,14.25,1.248,0.1433,0.1433,1.28,4,high,house,gable,False,19,14,0,1
4117,19.25,14.25,1.229,0.1433,0.1433,1.28,4,high,house,hip,False,19,14,1,1
4118,19.4167,14.25,1.209,0.1433,0.1433,1.28,4,high,house,gable,False,19,14,2,1
4119,19.5833,14.25,1.189,0.1433,0.1433,1.6,5,high,house,gable,False,19,14,3,1
4120,19.0833,14.4167,1.249,0.1433,0.1433,1.28,4,high,house,gable,False,19,14,0,2
4121,19.4167,14.4167,1.21,0.1433,0.1433,2.24,7,high,house,gable,False,19,14,2,2
4122,19.5833,14.4167,1.19,0.1433,0.1433,2.24,7,high,house,gable,False,19,14,3,2
4123,19.75,14.4167,1.17,0.1433,0.1433,1.92,6,high,house,gable,False,19,14,4,2
4124,19.0833,14.5833,1.249,0.1433,0.1433,0.96,3,high,house,gable,False,19,14,0,3
4125,19.4167,14.5833,1.21,0.1433,0.1433,1.92,6,high,house,hip,False,19,14,2,3
4126,19.5833,14.5833,1.19,0.1433,0.1433,2.24,7,high,house,gable,False,19,14,3,3
4127,19.25,14.75,1.23,0.1433,0.1433,1.28,4,high,house,gable,False,19,14,1,4
4128,19.0833,14.9167,1.249,0.1433,0.1433,0.96,3,high,house,gable,False,19,14,0,5
4129,19.25,14.9167,1.229,0.1433,0.1433,1.92,6,high,house,gable,False,19,14,1,5
4130,19.4167,14.9167,1.209,0.1433,0.1433,0.96,3,high,house,gable,False,19,14,2,5
4131,20.25,14.0833,1.11,0.1433,0.1433,1.28,4,high,house,gable,False,20,14,1,0
4132,20.0833,14.4167,1.131,0.1433,0.1433,1.92,6,high,house,gable,False,20,14,0,2
4133,20.25,14.4167,1.112,0.1433,0.1433,1.92,6,high,house,gable,False,20,14,1,2
4134,20.75,14.4167,1.054,0.1433,0.1433,1.6,5,high,house,gable,False,20,14,4,2
4135,20.9167,14.4167,1.035,0.1433,0.1433,1.92,6,high,house,gable,False,20,14,5,2
4136,20.0833,14.5833,1.132,0.1433,0.1433,0.96,3,high,house,gable,False,20,14,0,3
4137,20.4167,14.5833,1.093,0.1433,0.1433,1.6,5,high,house,gable,False,20,14,2,3
4138,20.5833,14.5833,1.073,0.1433,0.1433,1.28,4,high,house,gable,False,20,14,3,3
4139,20.75,14.5833,1.054,0.1433,0.1433,1.28,4,high,house,gable,False,20,14,4,3
4140,20.9167,14.5833,1.035,0.1433,0.1433,0.96,3,high,house,gable,False,20,14,5,3
4141,20.0833,14.75,1.131,0.1433,0.1433,1.28,4,high,house,gable,False,20,14,0,4
4142,20.25,14.75,1.112,0.1433,0.1433,1.6,5,high,house,hip,False,20,14,1,4
4143,20.4167,14.75,1.093,0.1433,0.1433,1.92,6,high,house,hip,False,20,14,2,4
4144,20.9167,14.75,1.035,0.1433,0.1433,0.96,3,high,house,gable,False,20,14,5,4
4145,20.25,14.9167,1.112,0.1433,0.1433,1.6,5,high,house,gable,False,20,14,1,5
4146,20.4167,14.9167,1.092,0.1433,0.1433,1.6,5,high,house,gable,False,20,14,2,5
4147,20.5833,14.9167,1.073,0.1433,0.1433,1.28,4,high,house,hip,False,20,14,3,5
4148,20.75,14.9167,1.054,0.1433,0.1433,0.96,3,high,house,gable,False,20,14,4,5
4149,21.4167,14.0833,0.977,0.1433,0.1433,1.6,5,high,house,gable,False,21,14,2,0
4150,21.5833,14.0833,0.958,0.1433,0.1433,1.28,4,high,house,hip,False,21,14,3,0
4151,21.5833,14.25,0.959,0.1433,0.1433,1.6,5,high,house,gable,False,21,14,3,1
4152,21.0833,14.4167,1.016,0.1433,0.1433,0.96,3,high,house,gable,False,21,14,0,2
4153,21.25,14.4167,0.997,0.1433,0.1433,1.92,6,high,house,hip,False,21,14,1,2
4154,21.5833,14.4167,0.96,0.1433,0.1433,1.6,5,high,house,gable,False,21,14,3,2
4155,21.0833,14.5833,1.016,0.1433,0.1433,1.28,4,high,house,gable,False,21,14,0,3
4156,21.25,14.5833,0.997,0.1433,0.1433,1.6,5,high,house,gable,False,21,14,1,3
4157,21.5833,14.5833,0.96,0.1433,0.1433,1.6,5,high,house,gable,False,21,14,3,3
4158,21.25,14.75,0.997,0.1433,0.1433,0.96,3,high,house,gable,False,21,14,1,4
4159,21.4167,14.75,0.979,0.11,0.11,4.16,13,high,tower,flat,True,21,14,2,4
4160,21.5833,14.75,0.96,0.1433,0.1433,0.96,3,high,house,hip,False,21,14,3,4
4161,21.9167,14.75,0.924,0.1433,0.1433,0.96,3,high,house,hip,False,21,14,5,4
4162,21.0833,14.9167,1.016,0.1433,0.1433,0.96,3,high,house,hip,False,21,14,0,5
4163,21.25,14.9167,0.997,0.1433,0.1433,1.92,6,high,house,hip,False,21,14,1,5
4164,21.4167,14.9167,0.978,0.1433,0.1433,1.92,6,high,house,gable,False,21,14,2,5
4165,22.0833,14.0833,0.905,0.1433,0.1433,1.92,6,high,house,gable,False,22,14,0,0
4166,22.25,14.0833,0.887,0.1433,0.1433,1.28,4,high,house,hip,False,22,14,1,0
4167,22.5833,14.0833,0.853,0.1433,0.1433,1.92,6,high,house,gable,False,22,14,3,0
4168,22.75,14.0833,0.836,0.1433,0.1433,1.28,4,high,house,gable,False,22,14,4,0
4169,22.9167,14.0833,0.82,0.1433,0.1433,0.96,3,high,house,hip,False,22,14,5,0
4170,22.0833,14.25,0.905,0.1433,0.1433,1.28,4,high,house,hip,False,22,14,0,1
4171,22.5833,14.25,0.854,0.1433,0.1433,1.92,6,high,house,gable,False,22,14,3,1
4172,22.9167,14.25,0.821,0.1433,0.1433,1.28,4,high,house,hip,False,22,14,5,1
4173,22.0833,14.4167,0.906,0.1433,0.1433,1.6,5,high,house,gable,False,22,14,0,2
4174,22.25,14.4167,0.889,0.1433,0.1433,1.28,4,high,house,gable,False,22,14,1,2
4175,22.5833,14.4167,0.854,0.1433,0.1433,1.6,5,high,house,hip,False,22,14,3,2
4176,22.75,14.4167,0.838,0.1433,0.1433,0.96,3,high,house,gable,False,22,14,4,2
4177,22.9167,14.4167,0.821,0.1433,0.1433,0.96,3,high,house,gable,False,22,14,5,2
4178,22.0833,14.5833,0.906,0.1433,0.1433,0.96,3,high,house,gable,False,22,14,0,3
4179,22.25,14.5833,0.889,0.1433,0.1433,1.28,4,high,house,gable,False,22,14,1,3
4180,22.4167,14.5833,0.872,0.1433,0.1433,1.28,4,high,house,gable,False,22,14,2,3
4181,22.9167,14.5833,0.822,0.1433,0.1433,1.28,4,high,house,hip,False,22,14,5,3
4182,22.0833,14.75,0.907,0.1433,0.1433,0.96,3,high,house,gable,False,22,14,0,4
4183,22.5833,14.75,0.855,0.1433,0.1433,1.92,6,high,house,gable,False,22,14,3,4
4184,22.75,14.75,0.838,0.1433,0.1433,0.96,3,high,house,gable,False,22,14,4,4
4185,22.9167,14.75,0.822,0.1433,0.1433,1.92,6,high,house,gable,False,22,14,5,4
4186,22.75,14.9167,0.838,0.1433,0.1433,1.92,6,high,house,gable,False,22,14,4,5
4187,23.0833,14.0833,0.804,0.1433,0.1433,1.6,5,high,house,gable,False,23,14,0,0
4188,23.25,14.0833,0.788,0.1433,0.1433,1.6,5,high,house,gable,False,23,14,1,0
4189,23.4167,14.0833,0.772,0.1433,0.1433,1.6,5,high,house,gable,False,23,14,2,0
4190,23.75,14.0833,0.742,0.1433,0.1433,1.6,5,high,house,hip,False,23,14,4,0
4191,23.0833,14.25,0.805,0.1433,0.1433,1.28,4,high,house,hip,False,23,14,0,1
4192,23.4167,14.25,0.773,0.1433,0.1433,1.28,4,high,house,hip,False,23,14,2,1
4193,23.75,14.25,0.743,0.1433,0.1433,1.28,4,high,house,hip,False,23,14,4,1
4194,23.9167,14.25,0.728,0.1433,0.1433,1.92,6,high,house,gable,False,23,14,5,1
4195,23.0833,14.4167,0.805,0.1433,0.1433,0.96,3,high,house,gable,False,23,14,0,2
4196,23.4167,14.4167,0.774,0.1433,0.1433,1.92,6,high,house,hip,False,23,14,2,2
4197,23.75,14.4167,0.743,0.1433,0.1433,0.96,3,high,house,gable,False,23,14,4,2
4198,23.9167,14.4167,0.729,0.1433,0.1433,0.96,3,high,house,gable,False,23,14,5,2
4199,23.0833,14.5833,0.805,0.1433,0.1433,1.6,5,high,house,gable,False,23,14,0,3
4200,23.25,14.5833,0.79,0.1433,0.1433,1.6,5,high,house,gable,False,23,14,1,3
4201,23.4167,14.5833,0.774,0.1433,0.1433,2.24,7,high,house,hip,False,23,14,2,3
4202,23.75,14.5833,0.744,0.1433,0.1433,1.28,4,high,house,gable,False,23,14,4,3
4203,23.9167,14.5833,0.729,0.1433,0.1433,0.96,3,high,house,hip,False,23,14,5,3
4204,23.0833,14.75,0.806,0.1433,0.1433,1.92,6,high,house,gable,False,23,14,0,4
4205,23.4167,14.75,0.774,0.1433,0.1433,1.28,4,high,house,gable,False,23,14,2,4
4206,23.75,14.75,0.744,0.1433,0.1433,1.92,6,high,house,gable,False,23,14,4,4
4207,23.9167,14.75,0.729,0.1433,0.1433,1.92,6,high,house,gable,False,23,14,5,4
4208,23.25,14.9167,0.79,0.1433,0.1433,1.92,6,high,house,gable,False,23,14,1,5
4209,23.9167,14.9167,0.729,0.1433,0.1433,1.28,4,high,house,hip,False,23,14,5,5
4210,25.0833,14.0833,0.633,0.1433,0.1433,0.96,3,medium,house,gable,False,25,14,0,0
4211,25.25,14.0833,0.621,0.1433,0.1433,0.96,3,medium,house,gable,False,25,14,1,0
4212,25.4167,14.0833,0.608,0.1433,0.1433,0.96,3,medium,house,hip,False,25,14,2,0
4213,25.0833,14.25,0.633,0.1433,0.1433,1.28,4,medium,house,gable,False,25,14,0,1
4214,25.5833,14.25,0.597,0.1433,0.1433,1.28,4,medium,house,hip,False,25,14,3,1
4215,25.0833,14.4167,0.634,0.1433,0.1433,1.28,4,medium,house,hip,False,25,14,0,2
4216,25.25,14.4167,0.621,0.1433,0.1433,1.28,4,medium,house,gable,False,25,14,1,2
4217,25.4167,14.4167,0.609,0.1433,0.1433,1.28,4,medium,house,gable,False,25,14,2,2
4218,25.5833,14.4167,0.597,0.1433,0.1433,0.64,2,medium,house,gable,False,25,14,3,2
4219,25.9167,14.4167,0.574,0.1433,0.1433,0.96,3,medium,house,gable,False,25,14,5,2
4220,25.25,14.5833,0.622,0.1433,0.1433,1.28,4,medium,house,hip,False,25,14,1,3
4221,25.5833,14.5833,0.598,0.1433,0.1433,0.96,3,medium,house,gable,False,25,14,3,3
4222,25.25,14.75,0.622,0.1433,0.1433,0.64,2,medium,house,gable,False,25,14,1,4
4223,25.4167,14.75,0.61,0.1433,0.1433,0.96,3,medium,house,gable,False,25,14,2,4
4224,26.0833,14.0833,0.562,0.1433,0.1433,0.64,2,medium,house,gable,False,26,14,0,0
4225,26.25,14.0833,0.552,0.1433,0.1433,1.28,4,medium,house,gable,False,26,14,1,0
4226,26.75,14.0833,0.52,0.1433,0.1433,1.28,4,medium,house,gable,False,26,14,4,0
4227,26.0833,14.25,0.563,0.1433,0.1433,1.28,4,medium,house,hip,False,26,14,0,1
4228,26.25,14.25,0.552,0.1433,0.1433,0.96,3,medium,house,gable,False,26,14,1,1
4229,26.4167,14.25,0.541,0.1433,0.1433,1.28,4,medium,house,hip,False,26,14,2,1
4230,26.75,14.25,0.521,0.1433,0.1433,1.28,4,medium,house,hip,False,26,14,4,1
4231,26.9167,14.25,0.51,0.1433,0.1433,0.96,3,medium,house,gable,False,26,14,5,1
4232,26.0833,14.4167,0.563,0.1433,0.1433,0.64,2,medium,house,gable,False,26,14,0,2
4233,26.25,14.4167,0.552,0.1433,0.1433,0.64,2,medium,house,hip,False,26,14,1,2
4234,26.4167,14.4167,0.542,0.1433,0.1433,0.64,2,medium,house,gable,False,26,14,2,2
4235,26.9167,14.4167,0.511,0.1433,0.1433,0.64,2,medium,house,hip,False,26,14,5,2
4236,26.25,14.5833,0.553,0.1433,0.1433,0.96,3,medium,house,hip,False,26,14,1,3
4237,26.75,14.5833,0.521,0.1433,0.1433,0.96,3,medium,house,gable,False,26,14,4,3
4238,26.9167,14.5833,0.511,0.1433,0.1433,0.96,3,medium,house,hip,False,26,14,5,3
4239,26.0833,14.75,0.564,0.1433,0.1433,1.28,4,medium,house,gable,False,26,14,0,4
4240,26.25,14.75,0.553,0.1433,0.1433,1.28,4,medium,house,hip,False,26,14,1,4
4241,26.5833,14.75,0.532,0.1433,0.1433,0.64,2,medium,house,gable,False,26,14,3,4
4242,26.75,14.75,0.522,0.1433,0.1433,0.96,3,medium,house,gable,False,26,14,4,4
4243,26.0833,14.9167,0.564,0.1433,0.1433,1.28,4,medium,house,gable,False,26,14,0,5
4244,26.25,14.9167,0.553,0.1433,0.1433,1.28,4,medium,house,gable,False,26,14,1,5
4245,26.5833,14.9167,0.532,0.1433,0.1433,0.96,3,medium,house,gable,False,26,14,3,5
4246,26.75,14.9167,0.522,0.1433,0.1433,0.96,3,medium,house,gable,False,26,14,4,5
4247,26.9167,14.9167,0.512,0.1433,0.1433,0.64,2,medium,house,gable,False,26,14,5,5
4248,3.5833,15.4167,0.788,0.1433,0.1433,0.96,3,low,house,hip,False,3,15,3,2
4249,3.75,15.4167,0.817,0.1433,0.1433,0.32,1,low,house,hip,False,3,15,4,2
4250,3.4167,15.5833,0.759,0.1433,0.1433,0.64,2,low,house,gable,False,3,15,2,3
4251,3.5833,15.5833,0.788,0.1433,0.1433,0.96,3,low,house,gable,False,3,15,3,3
4252,3.4167,15.75,0.759,0.1433,0.1433,0.32,1,low,house,gable,False,3,15,2,4
4253,3.5833,15.75,0.788,0.1433,0.1433,0.96,3,low,house,gable,False,3,15,3,4
4254,4.4167,15.0833,0.931,0.1433,0.1433,1.28,4,medium,house,gable,False,4,15,2,0
4255,4.0833,15.25,0.874,0.1433,0.1433,1.28,4,medium,house,gable,False,4,15,0,1
4256,4.4167,15.25,0.931,0.1433,0.1433,0.64,2,medium,house,hip,False,4,15,2,1
4257,4.5833,15.25,0.959,0.1433,0.1433,1.28,4,medium,house,gable,False,4,15,3,1
4258,4.0833,15.4167,0.874,0.1433,0.1433,1.28,4,medium,house,gable,False,4,15,0,2
4259,4.25,15.4167,0.902,0.1433,0.1433,0.64,2,medium,house,gable,False,4,15,1,2
4260,4.5833,15.4167,0.959,0.1433,0.1433,0.64,2,medium,house,hip,False,4,15,3,2
4261,4.5833,15.5833,0.958,0.1433,0.1433,0.64,2,medium,house,gable,False,4,15,3,3
4262,4.0833,15.75,0.873,0.1433,0.1433,0.64,2,medium,house,gable,False,4,15,0,4
4263,4.25,15.75,0.901,0.1433,0.1433,0.96,3,medium,house,hip,False,4,15,1,4
4264,4.5833,15.75,0.958,0.1433,0.1433,1.28,4,medium,house,gable,False,4,15,3,4
4265,4.0833,15.9167,0.873,0.1433,0.1433,1.28,4,medium,house,hip,False,4,15,0,5
4266,4.4167,15.9167,0.929,0.1433,0.1433,0.64,2,medium,house,gable,False,4,15,2,5
4267,4.5833,15.9167,0.957,0.1433,0.1433,0.64,2,medium,house,hip,False,4,15,3,5
4268,6.0833,15.0833,1.203,0.1433,0.1433,1.28,4,high,house,hip,False,6,15,0,0
4269,6.4167,15.0833,1.253,0.1433,0.1433,1.92,6,high,house,gable,False,6,15,2,0
4270,6.5833,15.0833,1.278,0.1433,0.1433,1.6,5,high,house,gable,False,6,15,3,0
4271,6.75,15.0833,1.302,0.1433,0.1433,1.28,4,high,house,gable,False,6,15,4,0
4272,6.9167,15.0833,1.325,0.1433,0.1433,1.28,4,high,house,gable,False,6,15,5,0
4273,6.0833,15.25,1.202,0.1433,0.1433,0.96,3,high,house,gable,False,6,15,0,1
4274,6.25,15.25,1.227,0.1433,0.1433,0.96,3,high,house,gable,False,6,15,1,1
4275,6.5833,15.25,1.277,0.1433,0.1433,1.92,6,high,house,gable,False,6,15,3,1
4276,6.9167,15.25,1.325,0.1433,0.1433,1.92,6,high,house,hip,False,6,15,5,1
4277,6.0833,15.4167,1.201,0.1433,0.1433,1.6,5,high,house,gable,False,6,15,0,2
4278,6.25,15.4167,1.226,0.1433,0.1433,1.92,6,high,house,hip,False,6,15,1,2
4279,6.5833,15.4167,1.276,0.1433,0.1433,1.6,5,high,house,gable,False,6,15,3,2
4280,6.9167,15.4167,1.323,0.1433,0.1433,1.6,5,high,house,gable,False,6,15,5,2
4281,6.0833,15.5833,1.2,0.1433,0.1433,1.6,5,high,house,gable,False,6,15,0,3
4282,6.4167,15.5833,1.25,0.1433,0.1433,1.92,6,high,house,gable,False,6,15,2,3
4283,6.5833,15.5833,1.275,0.1433,0.1433,2.24,7,high,house,gable,False,6,15,3,3
4284,6.9167,15.5833,1.322,0.1433,0.1433,1.28,4,high,house,gable,False,6,15,5,3
4285,6.4167,15.75,1.249,0.1433,0.1433,1.28,4,high,house,gable,False,6,15,2,4
4286,6.5833,15.75,1.273,0.1433,0.1433,0.96,3,high,house,gable,False,6,15,3,4
4287,6.9167,15.75,1.321,0.1433,0.1433,1.28,4,high,house,gable,False,6,15,5,4
4288,6.4167,15.9167,1.247,0.1433,0.1433,0.96,3,high,house,gable,False,6,15,2,5
4289,6.5833,15.9167,1.271,0.1433,0.1433,1.6,5,high,house,gable,False,6,15,3,5
4290,6.75,15.9167,1.295,0.1433,0.1433,1.6,5,high,house,gable,False,6,15,4,5
4291,6.9167,15.9167,1.319,0.1433,0.1433,1.92,6,high,house,gable,False,6,15,5,5
4292,7.0833,15.0833,1.349,0.1433,0.1433,1.92,6,high,house,gable,False,7,15,0,0
4293,7.25,15.0833,1.371,0.1433,0.1433,0.96,3,high,house,gable,False,7,15,1,0
4294,7.4167,15.0833,1.393,0.1433,0.1433,0.96,3,high,house,gable,False,7,15,2,0
4295,7.5833,15.0833,1.415,0.1433,0.1433,1.92,6,high,house,gable,False,7,15,3,0
4296,7.9167,15.0833,1.456,0.1433,0.1433,1.28,4,high,house,gable,False,7,15,5,0
4297,7.25,15.25,1.37,0.1433,0.1433,1.92,6,high,house,gable,False,7,15,1,1
4298,7.4167,15.25,1.392,0.1433,0.1433,0.96,3,high,house,hip,False,7,15,2,1
4299,7.75,15.25,1.435,0.1433,0.1433,1.6,5,high,house,gable,False,7,15,4,1
4300,7.9167,15.25,1.455,0.1433,0.1433,1.28,4,high,house,gable,False,7,15,5,1
4301,7.0833,15.4167,1.347,0.1433,0.1433,0.96,3,high,house,gable,False,7,15,0,2
4302,7.4167,15.4167,1.391,0.1433,0.1433,1.92,6,high,house,gable,False,7,15,2,2
4303,7.75,15.4167,1.434,0.1433,0.1433,0.96,3,high,house,hip,False,7,15,4,2
4304,7.9167,15.4167,1.454,0.1433,0.1433,1.28,4,high,house,gable,False,7,15,5,2
4305,7.0833,15.5833,1.345,0.1433,0.1433,1.28,4,high,house,gable,False,7,15,0,3
4306,7.25,15.5833,1.368,0.1433,0.1433,1.92,6,high,house,gable,False,7,15,1,3
4307,7.4167,15.5833,1.39,0.1433,0.1433,1.28,4,high,house,hip,False,7,15,2,3
4308,7.75,15.5833,1.432,0.1433,0.1433,1.28,4,high,house,gable,False,7,15,4,3
4309,7.9167,15.5833,1.452,0.1433,0.1433,1.6,5,high,house,gable,False,7,15,5,3
4310,7.5833,15.75,1.409,0.1433,0.1433,0.96,3,high,house,gable,False,7,15,3,4
4311,7.9167,15.75,1.45,0.1433,0.1433,1.92,6,high,house,hip,False,7,15,5,4
4312,7.0833,15.9167,1.341,0.1433,0.1433,1.92,6,high,house,hip,False,7,15,0,5
4313,7.25,15.9167,1.364,0.1433,0.1433,0.96,3,high,house,gable,False,7,15,1,5
4314,7.4167,15.9167,1.386,0.1433,0.1433,1.28,4,high,house,gable,False,7,15,2,5
4315,7.5833,15.9167,1.407,0.1433,0.1433,1.92,6,high,house,gable,False,7,15,3,5
4316,8.0833,15.0833,1.476,0.1433,0.1433,1.6,5,high,house,gable,False,8,15,0,0
4317,8.25,15.0833,1.496,0.1433,0.1433,0.96,3,high,house,gable,False,8,15,1,0
4318,8.4167,15.0833,1.514,0.1433,0.1433,0.96,3,high,house,gable,False,8,15,2,0
4319,8.75,15.0833,1.549,0.1433,0.1433,1.6,5,high,house,hip,False,8,15,4,0
4320,8.9167,15.0833,1.566,0.1433,0.1433,1.92,6,high,house,gable,False,8,15,5,0
4321,8.0833,15.25,1.475,0.1433,0.1433,1.92,6,high,house,hip,False,8,15,0,1
4322,8.25,15.25,1.494,0.1433,0.1433,1.6,5,high,house,gable,False,8,15,1,1
4323,8.75,15.25,1.548,0.1433,0.1433,1.28,4,high,house,gable,False,8,15,4,1
4324,8.9167,15.25,1.565,0.1433,0.1433,1.6,5,high,house,gable,False,8,15,5,1
4325,8.0833,15.4167,1.474,0.1433,0.1433,1.92,6,high,house,hip,False,8,15,0,2
4326,8.25,15.4167,1.493,0.1433,0.1433,0.96,3,high,house,gable,False,8,15,1,2
4327,8.75,15.4167,1.547,0.1433,0.1433,1.28,4,high,house,gable,False,8,15,4,2
4328,8.9167,15.4167,1.563,0.1433,0.1433,1.6,5,high,house,gable,False,8,15,5,2
4329,8.25,15.5833,1.491,0.1433,0.1433,1.6,5,high,house,gable,False,8,15,1,3
4330,8.5833,15.5833,1.527,0.1433,0.1433,1.92,6,high,house,gable,False,8,15,3,3
4331,8.9167,15.5833,1.561,0.1433,0.1433,1.92,6,high,house,gable,False,8,15,5,3
4332,8.0833,15.75,1.47,0.1433,0.1433,1.92,6,high,house,gable,False,8,15,0,4
4333,8.25,15.75,1.489,0.1433,0.1433,1.6,5,high,house,gable,False,8,15,1,4
4334,8.5833,15.75,1.525,0.1433,0.1433,1.92,6,high,house,gable,False,8,15,3,4
4335,8.9167,15.75,1.559,0.1433,0.1433,1.28,4,high,house,gable,False,8,15,5,4
4336,8.5833,15.9167,1.522,0.1433,0.1433,0.96,3,high,house,hip,False,8,15,3,5
4337,8.75,15.9167,1.539,0.1433,0.1433,1.28,4,high,house,gable,False,8,15,4,5
4338,8.9167,15.9167,1.556,0.1433,0.1433,1.92,6,high,house,gable,False,8,15,5,5
4339,9.0833,15.0833,1.582,0.1433,0.1433,0.96,3,high,house,hip,False,9,15,0,0
4340,9.25,15.0833,1.597,0.1433,0.1433,1.92,6,high,house,gable,False,9,15,1,0
4341,9.4167,15.0833,1.612,0.1433,0.1433,0.96,3,high,house,gable,False,9,15,2,0
4342,9.5833,15.0833,1.626,0.1433,0.1433,1.92,6,high,house,gable,False,9,15,3,0
4343,9.75,15.0833,1.639,0.1433,0.1433,1.92,6,high,house,gable,False,9,15,4,0
4344,9.9167,15.0833,1.651,0.1433,0.1433,1.28,4,high,house,hip,False,9,15,5,0
4345,9.0833,15.25,1.581,0.1433,0.1433,0.96,3,high,house,hip,False,9,15,0,1
4346,9.4167,15.25,1.61,0.1433,0.1433,1.92,6,high,house,gable,False,9,15,2,1
4347,9.5833,15.25,1.624,0.1433,0.1433,1.92,6,high,house,hip,False,9,15,3,1
4348,9.9167,15.25,1.649,0.1433,0.1433,0.96,3,high,house,gable,False,9,15,5,1
4349,9.0833,15.4167,1.579,0.1433,0.1433,1.6,5,high,house,hip,False,9,15,0,2
4350,9.25,15.4167,1.594,0.1433,0.1433,1.28,4,high,house,gable,False,9,15,1,2
4351,9.5833,15.4167,1.622,0.1433,0.1433,1.28,4,high,house,hip,False,9,15,3,2
4352,9.75,15.4167,1.635,0.1433,0.1433,1.6,5,high,house,hip,False,9,15,4,2
4353,9.9167,15.4167,1.647,0.1433,0.1433,1.28,4,high,house,gable,False,9,15,5,2
4354,9.0833,15.75,1.574,0.1433,0.1433,0.96,3,high,house,gable,False,9,15,0,4
4355,9.25,15.75,1.589,0.1433,0.1433,1.28,4,high,house,gable,False,9,15,1,4
4356,9.4167,15.75,1.604,0.1433,0.1433,1.28,4,high,house,gable,False,9,15,2,4
4357,9.5833,15.75,1.617,0.1433,0.1433,0.96,3,high,house,gable,False,9,15,3,4
4358,9.75,15.75,1.63,0.1433,0.1433,1.6,5,high,house,gable,False,9,15,4,4
4359,9.9167,15.75,1.642,0.1433,0.1433,0.96,3,high,house,gable,False,9,15,5,4
4360,9.0833,15.9167,1.571,0.1433,0.1433,1.6,5,high,house,gable,False,9,15,0,5
4361,9.25,15.9167,1.586,0.1433,0.1433,1.28,4,high,house,gable,False,9,15,1,5
4362,9.4167,15.9167,1.6,0.1433,0.1433,0.96,3,high,house,hip,False,9,15,2,5
4363,9.5833,15.9167,1.614,0.1433,0.1433,1.28,4,high,house,gable,False,9,15,3,5
4364,9.75,15.9167,1.627,0.1433,0.1433,1.28,4,high,house,gable,False,9,15,4,5
4365,9.9167,15.9167,1.639,0.1433,0.1433,1.28,4,high,house,hip,False,9,15,5,5
4366,10.0833,15.0833,1.662,0.1433,0.1433,1.28,4,high,house,gable,False,10,15,0,0
4367,10.25,15.0833,1.673,0.1433,0.1433,1.6,5,high,house,hip,False,10,15,1,0
4368,10.5833,15.0833,1.692,0.1433,0.1433,1.6,5,high,house,hip,False,10,15,3,0
4369,10.75,15.0833,1.701,0.1433,0.1433,1.28,4,high,house,hip,False,10,15,4,0
4370,10.9167,15.0833,1.708,0.1433,0.1433,1.28,4,high,house,gable,False,10,15,5,0
4371,10.0833,15.25,1.661,0.1433,0.1433,1.28,4,high,house,hip,False,10,15,0,1
4372,10.5833,15.25,1.691,0.1433,0.1433,1.6,5,high,house,hip,False,10,15,3,1
4373,10.75,15.25,1.699,0.1433,0.1433,1.28,4,high,house,hip,False,10,15,4,1
4374,10.9167,15.25,1.707,0.1433,0.1433,0.96,3,high,house,gable,False,10,15,5,1
4375,10.0833,15.4167,1.659,0.1433,0.1433,1.28,4,high,house,gable,False,10,15,0,2
4376,10.4167,15.4167,1.68,0.1433,0.1433,1.6,5,high,house,gable,False,10,15,2,2
4377,10.9167,15.4167,1.705,0.1433,0.1433,1.6,5,high,house,gable,False,10,15,5,2
4378,10.0833,15.5833,1.656,0.1433,0.1433,1.92,6,high,house,gable,False,10,15,0,3
4379,10.25,15.5833,1.667,0.1433,0.1433,0.96,3,high,house,hip,False,10,15,1,3
4380,10.5833,15.5833,1.686,0.1433,0.1433,1.28,4,high,house,gable,False,10,15,3,3
4381,10.75,15.5833,1.694,0.1433,0.1433,1.28,4,high,house,hip,False,10,15,4,3
4382,10.9167,15.5833,1.702,0.1433,0.1433,1.28,4,high,house,hip,False,10,15,5,3
4383,10.4167,15.75,1.674,0.1433,0.1433,0.96,3,high,house,gable,False,10,15,2,4
4384,10.9167,15.75,1.699,0.1433,0.1433,0.96,3,high,house,gable,False,10,15,5,4
4385,10.25,15.9167,1.661,0.1433,0.1433,0.96,3,high,house,gable,False,10,15,1,5
4386,10.4167,15.9167,1.67,0.1433,0.1433,1.6,5,high,house,gable,False,10,15,2,5
4387,10.75,15.9167,1.688,0.1433,0.1433,1.6,5,high,house,gable,False,10,15,4,5
4388,10.9167,15.9167,1.695,0.1433,0.1433,1.6,5,high,house,gable,False,10,15,5,5
4389,11.4167,15.0833,1.727,0.1433,0.1433,1.6,5,high,house,gable,False,11,15,2,0
4390,11.5833,15.0833,1.731,0.1433,0.1433,1.28,4,high,house,gable,False,11,15,3,0
4391,11.75,15.0833,1.735,0.1433,0.1433,1.28,4,high,house,gable,False,11,15,4,0
4392,11.5833,15.25,1.729,0.1433,0.1433,1.6,5,high,house,gable,False,11,15,3,1
4393,11.25,15.4167,1.717,0.1433,0.1433,0.96,3,high,house,gable,False,11,15,1,2
4394,11.4167,15.4167,1.722,0.1433,0.1433,1.6,5,high,house,gable,False,11,15,2,2
4395,11.75,15.4167,1.73,0.1433,0.1433,0.96,3,high,house,gable,False,11,15,4,2
4396,11.9167,15.4167,1.733,0.1433,0.1433,1.6,5,high,house,gable,False,11,15,5,2
4397,11.0833,15.5833,1.709,0.1433,0.1433,1.92,6,high,house,gable,False,11,15,0,3
4398,11.4167,15.5833,1.72,0.1433,0.1433,1.92,6,high,house,gable,False,11,15,2,3
4399,11.75,15.5833,1.727,0.1433,0.1433,1.6,5,high,house,gable,False,11,15,4,3
4400,11.9167,15.5833,1.73,0.1433,0.1433,1.28,4,high,house,hip,False,11,15,5,3
4401,11.0833,15.75,1.705,0.1433,0.1433,1.6,5,high,house,gable,False,11,15,0,4
4402,11.25,15.75,1.711,0.1433,0.1433,1.6,5,high,house,gable,False,11,15,1,4
4403,11.4167,15.75,1.716,0.1433,0.1433,1.6,5,high,house,gable,False,11,15,2,4
4404,11.5833,15.75,1.721,0.1433,0.1433,1.92,6,high,house,gable,False,11,15,3,4
4405,11.9167,15.75,1.727,0.1433,0.1433,1.92,6,high,house,gable,False,11,15,5,4
4406,11.0833,15.9167,1.702,0.1433,0.1433,1.28,4,high,house,gable,False,11,15,0,5
4407,11.25,15.9167,1.707,0.1433,0.1433,1.92,6,high,house,gable,False,11,15,1,5
4408,11.5833,15.9167,1.717,0.1433,0.1433,1.6,5,high,house,gable,False,11,15,3,5
4409,11.75,15.9167,1.72,0.1433,0.1433,1.6,5,high,house,gable,False,11,15,4,5
4410,11.9167,15.9167,1.723,0.1433,0.1433,1.6,5,high,house,gable,False,11,15,5,5
4411,12.0833,15.0833,1.739,0.1433,0.1433,1.28,4,high,house,gable,False,12,15,0,0
4412,12.4167,15.0833,1.741,0.1433,0.1433,0.96,3,high,house,hip,False,12,15,2,0
4413,12.5833,15.0833,1.741,0.1433,0.1433,0.96,3,high,house,gable,False,12,15,3,0
4414,12.9167,15.0833,1.737,0.1433,0.1433,0.96,3,high,house,gable,False,12,15,5,0
4415,12.0833,15.25,1.737,0.1433,0.1433,1.92,6,high,house,gable,False,12,15,0,1
4416,12.25,15.25,1.739,0.1433,0.1433,1.28,4,high,house,gable,False,12,15,1,1
4417,12.5833,15.25,1.739,0.1433,0.1433,1.28,4,high,house,gable,False,12,15,3,1
4418,12.75,15.25,1.737,0.1433,0.1433,1.6,5,high,house,gable,False,12,15,4,1
4419,12.9167,15.25,1.735,0.1433,0.1433,1.92,6,high,house,hip,False,12,15,5,1
4420,12.0833,15.4167,1.735,0.1433,0.1433,1.28,4,high,house,gable,False,12,15,0,2
4421,12.25,15.4167,1.736,0.1433,0.1433,1.6,5,high,house,gable,False,12,15,1,2
4422,12.5833,15.4167,1.736,0.1433,0.1433,2.24,7,high,house,gable,False,12,15,3,2
4423,12.75,15.4167,1.735,0.1433,0.1433,1.6,5,high,house,gable,False,12,15,4,2
4424,12.0833,15.5833,1.732,0.1433,0.1433,1.28,4,high,house,gable,False,12,15,0,3
4425,12.4167,15.5833,1.734,0.1433,0.1433,1.92,6,high,house,gable,False,12,15,2,3
4426,12.75,15.5833,1.732,0.1433,0.1433,1.28,4,high,house,gable,False,12,15,4,3
4427,12.9167,15.5833,1.73,0.1433,0.1433,1.6,5,high,house,gable,False,12,15,5,3
4428,12.5833,15.75,1.729,0.1433,0.1433,1.28,4,high,house,gable,False,12,15,3,4
4429,12.9167,15.75,1.726,0.1433,0.1433,0.96,3,high,house,gable,False,12,15,5,4
4430,12.5833,15.9167,1.725,0.1433,0.1433,0.96,3,high,house,gable,False,12,15,3,5
4431,12.75,15.9167,1.724,0.1433,0.1433,1.92,6,high,house,hip,False,12,15,4,5
4432,12.9167,15.9167,1.722,0.1433,0.1433,1.92,6,high,house,hip,False,12,15,5,5
4433,14.0833,15.0833,1.703,0.1433,0.1433,1.92,6,high,house,gable,False,14,15,0,0
4434,14.25,15.0833,1.695,0.1433,0.1433,1.28,4,high,house,gable,False,14,15,1,0
4435,14.4167,15.0833,1.686,0.1433,0.1433,0.96,3,high,house,gable,False,14,15,2,0
4436,14.9167,15.0833,1.657,0.1433,0.1433,1.28,4,high,house,gable,False,14,15,5,0
4437,14.25,15.25,1.693,0.1433,0.1433,1.6,5,high,house,gable,False,14,15,1,1
4438,14.4167,15.25,1.684,0.1433,0.1433,1.28,4,high,house,hip,False,14,15,2,1
4439,14.0833,15.4167,1.698,0.1433,0.1433,1.6,5,high,house,gable,False,14,15,0,2
4440,14.0833,15.5833,1.695,0.1433,0.1433,0.96,3,high,house,gable,False,14,15,0,3
4441,14.25,15.5833,1.687,0.1433,0.1433,0.96,3,high,house,gable,False,14,15,1,3
4442,14.0833,15.75,1.691,0.1433,0.1433,1.28,4,high,house,hip,False,14,15,0,4
4443,14.4167,15.75,1.675,0.1433,0.1433,1.6,5,high,house,hip,False,14,15,2,4
4444,14.5833,15.75,1.665,0.1433,0.1433,1.6,5,high,house,hip,False,14,15,3,4
4445,14.0833,15.9167,1.687,0.1433,0.1433,0.96,3,high,house,hip,False,14,15,0,5
4446,14.25,15.9167,1.679,0.1433,0.1433,1.28,4,high,house,hip,False,14,15,1,5
4447,14.4167,15.9167,1.67,0.1433,0.1433,1.28,4,high,house,hip,False,14,15,2,5
4448,15.25,15.0833,1.634,0.1433,0.1433,0.96,3,high,house,gable,False,15,15,1,0
4449,15.4167,15.0833,1.621,0.1433,0.1433,0.96,3,high,house,hip,False,15,15,2,0
4450,15.5833,15.0833,1.609,0.1433,0.1433,1.6,5,high,house,hip,False,15,15,3,0
4451,15.75,15.0833,1.595,0.1433,0.1433,1.6,5,high,house,gable,False,15,15,4,0
4452,15.9167,15.0833,1.581,0.1433,0.1433,1.28,4,high,house,gable,False,15,15,5,0
4453,15.4167,15.25,1.619,0.1433,0.1433,1.28,4,high,house,gable,False,15,15,2,1
4454,15.9167,15.25,1.579,0.1433,0.1433,1.6,5,high,house,gable,False,15,15,5,1
4455,15.25,15.4167,1.629,0.1433,0.1433,1.92,6,high,house,hip,False,15,15,1,2
4456,15.5833,15.4167,1.604,0.1433,0.1433,2.24,7,high,house,hip,False,15,15,3,2
4457,15.75,15.4167,1.591,0.1433,0.1433,1.28,4,high,house,gable,False,15,15,4,2
4458,15.9167,15.4167,1.577,0.1433,0.1433,1.6,5,high,house,gable,False,15,15,5,2
4459,15.4167,15.5833,1.614,0.1433,0.1433,1.92,6,high,house,gable,False,15,15,2,3
4460,15.0833,15.75,1.634,0.1433,0.1433,1.6,5,high,house,gable,False,15,15,0,4
4461,15.25,15.75,1.622,0.1433,0.1433,1.92,6,high,house,gable,False,15,15,1,4
4462,15.4167,15.75,1.61,0.1433,0.1433,1.28,4,high,house,gable,False,15,15,2,4
4463,15.5833,15.75,1.597,0.1433,0.1433,1.6,5,high,house,gable,False,15,15,3,4
4464,15.9167,15.75,1.57,0.1433,0.1433,1.6,5,high,house,gable,False,15,15,5,4
4465,15.0833,15.9167,1.63,0.1433,0.1433,0.96,3,high,house,gable,False,15,15,0,5
4466,15.4167,15.9167,1.606,0.1433,0.1433,1.6,5,high,house,hip,False,15,15,2,5
4467,15.5833,15.9167,1.593,0.1433,0.1433,1.6,5,high,house,gable,False,15,15,3,5
4468,15.75,15.9167,1.579,0.1433,0.1433,0.96,3,high,house,gable,False,15,15,4,5
4469,15.9167,15.9167,1.566,0.1433,0.1433,0.96,3,high,house,gable,False,15,15,5,5
4470,17.5833,15.0833,1.418,0.1433,0.1433,1.28,4,high,house,hip,False,17,15,3,0
4471,17.75,15.0833,1.4,0.1433,0.1433,1.92,6,high,house,gable,False,17,15,4,0
4472,17.9167,15.0833,1.381,0.1433,0.1433,1.92,6,high,house,gable,False,17,15,5,0
4473,17.4167,15.25,1.434,0.1433,0.1433,1.92,6,high,house,gable,False,17,15,2,1
4474,17.5833,15.25,1.416,0.1433,0.1433,1.6,5,high,house,gable,False,17,15,3,1
4475,17.9167,15.25,1.38,0.1433,0.1433,1.28,4,high,house,hip,False,17,15,5,1
4476,17.0833,15.4167,1.467,0.1433,0.1433,1.6,5,high,house,gable,False,17,15,0,2
4477,17.25,15.4167,1.449,0.1433,0.1433,0.96,3,high,house,gable,False,17,15,1,2
4478,17.5833,15.4167,1.414,0.1433,0.1433,1.92,6,high,house,gable,False,17,15,3,2
4479,17.9167,15.4167,1.378,0.1433,0.1433,1.92,6,high,house,gable,False,17,15,5,2
4480,17.0833,15.5833,1.464,0.1433,0.1433,0.96,3,high,house,hip,False,17,15,0,3
4481,17.25,15.5833,1.447,0.1433,0.1433,1.92,6,high,house,hip,False,17,15,1,3
4482,17.5833,15.5833,1.411,0.1433,0.1433,1.28,4,high,house,hip,False,17,15,3,3
4483,17.9167,15.5833,1.375,0.1433,0.1433,1.92,6,high,house,gable,False,17,15,5,3
4484,17.5833,15.75,1.408,0.1433,0.1433,0.96,3,high,house,gable,False,17,15,3,4
4485,17.9167,15.75,1.371,0.1433,0.1433,1.92,6,high,house,gable,False,17,15,5,4
4486,17.0833,15.9167,1.456,0.1433,0.1433,0.96,3,high,house,gable,False,17,15,0,5
4487,17.25,15.9167,1.439,0.1433,0.1433,1.6,5,high,house,gable,False,17,15,1,5
4488,17.4167,15.9167,1.422,0.1433,0.1433,1.28,4,high,house,gable,False,17,15,2,5
4489,17.75,15.9167,1.386,0.1433,0.1433,1.6,5,high,house,gable,False,17,15,4,5
4490,17.9167,15.9167,1.368,0.1433,0.1433,1.6,5,high,house,gable,False,17,15,5,5
4491,18.0833,15.0833,1.363,0.1433,0.1433,1.28,4,high,house,hip,False,18,15,0,0
4492,18.25,15.0833,1.344,0.1433,0.1433,0.96,3,high,house,gable,False,18,15,1,0
4493,18.4167,15.0833,1.325,0.1433,0.1433,1.92,6,high,house,gable,False,18,15,2,0
4494,18.5833,15.0833,1.306,0.1433,0.1433,1.92,6,high,house,gable,False,18,15,3,0
4495,18.75,15.0833,1.286,0.1433,0.1433,1.92,6,high,house,hip,False,18,15,4,0
4496,18.9167,15.0833,1.267,0.1433,0.1433,1.28,4,high,house,gable,False,18,15,5,0
4497,18.4167,15.25,1.323,0.1433,0.1433,1.6,5,high,house,gable,False,18,15,2,1
4498,18.5833,15.25,1.304,0.1433,0.1433,1.92,6,high,house,gable,False,18,15,3,1
4499,18.9167,15.25,1.266,0.1433,0.1433,1.28,4,high,house,hip,False,18,15,5,1
4500,18.0833,15.4167,1.359,0.1433,0.1433,0.96,3,high,house,gable,False,18,15,0,2
4501,18.5833,15.4167,1.302,0.1433,0.1433,1.6,5,high,house,gable,False,18,15,3,2
4502,18.9167,15.4167,1.264,0.1433,0.1433,1.6,5,high,house,hip,False,18,15,5,2
4503,18.0833,15.5833,1.356,0.1433,0.1433,1.92,6,high,house,gable,False,18,15,0,3
4504,18.25,15.5833,1.337,0.1433,0.1433,1.92,6,high,house,gable,False,18,15,1,3
4505,18.4167,15.5833,1.319,0.1433,0.1433,1.6,5,high,house,gable,False,18,15,2,3
4506,18.5833,15.5833,1.3,0.1433,0.1433,2.24,7,high,house,gable,False,18,15,3,3
4507,18.75,15.5833,1.28,0.1433,0.1433,1.92,6,high,house,gable,False,18,15,4,3
4508,18.9167,15.5833,1.261,0.1433,0.1433,1.28,4,high,house,gable,False,18,15,5,3
4509,19.0833,15.0833,1.248,0.1433,0.1433,1.6,5,high,house,gable,False,19,15,0,0
4510,19.25,15.0833,1.228,0.1433,0.1433,1.28,4,high,house,gable,False,19,15,1,0
4511,19.75,15.0833,1.169,0.1433,0.1433,1.6,5,high,house,gable,False,19,15,4,0
4512,19.9167,15.0833,1.15,0.1433,0.1433,1.92,6,high,house,gable,False,19,15,5,0
4513,19.0833,15.25,1.246,0.1433,0.1433,1.6,5,high,house,gable,False,19,15,0,1
4514,19.4167,15.25,1.207,0.1433,0.1433,1.6,5,high,house,gable,False,19,15,2,1
4515,19.5833,15.25,1.187,0.1433,0.1433,1.92,6,high,house,hip,False,19,15,3,1
4516,19.9167,15.25,1.148,0.1433,0.1433,1.6,5,high,house,gable,False,19,15,5,1
4517,19.0833,15.4167,1.244,0.1433,0.1433,1.6,5,high,house,hip,False,19,15,0,2
4518,19.25,15.4167,1.225,0.1433,0.1433,0.96,3,high,house,gable,False,19,15,1,2
4519,19.5833,15.4167,1.186,0.1433,0.1433,1.92,6,high,house,hip,False,19,15,3,2
4520,19.9167,15.4167,1.147,0.1433,0.1433,0.96,3,high,house,hip,False,19,15,5,2
4521,19.0833,15.5833,1.242,0.1433,0.1433,0.96,3,high,house,hip,False,19,15,0,3
4522,19.4167,15.5833,1.203,0.1433,0.1433,1.6,5,high,house,gable,False,19,15,2,3
4523,19.75,15.5833,1.164,0.1433,0.1433,0.96,3,high,house,gable,False,19,15,4,3
4524,19.9167,15.5833,1.144,0.1433,0.1433,1.92,6,high,house,gable,False,19,15,5,3
4525,19.0833,15.75,1.239,0.1433,0.1433,1.28,4,high,house,gable,False,19,15,0,4
4526,19.4167,15.75,1.2,0.1433,0.1433,1.28,4,high,house,hip,False,19,15,2,4
4527,19.5833,15.75,1.181,0.1433,0.1433,1.28,4,high,house,hip,False,19,15,3,4
4528,19.75,15.75,1.161,0.1433,0.1433,1.28,4,high,house,gable,False,19,15,4,4
4529,19.0833,15.9167,1.235,0.1433,0.1433,1.6,5,high,house,hip,False,19,15,0,5
4530,19.25,15.9167,1.216,0.1433,0.1433,1.6,5,high,house,hip,False,19,15,1,5
4531,19.5833,15.9167,1.178,0.1433,0.1433,0.96,3,high,house,gable,False,19,15,3,5
4532,19.75,15.9167,1.158,0.1433,0.1433,1.6,5,high,house,gable,False,19,15,4,5
4533,19.9167,15.9167,1.139,0.1433,0.1433,0.96,3,high,house,gable,False,19,15,5,5
4534,20.0833,15.0833,1.13,0.1433,0.1433,0.96,3,high,house,gable,False,20,15,0,0
4535,20.25,15.0833,1.111,0.1433,0.1433,1.28,4,high,house,gable,False,20,15,1,0
4536,20.4167,15.0833,1.091,0.1433,0.1433,1.28,4,high,house,gable,False,20,15,2,0
4537,20.5833,15.0833,1.072,0.1433,0.1433,1.6,5,high,house,gable,False,20,15,3,0
4538,20.75,15.0833,1.053,0.1433,0.1433,1.6,5,high,house,gable,False,20,15,4,0
4539,20.9167,15.0833,1.034,0.1433,0.1433,1.28,4,high,house,hip,False,20,15,5,0
4540,20.0833,15.25,1.129,0.1433,0.1433,1.28,4,high,house,gable,False,20,15,0,1
4541,20.5833,15.25,1.071,0.1433,0.1433,0.96,3,high,house,hip,False,20,15,3,1
4542,20.75,15.25,1.052,0.1433,0.1433,1.6,5,high,house,gable,False,20,15,4,1
4543,20.9167,15.25,1.033,0.1433,0.1433,1.92,6,high,house,gable,False,20,15,5,1
4544,20.0833,15.4167,1.127,0.1433,0.1433,1.28,4,high,house,gable,False,20,15,0,2
4545,20.25,15.4167,1.108,0.1433,0.1433,0.96,3,high,house,gable,False,20,15,1,2
4546,20.5833,15.4167,1.069,0.1433,0.1433,1.6,5,high,house,gable,False,20,15,3,2
4547,20.75,15.4167,1.05,0.1433,0.1433,1.6,5,high,house,hip,False,20,15,4,2
4548,20.9167,15.4167,1.031,0.1433,0.1433,1.92,6,high,house,gable,False,20,15,5,2
4549,20.25,15.5833,1.106,0.1433,0.1433,1.92,6,high,house,hip,False,20,15,1,3
4550,20.5833,15.5833,1.067,0.1433,0.1433,1.28,4,high,house,gable,False,20,15,3,3
4551,20.75,15.5833,1.048,0.1433,0.1433,1.92,6,high,house,gable,False,20,15,4,3
4552,20.9167,15.5833,1.03,0.1433,0.1433,1.6,5,high,house,hip,False,20,15,5,3
4553,20.4167,15.75,1.084,0.1433,0.1433,0.96,3,high,house,gable,False,20,15,2,4
4554,20.4167,15.9167,1.081,0.1433,0.1433,1.28,4,high,house,gable,False,20,15,2,5
4555,20.5833,15.9167,1.062,0.1433,0.1433,1.28,4,high,house,gable,False,20,15,3,5
4556,20.75,15.9167,1.044,0.1433,0.1433,1.6,5,high,house,gable,False,20,15,4,5
4557,21.0833,15.0833,1.015,0.1433,0.1433,1.92,6,high,house,gable,False,21,15,0,0
4558,21.25,15.0833,0.996,0.1433,0.1433,1.92,6,high,house,gable,False,21,15,1,0
4559,21.4167,15.0833,0.978,0.1433,0.1433,1.92,6,high,house,gable,False,21,15,2,0
4560,21.5833,15.0833,0.959,0.1433,0.1433,1.6,5,high,house,hip,False,21,15,3,0
4561,21.75,15.0833,0.941,0.1433,0.1433,1.6,5,high,house,gable,False,21,15,4,0
4562,21.9167,15.0833,0.923,0.1433,0.1433,1.28,4,high,house,gable,False,21,15,5,0
4563,21.0833,15.25,1.014,0.1433,0.1433,1.28,4,high,house,gable,False,21,15,0,1
4564,21.5833,15.25,0.959,0.1433,0.1433,1.28,4,high,house,hip,False,21,15,3,1
4565,21.9167,15.25,0.923,0.1433,0.1433,1.92,6,high,house,gable,False,21,15,5,1
4566,21.25,15.4167,0.994,0.1433,0.1433,1.92,6,high,house,hip,False,21,15,1,2
4567,21.4167,15.4167,0.976,0.1433,0.1433,2.24,7,high,house,hip,False,21,15,2,2
4568,21.75,15.4167,0.939,0.1433,0.1433,1.6,5,high,house,gable,False,21,15,4,2
4569,21.0833,15.5833,1.011,0.1433,0.1433,1.6,5,high,house,gable,False,21,15,0,3
4570,21.4167,15.5833,0.974,0.1433,0.1433,1.28,4,high,house,gable,False,21,15,2,3
4571,21.5833,15.5833,0.956,0.1433,0.1433,1.92,6,high,house,gable,False,21,15,3,3
4572,21.75,15.5833,0.938,0.1433,0.1433,1.92,6,high,house,gable,False,21,15,4,3
4573,21.9167,15.5833,0.92,0.1433,0.1433,1.6,5,high,house,gable,False,21,15,5,3
4574,21.0833,15.75,1.009,0.1433,0.1433,1.92,6,high,house,gable,False,21,15,0,4
4575,21.25,15.75,0.99,0.1433,0.1433,1.92,6,high,house,gable,False,21,15,1,4
4576,21.4167,15.75,0.972,0.1433,0.1433,1.92,6,high,house,gable,False,21,15,2,4
4577,21.9167,15.75,0.918,0.1433,0.1433,1.92,6,high,house,gable,False,21,15,5,4
4578,21.25,15.9167,0.988,0.1433,0.1433,1.92,6,high,house,gable,False,21,15,1,5
4579,21.4167,15.9167,0.97,0.1433,0.1433,0.96,3,high,house,gable,False,21,15,2,5
4580,21.5833,15.9167,0.952,0.1433,0.1433,1.6,5,high,house,gable,False,21,15,3,5
4581,21.75,15.9167,0.934,0.1433,0.1433,0.96,3,high,house,gable,False,21,15,4,5
4582,21.9167,15.9167,0.916,0.1433,0.1433,1.28,4,high,house,hip,False,21,15,5,5
4583,22.25,15.0833,0.888,0.1433,0.1433,1.92,6,high,house,gable,False,22,15,1,0
4584,22.4167,15.0833,0.871,0.1433,0.1433,0.96,3,high,house,gable,False,22,15,2,0
4585,22.5833,15.0833,0.854,0.1433,0.1433,1.6,5,high,house,gable,False,22,15,3,0
4586,22.75,15.0833,0.838,0.1433,0.1433,1.6,5,high,house,gable,False,22,15,4,0
4587,22.4167,15.25,0.871,0.1433,0.1433,0.96,3,high,house,gable,False,22,15,2,1
4588,22.0833,15.4167,0.904,0.1433,0.1433,1.92,6,high,house,gable,False,22,15,0,2
4589,22.25,15.4167,0.887,0.1433,0.1433,1.6,5,high,house,gable,False,22,15,1,2
4590,22.75,15.4167,0.836,0.1433,0.1433,1.28,4,high,house,gable,False,22,15,4,2
4591,22.9167,15.4167,0.82,0.1433,0.1433,0.96,3,high,house,hip,False,22,15,5,2
4592,22.25,15.5833,0.885,0.1433,0.1433,0.96,3,high,house,gable,False,22,15,1,3
4593,22.4167,15.5833,0.868,0.1433,0.1433,2.24,7,high,house,gable,False,22,15,2,3
4594,22.5833,15.5833,0.852,0.1433,0.1433,1.28,4,high,house,gable,False,22,15,3,3
4595,22.75,15.5833,0.835,0.1433,0.1433,1.28,4,high,house,gable,False,22,15,4,3
4596,22.0833,15.75,0.901,0.1433,0.1433,1.28,4,high,house,gable,False,22,15,0,4
4597,22.25,15.75,0.884,0.1433,0.1433,1.28,4,high,house,hip,False,22,15,1,4
4598,22.5833,15.75,0.85,0.1433,0.1433,1.6,5,high,house,gable,False,22,15,3,4
4599,22.9167,15.75,0.818,0.1433,0.1433,1.28,4,high,house,hip,False,22,15,5,4
4600,22.0833,15.9167,0.899,0.1433,0.1433,1.92,6,high,house,gable,False,22,15,0,5
4601,22.25,15.9167,0.882,0.1433,0.1433,0.96,3,high,house,gable,False,22,15,1,5
4602,22.5833,15.9167,0.849,0.1433,0.1433,1.28,4,high,house,gable,False,22,15,3,5
4603,22.75,15.9167,0.832,0.1433,0.1433,0.96,3,high,house,gable,False,22,15,4,5
4604,22.9167,15.9167,0.816,0.1433,0.1433,0.96,3,high,house,gable,False,22,15,5,5
4605,23.0833,15.0833,0.805,0.1433,0.1433,0.64,2,medium,house,gable,False,23,15,0,0
4606,23.25,15.0833,0.789,0.1433,0.1433,1.28,4,medium,house,gable,False,23,15,1,0
4607,23.4167,15.0833,0.774,0.1433,0.1433,1.28,4,medium,house,gable,False,23,15,2,0
4608,23.75,15.0833,0.744,0.1433,0.1433,0.64,2,medium,house,gable,False,23,15,4,0
4609,23.9167,15.0833,0.729,0.1433,0.1433,0.64,2,medium,house,gable,False,23,15,5,0
4610,23.0833,15.25,0.805,0.1433,0.1433,0.96,3,medium,house,gable,False,23,15,0,1
4611,23.25,15.25,0.789,0.1433,0.1433,1.28,4,medium,house,gable,False,23,15,1,1
4612,23.5833,15.25,0.758,0.1433,0.1433,0.96,3,medium,house,gable,False,23,15,3,1
4613,23.75,15.25,0.743,0.1433,0.1433,0.64,2,medium,house,gable,False,23,15,4,1
4614,23.9167,15.25,0.729,0.1433,0.1433,0.96,3,medium,house,gable,False,23,15,5,1
4615,23.0833,15.4167,0.804,0.1433,0.1433,1.28,4,medium,house,gable,False,23,15,0,2
4616,23.4167,15.4167,0.773,0.1433,0.1433,0.64,2,medium,house,gable,False,23,15,2,2
4617,23.5833,15.4167,0.758,0.1433,0.1433,0.96,3,medium,house,gable,False,23,15,3,2
4618,23.9167,15.4167,0.728,0.1433,0.1433,0.64,2,medium,house,gable,False,23,15,5,2
4619,23.5833,15.5833,0.757,0.1433,0.1433,1.28,4,medium,house,hip,False,23,15,3,3
4620,23.4167,15.75,0.771,0.1433,0.1433,0.64,2,medium,house,gable,False,23,15,2,4
4621,23.5833,15.9167,0.755,0.1433,0.1433,1.28,4,medium,house,gable,False,23,15,3,5
4622,24.25,15.0833,0.701,0.1433,0.1433,1.6,5,high,house,gable,False,24,15,1,0
4623,24.4167,15.0833,0.687,0.1433,0.1433,0.96,3,high,house,gable,False,24,15,2,0
4624,24.5833,15.0833,0.673,0.1433,0.1433,1.92,6,high,house,hip,False,24,15,3,0
4625,24.75,15.0833,0.66,0.1433,0.1433,1.6,5,high,house,gable,False,24,15,4,0
4626,24.9167,15.0833,0.647,0.1433,0.1433,1.92,6,high,house,gable,False,24,15,5,0
4627,24.4167,15.25,0.687,0.1433,0.1433,1.6,5,high,house,gable,False,24,15,2,1
4628,24.5833,15.25,0.673,0.1433,0.1433,1.6,5,high,house,gable,False,24,15,3,1
4629,24.9167,15.25,0.647,0.1433,0.1433,1.6,5,high,house,gable,False,24,15,5,1
4630,24.0833,15.4167,0.714,0.1433,0.1433,0.96,3,high,house,gable,False,24,15,0,2
4631,24.75,15.4167,0.66,0.1433,0.1433,1.28,4,high,house,gable,False,24,15,4,2
4632,24.0833,15.5833,0.713,0.1433,0.1433,1.6,5,high,house,hip,False,24,15,0,3
4633,24.25,15.5833,0.7,0.1433,0.1433,1.28,4,high,house,gable,False,24,15,1,3
4634,24.5833,15.5833,0.673,0.1433,0.1433,2.24,7,high,house,hip,False,24,15,3,3
4635,24.9167,15.5833,0.647,0.1433,0.1433,1.6,5,high,house,gable,False,24,15,5,3
4636,24.0833,15.75,0.713,0.1433,0.1433,1.28,4,high,house,gable,False,24,15,0,4
4637,24.25,15.75,0.699,0.1433,0.1433,0.96,3,high,house,gable,False,24,15,1,4
4638,24.4167,15.75,0.685,0.1433,0.1433,1.92,6,high,house,gable,False,24,15,2,4
4639,24.5833,15.75,0.672,0.1433,0.1433,1.28,4,high,house,gable,False,24,15,3,4
4640,24.75,15.75,0.659,0.1433,0.1433,1.92,6,high,house,hip,False,24,15,4,4
4641,24.9167,15.75,0.647,0.1433,0.1433,1.92,6,high,house,gable,False,24,15,5,4
4642,24.0833,15.9167,0.712,0.1433,0.1433,1.92,6,high,house,gable,False,24,15,0,5
4643,24.25,15.9167,0.698,0.1433,0.1433,1.6,5,high,house,gable,False,24,15,1,5
4644,24.5833,15.9167,0.672,0.1433,0.1433,0.96,3,high,house,hip,False,24,15,3,5
4645,24.75,15.9167,0.659,0.1433,0.1433,1.28,4,high,house,gable,False,24,15,4,5
4646,25.0833,15.0833,0.635,0.1433,0.1433,1.28,4,high,house,gable,False,25,15,0,0
4647,25.25,15.0833,0.622,0.1433,0.1433,0.96,3,high,house,gable,False,25,15,1,0
4648,25.75,15.0833,0.587,0.1433,0.1433,0.96,3,high,house,gable,False,25,15,4,0
4649,25.9167,15.0833,0.576,0.1433,0.1433,1.92,6,high,house,gable,False,25,15,5,0
4650,25.0833,15.25,0.635,0.1433,0.1433,1.92,6,high,house,gable,False,25,15,0,1
4651,25.25,15.25,0.622,0.1433,0.1433,0.96,3,high,house,gable,False,25,15,1,1
4652,25.5833,15.25,0.599,0.1433,0.1433,1.28,4,high,house,hip,False,25,15,3,1
4653,25.75,15.25,0.587,0.1433,0.1433,1.6,5,high,house,gable,False,25,15,4,1
4654,25.9167,15.25,0.576,0.1433,0.1433,1.92,6,high,house,gable,False,25,15,5,1
4655,25.0833,15.4167,0.635,0.1433,0.1433,1.6,5,high,house,gable,False,25,15,0,2
4656,25.5833,15.4167,0.599,0.1433,0.1433,2.24,7,high,house,gable,False,25,15,3,2
4657,25.9167,15.4167,0.576,0.1433,0.1433,1.28,4,high,house,gable,False,25,15,5,2
4658,25.0833,15.5833,0.634,0.1433,0.1433,1.6,5,high,house,gable,False,25,15,0,3
4659,25.25,15.5833,0.622,0.1433,0.1433,1.28,4,high,house,hip,False,25,15,1,3
4660,25.5833,15.5833,0.599,0.1433,0.1433,2.24,7,high,house,hip,False,25,15,3,3
4661,25.75,15.5833,0.587,0.1433,0.1433,1.6,5,high,house,gable,False,25,15,4,3
4662,25.0833,15.75,0.634,0.1433,0.1433,1.92,6,high,house,gable,False,25,15,0,4
4663,25.4167,15.75,0.61,0.1433,0.1433,1.92,6,high,house,hip,False,25,15,2,4
4664,25.5833,15.75,0.598,0.1433,0.1433,0.96,3,high,house,gable,False,25,15,3,4
4665,25.75,15.75,0.587,0.1433,0.1433,1.92,6,high,house,hip,False,25,15,4,4
4666,25.9167,15.75,0.576,0.1433,0.1433,1.92,6,high,house,gable,False,25,15,5,4
4667,25.4167,15.9167,0.61,0.1433,0.1433,0.96,3,high,house,gable,False,25,15,2,5
4668,25.75,15.9167,0.587,0.1433,0.1433,1.6,5,high,house,hip,False,25,15,4,5
4669,26.0833,15.0833,0.564,0.1433,0.1433,1.28,4,medium,house,gable,False,26,15,0,0
4670,26.25,15.0833,0.554,0.1433,0.1433,1.28,4,medium,house,gable,False,26,15,1,0
4671,26.4167,15.0833,0.543,0.1433,0.1433,0.64,2,medium,house,gable,False,26,15,2,0
4672,26.5833,15.0833,0.533,0.1433,0.1433,0.96,3,medium,house,gable,False,26,15,3,0
4673,26.0833,15.25,0.565,0.1433,0.1433,0.96,3,medium,house,gable,False,26,15,0,1
4674,26.4167,15.25,0.543,0.1433,0.1433,0.64,2,medium,house,hip,False,26,15,2,1
4675,26.75,15.25,0.523,0.1433,0.1433,1.28,4,medium,house,gable,False,26,15,4,1
4676,26.9167,15.25,0.513,0.1433,0.1433,0.96,3,medium,house,gable,False,26,15,5,1
4677,26.0833,15.4167,0.565,0.1433,0.1433,0.64,2,medium,house,gable,False,26,15,0,2
4678,26.25,15.4167,0.554,0.1433,0.1433,0.64,2,medium,house,gable,False,26,15,1,2
4679,26.4167,15.4167,0.544,0.1433,0.1433,0.96,3,medium,house,gable,False,26,15,2,2
4680,26.5833,15.4167,0.533,0.1433,0.1433,1.28,4,medium,house,hip,False,26,15,3,2
4681,26.75,15.4167,0.523,0.1433,0.1433,0.64,2,medium,house,hip,False,26,15,4,2
4682,26.9167,15.4167,0.513,0.1433,0.1433,0.96,3,medium,house,hip,False,26,15,5,2
4683,26.0833,15.5833,0.565,0.1433,0.1433,1.28,4,medium,house,gable,False,26,15,0,3
4684,26.25,15.5833,0.554,0.1433,0.1433,1.28,4,medium,house,gable,False,26,15,1,3
4685,26.9167,15.5833,0.513,0.1433,0.1433,0.64,2,medium,house,hip,False,26,15,5,3
4686,26.75,15.75,0.524,0.1433,0.1433,0.96,3,medium,house,gable,False,26,15,4,4
4687,26.75,15.9167,0.524,0.1433,0.1433,0.64,2,medium,house,hip,False,26,15,4,5
4688,27.5833,15.25,0.474,0.1433,0.1433,0.32,1,low,house,gable,False,27,15,3,1
4689,27.75,15.25,0.465,0.1433,0.1433,0.32,1,low,house,gable,False,27,15,4,1
4690,27.5833,15.4167,0.475,0.1433,0.1433,0.32,1,low,house,gable,False,27,15,3,2
4691,27.5833,15.5833,0.475,0.1433,0.1433,0.32,1,low,house,gable,False,27,15,3,3
4692,27.4167,15.75,0.485,0.1433,0.1433,0.64,2,low,house,gable,False,27,15,2,4
4693,27.5833,15.75,0.476,0.1433,0.1433,0.64,2,low,house,hip,False,27,15,3,4
4694,27.75,15.75,0.467,0.1433,0.1433,0.96,3,low,house,gable,False,27,15,4,4
4695,27.5833,15.9167,0.477,0.1433,0.1433,0.32,1,low,house,gable,False,27,15,3,5
4696,2.0833,16.0833,0.531,0.1433,0.1433,0.64,2,low,house,hip,False,2,16,0,0
4697,2.25,16.0833,0.559,0.1433,0.1433,0.64,2,low,house,hip,False,2,16,1,0
4698,2.0833,16.25,0.532,0.1433,0.1433,0.96,3,low,house,gable,False,2,16,0,1
4699,2.25,16.25,0.56,0.1433,0.1433,0.96,3,low,house,gable,False,2,16,1,1
4700,2.0833,16.4167,0.532,0.1433,0.1433,0.64,2,low,house,hip,False,2,16,0,2
4701,2.25,16.4167,0.56,0.1433,0.1433,0.64,2,low,house,gable,False,2,16,1,2
4702,3.0833,16.0833,0.701,0.1433,0.1433,0.32,1,low,house,hip,False,3,16,0,0
4703,3.0833,16.25,0.701,0.1433,0.1433,0.64,2,low,house,gable,False,3,16,0,1
4704,3.25,16.25,0.73,0.1433,0.1433,0.96,3,low,house,hip,False,3,16,1,1
4705,3.4167,16.25,0.758,0.1433,0.1433,0.96,3,low,house,gable,False,3,16,2,1
4706,3.0833,16.4167,0.701,0.1433,0.1433,0.32,1,low,house,hip,False,3,16,0,2
4707,3.25,16.4167,0.729,0.1433,0.1433,0.64,2,low,house,gable,False,3,16,1,2
4708,3.0833,16.5833,0.701,0.1433,0.1433,0.96,3,low,house,hip,False,3,16,0,3
4709,3.5833,16.5833,0.786,0.1433,0.1433,0.96,3,low,house,gable,False,3,16,3,3
4710,3.25,16.75,0.729,0.1433,0.1433,0.32,1,low,house,hip,False,3,16,1,4
4711,3.4167,16.75,0.757,0.1433,0.1433,0.32,1,low,house,gable,False,3,16,2,4
4712,3.5833,16.75,0.785,0.1433,0.1433,0.32,1,low,house,hip,False,3,16,3,4
4713,3.0833,16.9167,0.7,0.1433,0.1433,0.32,1,low,house,gable,False,3,16,0,5
4714,3.25,16.9167,0.728,0.1433,0.1433,0.64,2,low,house,gable,False,3,16,1,5
4715,3.5833,16.9167,0.784,0.1433,0.1433,0.96,3,low,house,gable,False,3,16,3,5
4716,4.0833,16.0833,0.872,0.1433,0.1433,0.96,3,medium,house,gable,False,4,16,0,0
4717,4.25,16.0833,0.9,0.1433,0.1433,0.64,2,medium,house,hip,False,4,16,1,0
4718,4.75,16.0833,0.984,0.1433,0.1433,0.96,3,medium,house,gable,False,4,16,4,0
4719,4.0833,16.25,0.871,0.1433,0.1433,0.64,2,medium,house,hip,False,4,16,0,1
4720,4.25,16.25,0.899,0.1433,0.1433,0.64,2,medium,house,hip,False,4,16,1,1
4721,4.5833,16.25,0.955,0.1433,0.1433,0.64,2,medium,house,hip,False,4,16,3,1
4722,4.75,16.25,0.983,0.1433,0.1433,0.64,2,medium,house,gable,False,4,16,4,1
4723,4.9167,16.25,1.01,0.1433,0.1433,1.28,4,medium,house,gable,False,4,16,5,1
4724,4.0833,16.4167,0.871,0.1433,0.1433,0.64,2,medium,house,gable,False,4,16,0,2
4725,4.4167,16.4167,0.926,0.1433,0.1433,1.28,4,medium,house,gable,False,4,16,2,2
4726,4.75,16.4167,0.981,0.1433,0.1433,0.96,3,medium,house,gable,False,4,16,4,2
4727,4.9167,16.4167,1.009,0.1433,0.1433,0.96,3,medium,house,gable,False,4,16,5,2
4728,4.0833,16.5833,0.87,0.1433,0.1433,0.64,2,medium,house,gable,False,4,16,0,3
4729,4.25,16.5833,0.898,0.1433,0.1433,1.28,4,medium,house,hip,False,4,16,1,3
4730,4.5833,16.5833,0.953,0.1433,0.1433,0.96,3,medium,house,gable,False,4,16,3,3
4731,4.0833,16.75,0.869,0.1433,0.1433,0.96,3,medium,house,gable,False,4,16,0,4
4732,4.5833,16.75,0.951,0.1433,0.1433,0.96,3,medium,house,hip,False,4,16,3,4
4733,4.75,16.75,0.979,0.1433,0.1433,1.28,4,medium,house,hip,False,4,16,4,4
4734,4.9167,16.75,1.006,0.1433,0.1433,1.28,4,medium,house,gable,False,4,16,5,4
4735,4.0833,16.9167,0.868,0.1433,0.1433,1.28,4,medium,house,hip,False,4,16,0,5
4736,4.25,16.9167,0.895,0.1433,0.1433,0.96,3,medium,house,hip,False,4,16,1,5
4737,4.5833,16.9167,0.95,0.1433,0.1433,0.64,2,medium,house,hip,False,4,16,3,5
4738,4.75,16.9167,0.977,0.1433,0.1433,1.28,4,medium,house,gable,False,4,16,4,5
4739,4.9167,16.9167,1.004,0.1433,0.1433,0.64,2,medium,house,gable,False,4,16,5,5
4740,5.25,16.0833,1.065,0.1433,0.1433,0.96,3,high,house,gable,False,5,16,1,0
4741,5.4167,16.0833,1.092,0.1433,0.1433,1.6,5,high,house,gable,False,5,16,2,0
4742,5.75,16.0833,1.145,0.1433,0.1433,0.96,3,high,house,gable,False,5,16,4,0
4743,5.9167,16.0833,1.17,0.1433,0.1433,1.6,5,high,house,gable,False,5,16,5,0
4744,5.4167,16.25,1.091,0.1433,0.1433,1.28,4,high,house,gable,False,5,16,2,1
4745,5.75,16.25,1.143,0.1433,0.1433,1.6,5,high,house,gable,False,5,16,4,1
4746,5.9167,16.25,1.169,0.1433,0.1433,1.28,4,high,house,gable,False,5,16,5,1
4747,5.0833,16.4167,1.036,0.1433,0.1433,1.92,6,high,house,gable,False,5,16,0,2
4748,5.25,16.4167,1.062,0.1433,0.1433,1.28,4,high,house,gable,False,5,16,1,2
4749,5.4167,16.4167,1.089,0.1433,0.1433,1.6,5,high,house,hip,False,5,16,2,2
4750,5.5833,16.4167,1.115,0.1433,0.1433,1.6,5,high,house,gable,False,5,16,3,2
4751,5.0833,16.5833,1.034,0.1433,0.1433,1.6,5,high,house,gable,False,5,16,0,3
4752,5.4167,16.5833,1.087,0.1433,0.1433,1.28,4,high,house,hip,False,5,16,2,3
4753,5.75,16.5833,1.139,0.1433,0.1433,0.96,3,high,house,gable,False,5,16,4,3
4754,5.0833,16.75,1.032,0.1433,0.1433,1.6,5,high,house,gable,False,5,16,0,4
4755,5.4167,16.75,1.085,0.1433,0.1433,1.92,6,high,house,gable,False,5,16,2,4
4756,5.5833,16.75,1.111,0.1433,0.1433,0.96,3,high,house,hip,False,5,16,3,4
4757,5.9167,16.75,1.162,0.1433,0.1433,1.6,5,high,house,gable,False,5,16,5,4
4758,5.0833,16.9167,1.03,0.1433,0.1433,0.96,3,high,house,hip,False,5,16,0,5
4759,5.25,16.9167,1.057,0.1433,0.1433,1.28,4,high,house,gable,False,5,16,1,5
4760,5.4167,16.9167,1.083,0.1433,0.1433,1.6,5,high,house,hip,False,5,16,2,5
4761,5.5833,16.9167,1.109,0.1433,0.1433,0.96,3,high,house,gable,False,5,16,3,5
4762,5.9167,16.9167,1.159,0.1433,0.1433,1.28,4,high,house,gable,False,5,16,5,5
4763,6.0833,16.0833,1.196,0.1433,0.1433,1.92,6,high,house,gable,False,6,16,0,0
4764,6.25,16.0833,1.221,0.1433,0.1433,1.92,6,high,house,gable,False,6,16,1,0
4765,6.4167,16.0833,1.245,0.1433,0.1433,1.92,6,high,house,gable,False,6,16,2,0
4766,6.0833,16.25,1.194,0.1433,0.1433,1.28,4,high,house,gable,False,6,16,0,1
4767,6.4167,16.25,1.243,0.1433,0.1433,1.92,6,high,house,gable,False,6,16,2,1
4768,6.0833,16.4167,1.192,0.1433,0.1433,1.28,4,high,house,hip,False,6,16,0,2
4769,6.4167,16.4167,1.241,0.1433,0.1433,1.6,5,high,house,gable,False,6,16,2,2
4770,6.5833,16.4167,1.265,0.1433,0.1433,1.28,4,high,house,gable,False,6,16,3,2
4771,6.75,16.4167,1.288,0.1433,0.1433,1.28,4,high,house,gable,False,6,16,4,2
4772,6.9167,16.4167,1.311,0.1433,0.1433,1.92,6,high,house,gable,False,6,16,5,2
4773,6.0833,16.5833,1.189,0.1433,0.1433,0.96,3,high,house,hip,False,6,16,0,3
4774,6.25,16.5833,1.214,0.1433,0.1433,1.6,5,high,house,gable,False,6,16,1,3
4775,6.4167,16.5833,1.238,0.1433,0.1433,2.24,7,high,house,gable,False,6,16,2,3
4776,6.9167,16.5833,1.308,0.1433,0.1433,0.96,3,high,house,hip,False,6,16,5,3
4777,6.0833,16.75,1.187,0.1433,0.1433,1.92,6,high,house,hip,False,6,16,0,4
4778,6.4167,16.75,1.235,0.1433,0.1433,1.28,4,high,house,gable,False,6,16,2,4
4779,6.75,16.75,1.282,0.1433,0.1433,0.96,3,high,house,gable,False,6,16,4,4
4780,6.9167,16.75,1.305,0.1433,0.1433,1.92,6,high,house,gable,False,6,16,5,4
4781,6.0833,16.9167,1.184,0.1433,0.1433,1.28,4,high,house,gable,False,6,16,0,5
4782,6.25,16.9167,1.208,0.1433,0.1433,1.28,4,high,house,hip,False,6,16,1,5
4783,6.4167,16.9167,1.232,0.1433,0.1433,0.96,3,high,house,gable,False,6,16,2,5
4784,6.75,16.9167,1.279,0.1433,0.1433,1.92,6,high,house,gable,False,6,16,4,5
4785,6.9167,16.9167,1.302,0.1433,0.1433,1.28,4,high,house,gable,False,6,16,5,5
4786,7.0833,16.0833,1.339,0.1433,0.1433,1.6,5,high,house,gable,False,7,16,0,0
4787,7.25,16.0833,1.361,0.1433,0.1433,1.6,5,high,house,hip,False,7,16,1,0
4788,7.4167,16.0833,1.383,0.1433,0.1433,1.6,5,high,house,hip,False,7,16,2,0
4789,7.5833,16.0833,1.404,0.1433,0.1433,1.28,4,high,house,gable,False,7,16,3,0
4790,7.9167,16.0833,1.445,0.1433,0.1433,1.92,6,high,house,gable,False,7,16,5,0
4791,7.0833,16.25,1.337,0.1433,0.1433,0.96,3,high,house,gable,False,7,16,0,1
4792,7.5833,16.25,1.402,0.1433,0.1433,1.92,6,high,house,gable,False,7,16,3,1
4793,7.75,16.25,1.422,0.1433,0.1433,1.92,6,high,house,gable,False,7,16,4,1
4794,7.9167,16.25,1.442,0.1433,0.1433,1.6,5,high,house,gable,False,7,16,5,1
4795,7.25,16.4167,1.356,0.1433,0.1433,1.92,6,high,house,gable,False,7,16,1,2
4796,7.5833,16.4167,1.398,0.1433,0.1433,2.24,7,high,house,gable,False,7,16,3,2
4797,7.0833,16.5833,1.331,0.1433,0.1433,0.96,3,high,house,gable,False,7,16,0,3
4798,7.25,16.5833,1.353,0.1433,0.1433,1.28,4,high,house,hip,False,7,16,1,3
4799,7.4167,16.5833,1.374,0.1433,0.1433,1.6,5,high,house,gable,False,7,16,2,3
4800,7.75,16.5833,1.415,0.1433,0.1433,1.28,4,high,house,gable,False,7,16,4,3
4801,7.9167,16.5833,1.435,0.1433,0.1433,1.6,5,high,house,gable,False,7,16,5,3
4802,7.0833,16.75,1.327,0.1433,0.1433,1.92,6,high,house,hip,False,7,16,0,4
4803,7.5833,16.75,1.391,0.1433,0.1433,1.92,6,high,house,gable,False,7,16,3,4
4804,7.75,16.75,1.411,0.1433,0.1433,0.96,3,high,house,hip,False,7,16,4,4
4805,7.9167,16.75,1.431,0.1433,0.1433,1.6,5,high,house,hip,False,7,16,5,4
4806,7.0833,16.9167,1.324,0.1433,0.1433,1.6,5,high,house,gable,False,7,16,0,5
4807,7.25,16.9167,1.345,0.1433,0.1433,1.28,4,high,house,hip,False,7,16,1,5
4808,7.4167,16.9167,1.366,0.1433,0.1433,1.92,6,high,house,gable,False,7,16,2,5
4809,7.75,16.9167,1.407,0.1433,0.1433,1.6,5,high,house,gable,False,7,16,4,5
4810,7.9167,16.9167,1.426,0.1433,0.1433,1.28,4,high,house,gable,False,7,16,5,5
4811,8.25,16.0833,1.483,0.1433,0.1433,0.96,3,high,house,gable,False,8,16,1,0
4812,8.4167,16.0833,1.502,0.1433,0.1433,1.28,4,high,house,gable,False,8,16,2,0
4813,8.5833,16.0833,1.519,0.1433,0.1433,1.92,6,high,house,gable,False,8,16,3,0
4814,8.0833,16.25,1.461,0.1433,0.1433,1.6,5,high,house,gable,False,8,16,0,1
4815,8.25,16.25,1.48,0.1433,0.1433,1.6,5,high,house,gable,False,8,16,1,1
4816,8.5833,16.25,1.516,0.1433,0.1433,0.96,3,high,house,gable,False,8,16,3,1
4817,8.0833,16.4167,1.458,0.1433,0.1433,1.6,5,high,house,hip,False,8,16,0,2
4818,8.75,16.4167,1.529,0.1433,0.1433,1.6,5,high,house,hip,False,8,16,4,2
4819,8.9167,16.4167,1.545,0.1433,0.1433,0.96,3,high,house,hip,False,8,16,5,2
4820,8.0833,16.5833,1.454,0.1433,0.1433,1.28,4,high,house,hip,False,8,16,0,3
4821,8.25,16.5833,1.473,0.1433,0.1433,1.28,4,high,house,gable,False,8,16,1,3
4822,8.4167,16.5833,1.49,0.1433,0.1433,2.24,7,high,house,gable,False,8,16,2,3
4823,8.5833,16.5833,1.508,0.1433,0.1433,1.28,4,high,house,gable,False,8,16,3,3
4824,8.75,16.5833,1.524,0.1433,0.1433,0.96,3,high,house,gable,False,8,16,4,3
4825,8.9167,16.5833,1.54,0.1433,0.1433,1.6,5,high,house,gable,False,8,16,5,3
4826,8.25,16.9167,1.464,0.1433,0.1433,1.92,6,high,house,hip,False,8,16,1,5
4827,8.4167,16.9167,1.481,0.1433,0.1433,0.96,3,high,house,hip,False,8,16,2,5
4828,9.0833,16.0833,1.568,0.1433,0.1433,1.6,5,high,house,gable,False,9,16,0,0
4829,9.25,16.0833,1.583,0.1433,0.1433,0.96,3,high,house,gable,False,9,16,1,0
4830,9.5833,16.0833,1.61,0.1433,0.1433,0.96,3,high,house,gable,False,9,16,3,0
4831,9.75,16.0833,1.623,0.1433,0.1433,1.28,4,high,house,hip,False,9,16,4,0
4832,9.9167,16.0833,1.635,0.1433,0.1433,0.96,3,high,house,hip,False,9,16,5,0
4833,9.0833,16.25,1.564,0.1433,0.1433,1.28,4,high,house,gable,False,9,16,0,1
4834,9.25,16.25,1.579,0.1433,0.1433,1.28,4,high,house,gable,False,9,16,1,1
4835,9.75,16.25,1.619,0.1433,0.1433,1.28,4,high,house,gable,False,9,16,4,1
4836,9.9167,16.25,1.631,0.1433,0.1433,1.92,6,high,house,gable,False,9,16,5,1
4837,9.0833,16.4167,1.56,0.1433,0.1433,0.96,3,high,house,hip,False,9,16,0,2
4838,9.4167,16.4167,1.589,0.1433,0.1433,1.28,4,high,house,gable,False,9,16,2,2
4839,9.5833,16.4167,1.602,0.1433,0.1433,2.24,7,high,house,hip,False,9,16,3,2
4840,9.9167,16.4167,1.626,0.1433,0.1433,0.96,3,high,house,gable,False,9,16,5,2
4841,9.0833,16.5833,1.555,0.1433,0.1433,1.28,4,high,house,hip,False,9,16,0,3
4842,9.25,16.5833,1.57,0.1433,0.1433,0.96,3,high,house,gable,False,9,16,1,3
4843,9.5833,16.5833,1.597,0.1433,0.1433,1.6,5,high,house,gable,False,9,16,3,3
4844,9.9167,16.5833,1.621,0.1433,0.1433,0.96,3,high,house,hip,False,9,16,5,3
4845,9.0833,16.75,1.55,0.1433,0.1433,1.92,6,high,house,gable,False,9,16,0,4
4846,9.25,16.75,1.565,0.1433,0.1433,1.92,6,high,house,gable,False,9,16,1,4
4847,9.5833,16.75,1.592,0.1433,0.1433,1.28,4,high,house,gable,False,9,16,3,4
4848,9.9167,16.75,1.616,0.1433,0.1433,1.28,4,high,house,gable,False,9,16,5,4
4849,9.0833,16.9167,1.545,0.1433,0.1433,1.28,4,high,house,hip,False,9,16,0,5
4850,9.25,16.9167,1.559,0.1433,0.1433,1.92,6,high,house,hip,False,9,16,1,5
4851,9.5833,16.9167,1.586,0.1433,0.1433,1.28,4,high,house,gable,False,9,16,3,5
4852,9.75,16.9167,1.598,0.1433,0.1433,1.28,4,high,house,gable,False,9,16,4,5
4853,9.9167,16.9167,1.61,0.1433,0.1433,1.6,5,high,house,gable,False,9,16,5,5
4854,10.0833,16.0833,1.646,0.1433,0.1433,0.96,3,high,house,gable,False,10,16,0,0
4855,10.25,16.0833,1.657,0.1433,0.1433,1.28,4,high,house,gable,False,10,16,1,0
4856,10.5833,16.0833,1.675,0.1433,0.1433,1.28,4,high,house,gable,False,10,16,3,0
4857,10.0833,16.25,1.642,0.1433,0.1433,1.28,4,high,house,hip,False,10,16,0,1
4858,10.5833,16.25,1.671,0.1433,0.1433,1.28,4,high,house,gable,False,10,16,3,1
4859,10.0833,16.4167,1.637,0.1433,0.1433,1.6,5,high,house,gable,False,10,16,0,2
4860,10.25,16.4167,1.647,0.1433,0.1433,1.6,5,high,house,gable,False,10,16,1,2
4861,10.4167,16.4167,1.657,0.1433,0.1433,1.28,4,high,house,gable,False,10,16,2,2
4862,10.5833,16.4167,1.666,0.1433,0.1433,1.6,5,high,house,gable,False,10,16,3,2
4863,10.0833,16.5833,1.632,0.1433,0.1433,0.96,3,high,house,hip,False,10,16,0,3
4864,10.25,16.75,1.636,0.1433,0.1433,1.28,4,high,house,gable,False,10,16,1,4
4865,10.4167,16.75,1.646,0.1433,0.1433,1.6,5,high,house,gable,False,10,16,2,4
4866,10.5833,16.75,1.654,0.1433,0.1433,1.28,4,high,house,hip,False,10,16,3,4
4867,10.75,16.75,1.662,0.1433,0.1433,0.96,3,high,house,gable,False,10,16,4,4
4868,10.0833,16.9167,1.62,0.1433,0.1433,0.96,3,high,house,gable,False,10,16,0,5
4869,10.25,16.9167,1.63,0.1433,0.1433,1.6,5,high,house,hip,False,10,16,1,5
4870,10.4167,16.9167,1.639,0.1433,0.1433,0.96,3,high,house,gable,False,10,16,2,5
4871,10.5833,16.9167,1.648,0.1433,0.1433,0.96,3,high,house,gable,False,10,16,3,5
4872,11.4167,16.0833,1.708,0.1433,0.1433,0.96,3,high,house,gable,False,11,16,2,0
4873,11.5833,16.0833,1.712,0.1433,0.1433,1.6,5,high,house,gable,False,11,16,3,0
4874,11.75,16.0833,1.716,0.1433,0.1433,0.96,3,high,house,gable,False,11,16,4,0
4875,11.9167,16.0833,1.718,0.1433,0.1433,1.28,4,high,house,hip,False,11,16,5,0
4876,11.4167,16.25,1.703,0.1433,0.1433,1.6,5,high,house,gable,False,11,16,2,1
4877,11.9167,16.25,1.713,0.1433,0.1433,0.96,3,high,house,gable,False,11,16,5,1
4878,11.4167,16.4167,1.698,0.1433,0.1433,2.24,7,high,house,gable,False,11,16,2,2
4879,11.5833,16.4167,1.702,0.1433,0.1433,2.24,7,high,house,gable,False,11,16,3,2
4880,11.75,16.4167,1.705,0.1433,0.1433,1.28,4,high,house,gable,False,11,16,4,2
4881,11.9167,16.4167,1.707,0.1433,0.1433,1.6,5,high,house,hip,False,11,16,5,2
4882,11.4167,16.5833,1.692,0.1433,0.1433,2.24,7,high,house,gable,False,11,16,2,3
4883,11.75,16.5833,1.699,0.1433,0.1433,0.96,3,high,house,gable,False,11,16,4,3
4884,11.9167,16.5833,1.701,0.1433,0.1433,1.28,4,high,house,gable,False,11,16,5,3
4885,11.4167,16.75,1.685,0.1433,0.1433,0.96,3,high,house,gable,False,11,16,2,4
4886,11.9167,16.75,1.695,0.1433,0.1433,1.6,5,high,house,hip,False,11,16,5,4
4887,11.4167,16.9167,1.679,0.1433,0.1433,1.92,6,high,house,gable,False,11,16,2,5
4888,11.5833,16.9167,1.682,0.1433,0.1433,1.6,5,high,house,gable,False,11,16,3,5
4889,11.75,16.9167,1.685,0.1433,0.1433,0.96,3,high,house,gable,False,11,16,4,5
4890,12.25,16.0833,1.721,0.1433,0.1433,1.6,5,high,house,gable,False,12,16,1,0
4891,12.4167,16.0833,1.721,0.1433,0.1433,1.6,5,high,house,hip,False,12,16,2,0
4892,12.5833,16.0833,1.721,0.1433,0.1433,1.92,6,high,house,hip,False,12,16,3,0
4893,12.4167,16.25,1.716,0.1433,0.1433,1.6,5,high,house,gable,False,12,16,2,1
4894,12.0833,16.4167,1.709,0.1433,0.1433,1.28,4,high,house,hip,False,12,16,0,2
4895,12.25,16.4167,1.71,0.1433,0.1433,1.6,5,high,house,gable,False,12,16,1,2
4896,12.5833,16.4167,1.71,0.1433,0.1433,1.6,5,high,house,gable,False,12,16,3,2
4897,12.9167,16.4167,1.706,0.1433,0.1433,1.92,6,high,house,hip,False,12,16,5,2
4898,12.0833,16.5833,1.703,0.1433,0.1433,1.28,4,high,house,hip,False,12,16,0,3
4899,12.25,16.5833,1.704,0.1433,0.1433,0.96,3,high,house,gable,False,12,16,1,3
4900,12.4167,16.5833,1.704,0.1433,0.1433,1.6,5,high,house,hip,False,12,16,2,3
4901,12.5833,16.5833,1.703,0.1433,0.1433,1.6,5,high,house,gable,False,12,16,3,3
4902,12.75,16.5833,1.702,0.1433,0.1433,1.28,4,high,house,gable,False,12,16,4,3
4903,12.9167,16.5833,1.7,0.1433,0.1433,1.92,6,high,house,gable,False,12,16,5,3
4904,12.0833,16.75,1.696,0.1433,0.1433,1.6,5,high,house,gable,False,12,16,0,4
4905,12.25,16.75,1.697,0.1433,0.1433,1.6,5,high,house,gable,False,12,16,1,4
4906,12.5833,16.75,1.696,0.1433,0.1433,1.6,5,high,house,gable,False,12,16,3,4
4907,12.9167,16.75,1.693,0.1433,0.1433,1.6,5,high,house,hip,False,12,16,5,4
4908,12.0833,16.9167,1.689,0.1433,0.1433,1.92,6,high,house,gable,False,12,16,0,5
4909,12.25,16.9167,1.69,0.1433,0.1433,1.6,5,high,house,gable,False,12,16,1,5
4910,14.0833,16.0833,1.682,0.1433,0.1433,1.92,6,high,house,hip,False,14,16,0,0
4911,14.25,16.0833,1.674,0.1433,0.1433,1.6,5,high,house,hip,False,14,16,1,0
4912,14.4167,16.0833,1.665,0.1433,0.1433,1.28,4,high,house,hip,False,14,16,2,0
4913,14.75,16.0833,1.646,0.1433,0.1433,1.28,4,high,house,hip,False,14,16,4,0
4914,14.9167,16.0833,1.636,0.1433,0.1433,1.92,6,high,house,hip,False,14,16,5,0
4915,14.0833,16.25,1.676,0.1433,0.1433,0.96,3,high,house,hip,False,14,16,0,1
4916,14.4167,16.25,1.66,0.1433,0.1433,1.6,5,high,house,hip,False,14,16,2,1
4917,14.5833,16.25,1.651,0.1433,0.1433,1.28,4,high,house,gable,False,14,16,3,1
4918,14.9167,16.25,1.63,0.1433,0.1433,1.6,5,high,house,gable,False,14,16,5,1
4919,14.25,16.4167,1.662,0.1433,0.1433,0.96,3,high,house,gable,False,14,16,1,2
4920,14.75,16.4167,1.635,0.1433,0.1433,0.96,3,high,house,gable,False,14,16,4,2
4921,14.9167,16.4167,1.624,0.1433,0.1433,0.96,3,high,house,gable,False,14,16,5,2
4922,14.0833,16.5833,1.664,0.1433,0.1433,0.96,3,high,house,hip,False,14,16,0,3
4923,14.25,16.5833,1.656,0.1433,0.1433,1.6,5,high,house,hip,False,14,16,1,3
4924,14.4167,16.5833,1.647,0.1433,0.1433,1.92,6,high,house,gable,False,14,16,2,3
4925,14.5833,16.5833,1.638,0.1433,0.1433,2.24,7,high,house,gable,False,14,16,3,3
4926,14.9167,16.5833,1.618,0.1433,0.1433,1.92,6,high,house,gable,False,14,16,5,3
4927,14.0833,16.75,1.656,0.1433,0.1433,1.28,4,high,house,gable,False,14,16,0,4
4928,14.5833,16.75,1.631,0.1433,0.1433,1.28,4,high,house,gable,False,14,16,3,4
4929,14.9167,16.75,1.61,0.1433,0.1433,1.28,4,high,house,hip,False,14,16,5,4
4930,14.0833,16.9167,1.649,0.1433,0.1433,1.6,5,high,house,gable,False,14,16,0,5
4931,14.25,16.9167,1.641,0.1433,0.1433,1.92,6,high,house,hip,False,14,16,1,5
4932,14.4167,16.9167,1.632,0.1433,0.1433,1.6,5,high,house,hip,False,14,16,2,5
4933,14.75,16.9167,1.613,0.1433,0.1433,0.96,3,high,house,gable,False,14,16,4,5
4934,14.9167,16.9167,1.603,0.1433,0.1433,1.92,6,high,house,hip,False,14,16,5,5
4935,15.0833,16.0833,1.625,0.1433,0.1433,0.96,3,high,house,gable,False,15,16,0,0
4936,15.75,16.0833,1.575,0.1433,0.1433,0.96,3,high,house,hip,False,15,16,4,0
4937,15.9167,16.0833,1.561,0.1433,0.1433,1.92,6,high,house,gable,False,15,16,5,0
4938,15.0833,16.25,1.619,0.1433,0.1433,0.96,3,high,house,hip,False,15,16,0,1
4939,15.9167,16.25,1.555,0.1433,0.1433,1.28,4,high,house,gable,False,15,16,5,1
4940,15.0833,16.4167,1.613,0.1433,0.1433,1.6,5,high,house,gable,False,15,16,0,2
4941,15.25,16.4167,1.601,0.1433,0.1433,1.28,4,high,house,hip,False,15,16,1,2
4942,15.4167,16.4167,1.589,0.1433,0.1433,1.28,4,high,house,gable,False,15,16,2,2
4943,15.5833,16.4167,1.577,0.1433,0.1433,1.28,4,high,house,gable,False,15,16,3,2
4944,15.75,16.4167,1.563,0.1433,0.1433,0.96,3,high,house,hip,False,15,16,4,2
4945,15.9167,16.4167,1.549,0.1433,0.1433,1.92,6,high,house,gable,False,15,16,5,2
4946,15.0833,16.75,1.599,0.1433,0.1433,1.6,5,high,house,hip,False,15,16,0,4
4947,15.25,16.75,1.588,0.1433,0.1433,1.6,5,high,house,gable,False,15,16,1,4
4948,15.4167,16.75,1.576,0.1433,0.1433,1.28,4,high,house,gable,False,15,16,2,4
4949,15.5833,16.75,1.563,0.1433,0.1433,1.28,4,high,house,hip,False,15,16,3,4
4950,15.75,16.75,1.55,0.1433,0.1433,1.28,4,high,house,hip,False,15,16,4,4
4951,15.9167,16.75,1.536,0.1433,0.1433,0.96,3,high,house,gable,False,15,16,5,4
4952,15.0833,16.9167,1.592,0.1433,0.1433,1.6,5,high,house,gable,False,15,16,0,5
4953,15.25,16.9167,1.58,0.1433,0.1433,1.28,4,high,house,hip,False,15,16,1,5
4954,15.5833,16.9167,1.555,0.1433,0.1433,0.96,3,high,house,gable,False,15,16,3,5
4955,15.75,16.9167,1.542,0.1433,0.1433,1.92,6,high,house,gable,False,15,16,4,5
4956,15.9167,16.9167,1.529,0.1433,0.1433,1.28,4,high,house,gable,False,15,16,5,5
4957,16.4167,16.0833,1.517,0.1433,0.1433,1.28,4,high,house,gable,False,16,16,2,0
4958,16.5833,16.0833,1.501,0.1433,0.1433,0.96,3,high,house,gable,False,16,16,3,0
4959,16.75,16.0833,1.485,0.1433,0.1433,1.92,6,high,house,hip,False,16,16,4,0
4960,16.9167,16.0833,1.468,0.1433,0.1433,1.6,5,high,house,gable,False,16,16,5,0
4961,16.0833,16.25,1.541,0.1433,0.1433,1.28,4,high,house,gable,False,16,16,0,1
4962,16.4167,16.25,1.511,0.1433,0.1433,1.92,6,high,house,gable,False,16,16,2,1
4963,16.75,16.25,1.48,0.1433,0.1433,1.28,4,high,house,gable,False,16,16,4,1
4964,16.4167,16.4167,1.505,0.1433,0.1433,1.28,4,high,house,gable,False,16,16,2,2
4965,16.75,16.4167,1.474,0.1433,0.1433,0.96,3,high,house,gable,False,16,16,4,2
4966,16.9167,16.4167,1.458,0.1433,0.1433,0.96,3,high,house,gable,False,16,16,5,2
4967,16.4167,16.5833,1.499,0.1433,0.1433,1.92,6,high,house,hip,False,16,16,2,3
4968,16.5833,16.5833,1.484,0.1433,0.1433,1.28,4,high,house,gable,False,16,16,3,3
4969,16.75,16.5833,1.468,0.1433,0.1433,1.92,6,high,house,gable,False,16,16,4,3
4970,16.9167,16.5833,1.452,0.1433,0.1433,1.28,4,high,house,hip,False,16,16,5,3
4971,16.4167,16.75,1.492,0.1433,0.1433,1.28,4,high,house,gable,False,16,16,2,4
4972,16.9167,16.75,1.445,0.1433,0.1433,0.96,3,high,house,gable,False,16,16,5,4
4973,16.4167,16.9167,1.485,0.1433,0.1433,1.92,6,high,house,gable,False,16,16,2,5
4974,16.5833,16.9167,1.47,0.1433,0.1433,1.6,5,high,house,hip,False,16,16,3,5
4975,16.75,16.9167,1.454,0.1433,0.1433,1.28,4,high,house,hip,False,16,16,4,5
4976,16.9167,16.9167,1.438,0.1433,0.1433,1.92,6,high,house,gable,False,16,16,5,5
4977,17.0833,16.0833,1.452,0.1433,0.1433,1.6,5,high,house,hip,False,17,16,0,0
4978,17.25,16.0833,1.435,0.1433,0.1433,1.92,6,high,house,gable,False,17,16,1,0
4979,17.4167,16.0833,1.417,0.1433,0.1433,1.6,5,high,house,gable,False,17,16,2,0
4980,17.75,16.0833,1.382,0.1433,0.1433,1.6,5,high,house,gable,False,17,16,4,0
4981,17.0833,16.25,1.447,0.1433,0.1433,1.92,6,high,house,gable,False,17,16,0,1
4982,17.5833,16.25,1.395,0.1433,0.1433,1.28,4,high,house,hip,False,17,16,3,1
4983,17.75,16.25,1.377,0.1433,0.1433,1.92,6,high,house,gable,False,17,16,4,1
4984,17.9167,16.25,1.359,0.1433,0.1433,1.92,6,high,house,hip,False,17,16,5,1
4985,17.0833,16.4167,1.441,0.1433,0.1433,1.28,4,high,house,gable,False,17,16,0,2
4986,17.25,16.4167,1.424,0.1433,0.1433,1.28,4,high,house,gable,False,17,16,1,2
4987,17.4167,16.4167,1.407,0.1433,0.1433,1.6,5,high,house,gable,False,17,16,2,2
4988,17.75,16.4167,1.371,0.1433,0.1433,1.28,4,high,house,gable,False,17,16,4,2
4989,17.9167,16.4167,1.353,0.1433,0.1433,1.92,6,high,house,hip,False,17,16,5,2
4990,17.0833,16.5833,1.435,0.1433,0.1433,1.92,6,high,house,gable,False,17,16,0,3
4991,17.4167,16.5833,1.401,0.1433,0.1433,1.28,4,high,house,gable,False,17,16,2,3
4992,17.75,16.5833,1.366,0.1433,0.1433,1.92,6,high,house,gable,False,17,16,4,3
4993,17.9167,16.5833,1.348,0.1433,0.1433,1.6,5,high,house,gable,False,17,16,5,3
4994,17.0833,16.75,1.428,0.1433,0.1433,1.28,4,high,house,hip,False,17,16,0,4
4995,17.5833,16.75,1.377,0.1433,0.1433,1.92,6,high,house,gable,False,17,16,3,4
4996,17.9167,16.75,1.341,0.1433,0.1433,1.28,4,high,house,gable,False,17,16,5,4
4997,17.0833,16.9167,1.421,0.1433,0.1433,1.92,6,high,house,gable,False,17,16,0,5
4998,17.25,16.9167,1.404,0.1433,0.1433,0.96,3,high,house,hip,False,17,16,1,5
4999,17.75,16.9167,1.353,0.1433,0.1433,1.28,4,high,house,gable,False,17,16,4,5
5000,17.9167,16.9167,1.335,0.1433,0.1433,1.92,6,high,house,hip,False,17,16,5,5
5001,18.0833,16.0833,1.345,0.1433,0.1433,1.6,5,high,house,gable,False,18,16,0,0
5002,18.0833,16.4167,1.335,0.1433,0.1433,1.28,4,high,house,gable,False,18,16,0,2
5003,18.25,16.4167,1.317,0.1433,0.1433,1.28,4,high,house,gable,False,18,16,1,2
5004,18.5833,16.4167,1.28,0.1433,0.1433,1.28,4,high,house,gable,False,18,16,3,2
5005,18.75,16.4167,1.261,0.1433,0.1433,0.96,3,high,house,gable,False,18,16,4,2
5006,18.9167,16.4167,1.242,0.1433,0.1433,1.92,6,high,house,gable,False,18,16,5,2
5007,18.0833,16.5833,1.33,0.1433,0.1433,0.96,3,high,house,gable,False,18,16,0,3
5008,18.4167,16.5833,1.293,0.1433,0.1433,1.6,5,high,house,gable,False,18,16,2,3
5009,18.5833,16.5833,1.274,0.1433,0.1433,1.92,6,high,house,gable,False,18,16,3,3
5010,18.9167,16.5833,1.237,0.1433,0.1433,1.6,5,high,house,hip,False,18,16,5,3
5011,18.0833,16.75,1.323,0.1433,0.1433,0.96,3,high,house,gable,False,18,16,0,4
5012,18.5833,16.75,1.268,0.1433,0.1433,1.28,4,high,house,gable,False,18,16,3,4
5013,18.9167,16.75,1.231,0.1433,0.1433,1.92,6,high,house,gable,False,18,16,5,4
5014,18.0833,16.9167,1.317,0.1433,0.1433,0.96,3,high,house,gable,False,18,16,0,5
5015,18.25,16.9167,1.299,0.1433,0.1433,1.92,6,high,house,gable,False,18,16,1,5
5016,18.4167,16.9167,1.28,0.1433,0.1433,0.96,3,high,house,gable,False,18,16,2,5
5017,18.5833,16.9167,1.262,0.1433,0.1433,0.96,3,high,house,hip,False,18,16,3,5
5018,18.75,16.9167,1.243,0.1433,0.1433,1.6,5,high,house,hip,False,18,16,4,5
5019,18.9167,16.9167,1.225,0.1433,0.1433,1.92,6,high,house,gable,False,18,16,5,5
5020,19.0833,16.0833,1.232,0.1433,0.1433,1.28,4,high,house,gable,False,19,16,0,0
5021,19.25,16.0833,1.212,0.1433,0.1433,1.92,6,high,house,hip,False,19,16,1,0
5022,19.75,16.0833,1.155,0.1433,0.1433,1.6,5,high,house,gable,False,19,16,4,0
5023,19.9167,16.0833,1.136,0.1433,0.1433,1.28,4,high,house,hip,False,19,16,5,0
5024,19.0833,16.25,1.227,0.1433,0.1433,0.96,3,high,house,hip,False,19,16,0,1
5025,19.25,16.25,1.208,0.1433,0.1433,1.28,4,high,house,gable,False,19,16,1,1
5026,19.5833,16.25,1.17,0.1433,0.1433,1.28,4,high,house,hip,False,19,16,3,1
5027,19.9167,16.25,1.132,0.1433,0.1433,1.92,6,high,house,gable,False,19,16,5,1
5028,19.0833,16.4167,1.223,0.1433,0.1433,1.92,6,high,house,hip,False,19,16,0,2
5029,19.4167,16.4167,1.185,0.1433,0.1433,1.6,5,high,house,gable,False,19,16,2,2
5030,19.5833,16.4167,1.166,0.1433,0.1433,1.6,5,high,house,gable,False,19,16,3,2
5031,19.9167,16.4167,1.128,0.1433,0.1433,0.96,3,high,house,gable,False,19,16,5,2
5032,19.4167,16.5833,1.18,0.1433,0.1433,1.6,5,high,house,gable,False,19,16,2,3
5033,19.5833,16.5833,1.161,0.1433,0.1433,1.92,6,high,house,gable,False,19,16,3,3
5034,19.9167,16.5833,1.123,0.1433,0.1433,0.96,3,high,house,gable,False,19,16,5,3
5035,19.5833,16.75,1.156,0.1433,0.1433,1.92,6,high,house,gable,False,19,16,3,4
5036,19.9167,16.75,1.118,0.1433,0.1433,1.28,4,high,house,gable,False,19,16,5,4
5037,19.4167,16.9167,1.169,0.1433,0.1433,1.28,4,high,house,gable,False,19,16,2,5
5038,19.5833,16.9167,1.15,0.1433,0.1433,1.28,4,high,house,gable,False,19,16,3,5
5039,19.75,16.9167,1.131,0.1433,0.1433,1.28,4,high,house,gable,False,19,16,4,5
5040,19.9167,16.9167,1.113,0.1433,0.1433,1.92,6,high,house,gable,False,19,16,5,5
5041,20.4167,16.0833,1.078,0.1433,0.1433,1.6,5,high,house,gable,False,20,16,2,0
5042,20.75,16.0833,1.041,0.1433,0.1433,1.6,5,high,house,gable,False,20,16,4,0
5043,20.9167,16.0833,1.022,0.1433,0.1433,1.28,4,high,house,gable,False,20,16,5,0
5044,20.25,16.25,1.094,0.1433,0.1433,0.96,3,high,house,gable,False,20,16,1,1
5045,20.5833,16.25,1.056,0.1433,0.1433,1.6,5,high,house,hip,False,20,16,3,1
5046,20.75,16.25,1.037,0.1433,0.1433,0.96,3,high,house,hip,False,20,16,4,1
5047,20.9167,16.25,1.019,0.1433,0.1433,1.92,6,high,house,gable,False,20,16,5,1
5048,20.0833,16.4167,1.109,0.1433,0.1433,1.92,6,high,house,gable,False,20,16,0,2
5049,20.75,16.4167,1.034,0.1433,0.1433,1.92,6,high,house,gable,False,20,16,4,2
5050,20.9167,16.4167,1.015,0.1433,0.1433,1.28,4,high,house,hip,False,20,16,5,2
5051,20.0833,16.5833,1.104,0.1433,0.1433,1.92,6,high,house,gable,False,20,16,0,3
5052,20.25,16.5833,1.085,0.1433,0.1433,1.6,5,high,house,hip,False,20,16,1,3
5053,20.4167,16.5833,1.067,0.1433,0.1433,2.24,7,high,house,hip,False,20,16,2,3
5054,20.9167,16.5833,1.012,0.1433,0.1433,1.28,4,high,house,gable,False,20,16,5,3
5055,20.0833,16.75,1.099,0.1433,0.1433,0.96,3,high,house,gable,False,20,16,0,4
5056,20.4167,16.75,1.062,0.1433,0.1433,0.96,3,high,house,gable,False,20,16,2,4
5057,20.5833,16.75,1.044,0.1433,0.1433,1.92,6,high,house,gable,False,20,16,3,4
5058,20.9167,16.75,1.007,0.1433,0.1433,0.96,3,high,house,gable,False,20,16,5,4
5059,20.0833,16.9167,1.094,0.1433,0.1433,0.96,3,high,house,hip,False,20,16,0,5
5060,20.25,16.9167,1.076,0.1433,0.1433,1.92,6,high,house,gable,False,20,16,1,5
5061,20.4167,16.9167,1.057,0.1433,0.1433,0.96,3,high,house,hip,False,20,16,2,5
5062,20.75,16.9167,1.021,0.1433,0.1433,1.6,5,high,house,gable,False,20,16,4,5
5063,20.9167,16.9167,1.003,0.1433,0.1433,1.6,5,high,house,gable,False,20,16,5,5
5064,21.0833,16.0833,1.004,0.1433,0.1433,1.92,6,high,house,gable,False,21,16,0,0
5065,21.25,16.0833,0.985,0.1433,0.1433,1.6,5,high,house,hip,False,21,16,1,0
5066,21.4167,16.0833,0.967,0.1433,0.1433,1.6,5,high,house,gable,False,21,16,2,0
5067,21.5833,16.0833,0.949,0.1433,0.1433,1.6,5,high,house,gable,False,21,16,3,0
5068,21.75,16.0833,0.932,0.1433,0.1433,0.96,3,high,house,gable,False,21,16,4,0
5069,21.9167,16.0833,0.914,0.1433,0.1433,1.28,4,high,house,gable,False,21,16,5,0
5070,21.0833,16.25,1.001,0.1433,0.1433,1.92,6,high,house,gable,False,21,16,0,1
5071,21.4167,16.25,0.964,0.1433,0.1433,1.28,4,high,house,gable,False,21,16,2,1
5072,21.5833,16.25,0.947,0.1433,0.1433,1.92,6,high,house,hip,False,21,16,3,1
5073,21.9167,16.25,0.912,0.1433,0.1433,0.96,3,high,house,gable,False,21,16,5,1
5074,21.0833,16.4167,0.997,0.1433,0.1433,0.96,3,high,house,gable,False,21,16,0,2
5075,21.25,16.4167,0.979,0.1433,0.1433,1.6,5,high,house,hip,False,21,16,1,2
5076,21.5833,16.4167,0.943,0.1433,0.1433,1.28,4,high,house,gable,False,21,16,3,2
5077,21.75,16.4167,0.926,0.1433,0.1433,1.92,6,high,house,gable,False,21,16,4,2
5078,21.9167,16.4167,0.909,0.1433,0.1433,1.6,5,high,house,gable,False,21,16,5,2
5079,21.25,16.5833,0.975,0.1433,0.1433,1.92,6,high,house,gable,False,21,16,1,3
5080,21.4167,16.5833,0.958,0.1433,0.1433,1.6,5,high,house,gable,False,21,16,2,3
5081,21.5833,16.5833,0.94,0.1433,0.1433,2.24,7,high,house,gable,False,21,16,3,3
5082,21.75,16.75,0.919,0.1433,0.1433,1.92,6,high,house,gable,False,21,16,4,4
5083,21.9167,16.75,0.902,0.1433,0.1433,1.6,5,high,house,hip,False,21,16,5,4
5084,21.5833,16.9167,0.933,0.1433,0.1433,1.28,4,high,house,gable,False,21,16,3,5
5085,21.75,16.9167,0.915,0.1433,0.1433,0.96,3,high,house,gable,False,21,16,4,5
5086,22.0833,16.0833,0.897,0.1433,0.1433,1.28,4,high,house,gable,False,22,16,0,0
5087,22.25,16.0833,0.88,0.1433,0.1433,1.28,4,high,house,gable,False,22,16,1,0
5088,22.4167,16.0833,0.863,0.1433,0.1433,0.96,3,high,house,gable,False,22,16,2,0
5089,22.5833,16.0833,0.847,0.1433,0.1433,1.92,6,high,house,gable,False,22,16,3,0
5090,22.75,16.0833,0.83,0.1433,0.1433,1.6,5,high,house,gable,False,22,16,4,0
5091,22.9167,16.0833,0.815,0.1433,0.1433,0.96,3,high,house,hip,False,22,16,5,0
5092,22.0833,16.25,0.894,0.1433,0.1433,1.28,4,high,house,gable,False,22,16,0,1
5093,22.4167,16.25,0.861,0.1433,0.1433,0.96,3,high,house,gable,False,22,16,2,1
5094,22.75,16.25,0.828,0.1433,0.1433,1.6,5,high,house,gable,False,22,16,4,1
5095,22.0833,16.4167,0.892,0.1433,0.1433,1.6,5,high,house,gable,False,22,16,0,2
5096,22.25,16.4167,0.875,0.1433,0.1433,1.6,5,high,house,gable,False,22,16,1,2
5097,22.4167,16.4167,0.858,0.1433,0.1433,1.92,6,high,house,hip,False,22,16,2,2
5098,22.5833,16.4167,0.842,0.1433,0.1433,1.28,4,high,house,hip,False,22,16,3,2
5099,22.75,16.4167,0.826,0.1433,0.1433,0.96,3,high,house,gable,False,22,16,4,2
5100,22.9167,16.4167,0.81,0.1433,0.1433,0.96,3,high,house,gable,False,22,16,5,2
5101,22.0833,16.5833,0.889,0.1433,0.1433,1.28,4,high,house,gable,False,22,16,0,3
5102,22.5833,16.5833,0.84,0.1433,0.1433,1.28,4,high,house,gable,False,22,16,3,3
5103,22.75,16.5833,0.824,0.1433,0.1433,1.28,4,high,house,gable,False,22,16,4,3
5104,22.25,16.75,0.869,0.1433,0.1433,1.28,4,high,house,gable,False,22,16,1,4
5105,22.9167,16.75,0.806,0.1433,0.1433,1.6,5,high,house,gable,False,22,16,5,4
5106,22.0833,16.9167,0.882,0.1433,0.1433,0.96,3,high,house,gable,False,22,16,0,5
5107,22.25,16.9167,0.866,0.1433,0.1433,0.96,3,high,house,hip,False,22,16,1,5
5108,22.4167,16.9167,0.85,0.1433,0.1433,1.92,6,high,house,gable,False,22,16,2,5
5109,22.5833,16.9167,0.834,0.1433,0.1433,1.28,4,high,house,gable,False,22,16,3,5
5110,22.75,16.9167,0.818,0.1433,0.1433,1.92,6,high,house,hip,False,22,16,4,5
5111,23.0833,16.0833,0.799,0.1433,0.1433,1.28,4,high,house,hip,False,23,16,0,0
5112,23.25,16.0833,0.783,0.1433,0.1433,0.96,3,high,house,gable,False,23,16,1,0
5113,23.0833,16.25,0.797,0.1433,0.1433,1.28,4,high,house,hip,False,23,16,0,1
5114,23.25,16.25,0.782,0.1433,0.1433,1.28,4,high,house,gable,False,23,16,1,1
5115,23.5833,16.25,0.752,0.1433,0.1433,1.28,4,high,house,hip,False,23,16,3,1
5116,23.0833,16.4167,0.795,0.1433,0.1433,1.92,6,high,house,gable,False,23,16,0,2
5117,23.25,16.4167,0.78,0.1433,0.1433,1.28,4,high,house,hip,False,23,16,1,2
5118,23.4167,16.4167,0.765,0.1433,0.1433,1.92,6,high,house,hip,False,23,16,2,2
5119,23.5833,16.4167,0.75,0.1433,0.1433,1.6,5,high,house,hip,False,23,16,3,2
5120,23.0833,16.5833,0.793,0.1433,0.1433,1.6,5,high,house,gable,False,23,16,0,3
5121,23.5833,16.5833,0.749,0.1433,0.1433,1.92,6,high,house,hip,False,23,16,3,3
5122,23.0833,16.75,0.79,0.1433,0.1433,1.6,5,high,house,gable,False,23,16,0,4
5123,23.25,16.75,0.775,0.1433,0.1433,0.96,3,high,house,hip,False,23,16,1,4
5124,23.4167,16.75,0.761,0.1433,0.1433,0.96,3,high,house,hip,False,23,16,2,4
5125,23.75,16.75,0.732,0.1433,0.1433,0.96,3,high,house,gable,False,23,16,4,4
5126,23.0833,16.9167,0.788,0.1433,0.1433,1.6,5,high,house,gable,False,23,16,0,5
5127,23.25,16.9167,0.773,0.1433,0.1433,1.28,4,high,house,gable,False,23,16,1,5
5128,23.4167,16.9167,0.758,0.1433,0.1433,0.96,3,high,house,gable,False,23,16,2,5
5129,23.5833,16.9167,0.744,0.1433,0.1433,1.6,5,high,house,hip,False,23,16,3,5
5130,24.0833,16.0833,0.711,0.1433,0.1433,1.28,4,high,house,gable,False,24,16,0,0
5131,24.25,16.0833,0.697,0.1433,0.1433,0.96,3,high,house,gable,False,24,16,1,0
5132,24.4167,16.0833,0.684,0.1433,0.1433,1.28,4,high,house,hip,False,24,16,2,0
5133,24.5833,16.0833,0.671,0.1433,0.1433,0.96,3,high,house,gable,False,24,16,3,0
5134,24.0833,16.25,0.71,0.1433,0.1433,1.28,4,high,house,hip,False,24,16,0,1
5135,24.5833,16.25,0.67,0.1433,0.1433,1.92,6,high,house,gable,False,24,16,3,1
5136,24.0833,16.4167,0.708,0.1433,0.1433,1.92,6,high,house,gable,False,24,16,0,2
5137,24.25,16.4167,0.695,0.1433,0.1433,1.6,5,high,house,gable,False,24,16,1,2
5138,24.4167,16.4167,0.682,0.1433,0.1433,1.6,5,high,house,gable,False,24,16,2,2
5139,24.5833,16.4167,0.669,0.1433,0.1433,2.24,7,high,house,hip,False,24,16,3,2
5140,24.0833,16.5833,0.707,0.1433,0.1433,0.96,3,high,house,gable,False,24,16,0,3
5141,24.5833,16.5833,0.668,0.1433,0.1433,1.28,4,high,house,gable,False,24,16,3,3
5142,24.9167,16.5833,0.643,0.1433,0.1433,1.28,4,high,house,gable,False,24,16,5,3
5143,24.25,16.75,0.692,0.1433,0.1433,0.96,3,high,house,gable,False,24,16,1,4
5144,24.4167,16.75,0.679,0.1433,0.1433,1.92,6,high,house,gable,False,24,16,2,4
5145,24.75,16.75,0.654,0.1433,0.1433,1.6,5,high,house,gable,False,24,16,4,4
5146,24.9167,16.75,0.642,0.1433,0.1433,1.6,5,high,house,gable,False,24,16,5,4
5147,24.0833,16.9167,0.703,0.1433,0.1433,0.96,3,high,house,gable,False,24,16,0,5
5148,24.25,16.9167,0.69,0.1433,0.1433,1.6,5,high,house,gable,False,24,16,1,5
5149,24.4167,16.9167,0.678,0.1433,0.1433,0.96,3,high,house,hip,False,24,16,2,5
5150,24.5833,16.9167,0.665,0.1433,0.1433,0.96,3,high,house,hip,False,24,16,3,5
5151,24.9167,16.9167,0.641,0.1433,0.1433,1.28,4,high,house,gable,False,24,16,5,5
5152,25.4167,16.0833,0.61,0.1433,0.1433,1.6,5,high,house,gable,False,25,16,2,0
5153,25.5833,16.0833,0.598,0.1433,0.1433,1.92,6,high,house,gable,False,25,16,3,0
5154,25.75,16.0833,0.587,0.1433,0.1433,0.96,3,high,house,gable,False,25,16,4,0
5155,25.4167,16.25,0.609,0.1433,0.1433,0.96,3,high,house,gable,False,25,16,2,1
5156,25.9167,16.25,0.576,0.1433,0.1433,0.96,3,high,house,hip,False,25,16,5,1
5157,25.0833,16.4167,0.632,0.1433,0.1433,0.96,3,high,house,gable,False,25,16,0,2
5158,25.4167,16.4167,0.609,0.1433,0.1433,1.28,4,high,house,gable,False,25,16,2,2
5159,25.5833,16.4167,0.597,0.1433,0.1433,1.28,4,high,house,gable,False,25,16,3,2
5160,25.75,16.4167,0.586,0.1433,0.1433,0.96,3,high,house,gable,False,25,16,4,2
5161,25.9167,16.4167,0.576,0.1433,0.1433,0.96,3,high,house,gable,False,25,16,5,2
5162,25.4167,16.5833,0.608,0.1433,0.1433,1.6,5,high,house,hip,False,25,16,2,3
5163,25.75,16.5833,0.586,0.1433,0.1433,1.92,6,high,house,hip,False,25,16,4,3
5164,25.9167,16.5833,0.575,0.1433,0.1433,0.96,3,high,house,gable,False,25,16,5,3
5165,25.4167,16.75,0.608,0.1433,0.1433,0.96,3,high,house,gable,False,25,16,2,4
5166,25.75,16.75,0.586,0.1433,0.1433,1.92,6,high,house,gable,False,25,16,4,4
5167,25.4167,16.9167,0.607,0.1433,0.1433,0.96,3,high,house,hip,False,25,16,2,5
5168,25.5833,16.9167,0.596,0.1433,0.1433,1.92,6,high,house,gable,False,25,16,3,5
5169,25.75,16.9167,0.585,0.1433,0.1433,0.96,3,high,house,hip,False,25,16,4,5
5170,25.9167,16.9167,0.575,0.1433,0.1433,0.96,3,high,house,gable,False,25,16,5,5
5171,26.4167,16.4167,0.545,0.1433,0.1433,1.28,4,medium,house,gable,False,26,16,2,2
5172,26.5833,16.4167,0.535,0.1433,0.1433,1.28,4,medium,house,gable,False,26,16,3,2
5173,26.4167,16.5833,0.545,0.1433,0.1433,1.28,4,medium,house,gable,False,26,16,2,3
5174,26.5833,16.5833,0.535,0.11,0.11,4.8,15,medium,tower,flat,True,26,16,3,3
5175,26.5833,16.9167,0.535,0.1433,0.1433,0.64,2,medium,house,gable,False,26,16,3,5
5176,27.0833,16.0833,0.505,0.1433,0.1433,0.64,2,medium,house,gable,False,27,16,0,0
5177,27.25,16.0833,0.496,0.1433,0.1433,0.96,3,medium,house,gable,False,27,16,1,0
5178,27.5833,16.0833,0.477,0.1433,0.1433,0.64,2,medium,house,gable,False,27,16,3,0
5179,27.75,16.0833,0.468,0.1433,0.1433,1.28,4,medium,house,gable,False,27,16,4,0
5180,27.0833,16.25,0.506,0.1433,0.1433,1.28,4,medium,house,hip,False,27,16,0,1
5181,27.25,16.25,0.496,0.1433,0.1433,0.96,3,medium,house,gable,False,27,16,1,1
5182,27.4167,16.25,0.487,0.1433,0.1433,0.96,3,medium,house,gable,False,27,16,2,1
5183,27.5833,16.25,0.478,0.1433,0.1433,0.96,3,medium,house,gable,False,27,16,3,1
5184,27.9167,16.25,0.46,0.1433,0.1433,0.64,2,medium,house,gable,False,27,16,5,1
5185,27.0833,16.4167,0.506,0.1433,0.1433,0.96,3,medium,house,gable,False,27,16,0,2
5186,27.4167,16.4167,0.488,0.1433,0.1433,0.64,2,medium,house,gable,False,27,16,2,2
5187,27.75,16.4167,0.47,0.1433,0.1433,1.28,4,medium,house,gable,False,27,16,4,2
5188,27.9167,16.4167,0.461,0.1433,0.1433,0.64,2,medium,house,gable,False,27,16,5,2
5189,27.25,16.5833,0.497,0.1433,0.1433,0.96,3,medium,house,hip,False,27,16,1,3
5190,27.4167,16.5833,0.488,0.1433,0.1433,1.28,4,medium,house,gable,False,27,16,2,3
5191,27.75,16.5833,0.471,0.1433,0.1433,1.28,4,medium,house,gable,False,27,16,4,3
5192,27.9167,16.5833,0.462,0.1433,0.1433,0.64,2,medium,house,hip,False,27,16,5,3
5193,28.5833,16.0833,0.425,0.1433,0.1433,0.96,3,low,house,hip,False,28,16,3,0
5194,28.4167,16.25,0.434,0.1433,0.1433,0.64,2,low,house,gable,False,28,16,2,1
5195,28.5833,16.25,0.426,0.1433,0.1433,0.32,1,low,house,hip,False,28,16,3,1
5196,28.5833,16.4167,0.427,0.1433,0.1433,0.32,1,low,house,gable,False,28,16,3,2
5197,1.5833,17.0833,0.452,0.1433,0.1433,0.64,2,low,house,gable,False,1,17,3,0
5198,1.5833,17.25,0.453,0.1433,0.1433,0.64,2,low,house,gable,False,1,17,3,1
5199,1.75,17.25,0.48,0.1433,0.1433,0.64,2,low,house,gable,False,1,17,4,1
5200,1.75,17.4167,0.48,0.1433,0.1433,0.64,2,low,house,gable,False,1,17,4,2
5201,2.0833,17.0833,0.534,0.1433,0.1433,0.96,3,low,house,gable,False,2,17,0,0
5202,2.25,17.0833,0.561,0.1433,0.1433,0.96,3,low,house,gable,False,2,17,1,0
5203,2.0833,17.25,0.534,0.1433,0.1433,0.32,1,low,house,hip,False,2,17,0,1
5204,3.25,17.0833,0.728,0.1433,0.1433,0.96,3,low,house,gable,False,3,17,1,0
5205,3.0833,17.25,0.7,0.1433,0.1433,0.32,1,low,house,gable,False,3,17,0,1
5206,3.25,17.25,0.727,0.1433,0.1433,0.96,3,low,house,gable,False,3,17,1,1
5207,3.4167,17.25,0.755,0.1433,0.1433,0.96,3,low,house,gable,False,3,17,2,1
5208,3.0833,17.4167,0.699,0.1433,0.1433,0.64,2,low,house,gable,False,3,17,0,2
5209,3.4167,17.4167,0.754,0.1433,0.1433,0.64,2,low,house,hip,False,3,17,2,2
5210,3.75,17.75,0.807,0.1433,0.1433,0.64,2,low,house,hip,False,3,17,4,4
5211,3.9167,17.75,0.834,0.1433,0.1433,0.32,1,low,house,gable,False,3,17,5,4
5212,3.9167,17.9167,0.832,0.1433,0.1433,0.96,3,low,house,gable,False,3,17,5,5
5213,4.0833,17.0833,0.867,0.1433,0.1433,0.96,3,medium,house,gable,False,4,17,0,0
5214,4.25,17.0833,0.894,0.1433,0.1433,0.96,3,medium,house,gable,False,4,17,1,0
5215,4.0833,17.4167,0.864,0.1433,0.1433,1.28,4,medium,house,gable,False,4,17,0,2
5216,4.75,17.4167,0.971,0.1433,0.1433,0.96,3,medium,house,gable,False,4,17,4,2
5217,4.0833,17.5833,0.862,0.1433,0.1433,0.96,3,medium,house,hip,False,4,17,0,3
5218,4.25,17.5833,0.889,0.1433,0.1433,0.96,3,medium,house,gable,False,4,17,1,3
5219,4.4167,17.5833,0.916,0.1433,0.1433,1.28,4,medium,house,gable,False,4,17,2,3
5220,4.5833,17.5833,0.943,0.1433,0.1433,0.96,3,medium,house,gable,False,4,17,3,3
5221,4.0833,17.75,0.861,0.1433,0.1433,1.28,4,medium,house,gable,False,4,17,0,4
5222,4.5833,17.75,0.941,0.1433,0.1433,0.64,2,medium,house,hip,False,4,17,3,4
5223,4.0833,17.9167,0.859,0.1433,0.1433,1.28,4,medium,house,hip,False,4,17,0,5
5224,4.25,17.9167,0.886,0.1433,0.1433,0.64,2,medium,house,gable,False,4,17,1,5
5225,4.4167,17.9167,0.912,0.1433,0.1433,0.64,2,medium,house,gable,False,4,17,2,5
5226,5.0833,17.0833,1.028,0.1433,0.1433,1.6,5,high,house,hip,False,5,17,0,0
5227,5.25,17.0833,1.055,0.1433,0.1433,0.96,3,high,house,gable,False,5,17,1,0
5228,5.4167,17.0833,1.081,0.1433,0.1433,1.28,4,high,house,gable,False,5,17,2,0
5229,5.5833,17.0833,1.106,0.1433,0.1433,1.6,5,high,house,hip,False,5,17,3,0
5230,5.75,17.0833,1.131,0.1433,0.1433,0.96,3,high,house,gable,False,5,17,4,0
5231,5.9167,17.0833,1.156,0.1433,0.1433,1.28,4,high,house,gable,False,5,17,5,0
5232,5.0833,17.25,1.026,0.1433,0.1433,1.92,6,high,house,gable,False,5,17,0,1
5233,5.5833,17.25,1.103,0.1433,0.1433,1.6,5,high,house,gable,False,5,17,3,1
5234,5.9167,17.25,1.153,0.1433,0.1433,0.96,3,high,house,gable,False,5,17,5,1
5235,5.0833,17.4167,1.024,0.1433,0.1433,1.28,4,high,house,gable,False,5,17,0,2
5236,5.4167,17.4167,1.075,0.1433,0.1433,1.92,6,high,house,gable,False,5,17,2,2
5237,5.25,17.5833,1.047,0.1433,0.1433,1.28,4,high,house,gable,False,5,17,1,3
5238,5.4167,17.5833,1.072,0.1433,0.1433,1.92,6,high,house,gable,False,5,17,2,3
5239,5.5833,17.5833,1.098,0.1433,0.1433,1.92,6,high,house,gable,False,5,17,3,3
5240,5.75,17.5833,1.122,0.1433,0.1433,0.96,3,high,house,hip,False,5,17,4,3
5241,5.9167,17.5833,1.147,0.1433,0.1433,1.28,4,high,house,gable,False,5,17,5,3
5242,5.0833,17.75,1.019,0.1433,0.1433,0.96,3,high,house,gable,False,5,17,0,4
5243,5.25,17.75,1.044,0.1433,0.1433,0.96,3,high,house,gable,False,5,17,1,4
5244,5.5833,17.75,1.094,0.1433,0.1433,1.6,5,high,house,gable,False,5,17,3,4
5245,5.9167,17.75,1.143,0.1433,0.1433,1.28,4,high,house,hip,False,5,17,5,4
5246,5.0833,17.9167,1.016,0.1433,0.1433,1.6,5,high,house,gable,False,5,17,0,5
5247,5.25,17.9167,1.041,0.1433,0.1433,1.6,5,high,house,gable,False,5,17,1,5
5248,5.4167,17.9167,1.066,0.1433,0.1433,1.28,4,high,house,gable,False,5,17,2,5
5249,5.5833,17.9167,1.091,0.1433,0.1433,1.6,5,high,house,gable,False,5,17,3,5
5250,7.5833,17.0833,1.383,0.1433,0.1433,1.92,6,high,house,hip,False,7,17,3,0
5251,7.75,17.0833,1.402,0.1433,0.1433,1.92,6,high,house,gable,False,7,17,4,0
5252,7.9167,17.0833,1.422,0.1433,0.1433,1.92,6,high,house,gable,False,7,17,5,0
5253,7.4167,17.25,1.358,0.1433,0.1433,1.92,6,high,house,gable,False,7,17,2,1
5254,7.9167,17.25,1.417,0.1433,0.1433,0.96,3,high,house,gable,False,7,17,5,1
5255,7.0833,17.4167,1.311,0.1433,0.1433,1.28,4,high,house,gable,False,7,17,0,2
5256,7.4167,17.4167,1.353,0.1433,0.1433,2.24,7,high,house,gable,False,7,17,2,2
5257,7.5833,17.4167,1.373,0.1433,0.1433,1.92,6,high,house,gable,False,7,17,3,2
5258,7.9167,17.4167,1.411,0.1433,0.1433,1.92,6,high,house,hip,False,7,17,5,2
5259,7.0833,17.5833,1.306,0.1433,0.1433,1.28,4,high,house,gable,False,7,17,0,3
5260,7.25,17.5833,1.327,0.1433,0.1433,1.6,5,high,house,gable,False,7,17,1,3
5261,7.75,17.5833,1.387,0.1433,0.1433,1.92,6,high,house,gable,False,7,17,4,3
5262,7.9167,17.5833,1.406,0.1433,0.1433,1.28,4,high,house,gable,False,7,17,5,3
5263,7.0833,17.75,1.302,0.1433,0.1433,1.92,6,high,house,gable,False,7,17,0,4
5264,7.4167,17.75,1.343,0.1433,0.1433,1.6,5,high,house,gable,False,7,17,2,4
5265,7.5833,17.75,1.362,0.1433,0.1433,0.96,3,high,house,hip,False,7,17,3,4
5266,7.9167,17.75,1.4,0.1433,0.1433,1.28,4,high,house,gable,False,7,17,5,4
5267,7.4167,17.9167,1.337,0.1433,0.1433,1.92,6,high,house,gable,False,7,17,2,5
5268,7.5833,17.9167,1.357,0.1433,0.1433,1.28,4,high,house,hip,False,7,17,3,5
5269,7.75,17.9167,1.375,0.1433,0.1433,1.6,5,high,house,gable,False,7,17,4,5
5270,7.9167,17.9167,1.394,0.1433,0.1433,1.92,6,high,house,hip,False,7,17,5,5
5271,8.0833,17.0833,1.44,0.1433,0.1433,1.6,5,high,house,gable,False,8,17,0,0
5272,8.25,17.0833,1.459,0.1433,0.1433,1.28,4,high,house,gable,False,8,17,1,0
5273,8.4167,17.0833,1.476,0.1433,0.1433,1.92,6,high,house,gable,False,8,17,2,0
5274,8.5833,17.0833,1.493,0.1433,0.1433,1.28,4,high,house,gable,False,8,17,3,0
5275,8.9167,17.0833,1.525,0.1433,0.1433,1.28,4,high,house,gable,False,8,17,5,0
5276,8.0833,17.25,1.435,0.1433,0.1433,0.96,3,high,house,gable,False,8,17,0,1
5277,8.75,17.25,1.503,0.1433,0.1433,1.92,6,high,house,gable,False,8,17,4,1
5278,8.9167,17.25,1.519,0.1433,0.1433,0.96,3,high,house,gable,False,8,17,5,1
5279,8.25,17.4167,1.448,0.1433,0.1433,1.6,5,high,house,gable,False,8,17,1,2
5280,8.4167,17.4167,1.465,0.1433,0.1433,1.92,6,high,house,hip,False,8,17,2,2
5281,8.5833,17.4167,1.481,0.1433,0.1433,2.24,7,high,house,hip,False,8,17,3,2
5282,8.9167,17.4167,1.512,0.1433,0.1433,0.96,3,high,house,gable,False,8,17,5,2
5283,8.0833,17.5833,1.424,0.1433,0.1433,0.96,3,high,house,gable,False,8,17,0,3
5284,8.25,17.5833,1.442,0.1433,0.1433,0.96,3,high,house,gable,False,8,17,1,3
5285,8.5833,17.5833,1.475,0.1433,0.1433,1.92,6,high,house,hip,False,8,17,3,3
5286,8.9167,17.5833,1.506,0.1433,0.1433,1.28,4,high,house,gable,False,8,17,5,3
5287,8.0833,17.75,1.418,0.1433,0.1433,1.6,5,high,house,hip,False,8,17,0,4
5288,8.4167,17.75,1.452,0.1433,0.1433,1.28,4,high,house,gable,False,8,17,2,4
5289,8.75,17.75,1.484,0.1433,0.1433,1.92,6,high,house,gable,False,8,17,4,4
5290,8.9167,17.75,1.499,0.1433,0.1433,0.96,3,high,house,gable,False,8,17,5,4
5291,8.0833,17.9167,1.412,0.1433,0.1433,0.96,3,high,house,gable,False,8,17,0,5
5292,8.25,17.9167,1.429,0.1433,0.1433,1.28,4,high,house,hip,False,8,17,1,5
5293,8.4167,17.9167,1.446,0.1433,0.1433,1.28,4,high,house,gable,False,8,17,2,5
5294,8.5833,17.9167,1.462,0.1433,0.1433,0.96,3,high,house,gable,False,8,17,3,5
5295,8.9167,17.9167,1.492,0.1433,0.1433,1.6,5,high,house,gable,False,8,17,5,5
5296,9.75,17.0833,1.592,0.1433,0.1433,1.92,6,high,house,gable,False,9,17,4,0
5297,9.9167,17.0833,1.603,0.1433,0.1433,0.96,3,high,house,hip,False,9,17,5,0
5298,9.0833,17.25,1.533,0.1433,0.1433,1.28,4,high,house,gable,False,9,17,0,1
5299,9.5833,17.25,1.573,0.1433,0.1433,0.96,3,high,house,hip,False,9,17,3,1
5300,9.9167,17.25,1.596,0.1433,0.1433,1.6,5,high,house,hip,False,9,17,5,1
5301,9.0833,17.4167,1.527,0.1433,0.1433,0.96,3,high,house,gable,False,9,17,0,2
5302,9.25,17.4167,1.541,0.1433,0.1433,1.92,6,high,house,gable,False,9,17,1,2
5303,9.5833,17.4167,1.566,0.1433,0.1433,1.92,6,high,house,hip,False,9,17,3,2
5304,9.9167,17.4167,1.589,0.1433,0.1433,1.92,6,high,house,gable,False,9,17,5,2
5305,9.0833,17.5833,1.52,0.1433,0.1433,1.6,5,high,house,hip,False,9,17,0,3
5306,9.25,17.5833,1.534,0.1433,0.1433,1.6,5,high,house,gable,False,9,17,1,3
5307,9.5833,17.5833,1.559,0.1433,0.1433,1.92,6,high,house,hip,False,9,17,3,3
5308,9.9167,17.5833,1.582,0.1433,0.1433,1.92,6,high,house,gable,False,9,17,5,3
5309,9.0833,17.75,1.513,0.1433,0.1433,1.28,4,high,house,gable,False,9,17,0,4
5310,9.25,17.75,1.527,0.1433,0.1433,1.28,4,high,house,gable,False,9,17,1,4
5311,9.5833,17.75,1.552,0.1433,0.1433,1.28,4,high,house,gable,False,9,17,3,4
5312,9.9167,17.75,1.574,0.1433,0.1433,1.6,5,high,house,gable,False,9,17,5,4
5313,9.25,17.9167,1.519,0.1433,0.1433,1.92,6,high,house,gable,False,9,17,1,5
5314,9.5833,17.9167,1.544,0.1433,0.1433,1.92,6,high,house,gable,False,9,17,3,5
5315,9.75,17.9167,1.555,0.1433,0.1433,1.28,4,high,house,hip,False,9,17,4,5
5316,9.9167,17.9167,1.566,0.1433,0.1433,1.6,5,high,house,gable,False,9,17,5,5
5317,10.25,17.0833,1.624,0.1433,0.1433,1.28,4,high,house,gable,False,10,17,1,0
5318,10.0833,17.25,1.607,0.1433,0.1433,1.92,6,high,house,gable,False,10,17,0,1
5319,10.4167,17.25,1.626,0.1433,0.1433,1.28,4,high,house,hip,False,10,17,2,1
5320,10.0833,17.4167,1.6,0.1433,0.1433,1.92,6,high,house,gable,False,10,17,0,2
5321,10.25,17.4167,1.609,0.1433,0.1433,1.92,6,high,house,gable,False,10,17,1,2
5322,10.4167,17.4167,1.618,0.1433,0.1433,1.6,5,high,house,gable,False,10,17,2,2
5323,10.5833,17.4167,1.626,0.1433,0.1433,2.24,7,high,house,gable,False,10,17,3,2
5324,10.75,17.4167,1.633,0.1433,0.1433,1.28,4,high,house,gable,False,10,17,4,2
5325,10.9167,17.4167,1.64,0.1433,0.1433,1.92,6,high,house,gable,False,10,17,5,2
5326,10.4167,17.5833,1.61,0.1433,0.1433,1.6,5,high,house,gable,False,10,17,2,3
5327,10.5833,17.5833,1.618,0.1433,0.1433,1.28,4,high,house,gable,False,10,17,3,3
5328,10.75,17.5833,1.625,0.1433,0.1433,1.6,5,high,house,hip,False,10,17,4,3
5329,10.9167,17.5833,1.632,0.1433,0.1433,1.28,4,high,house,gable,False,10,17,5,3
5330,10.4167,17.9167,1.593,0.1433,0.1433,1.92,6,high,house,gable,False,10,17,2,5
5331,10.5833,17.9167,1.601,0.1433,0.1433,1.6,5,high,house,hip,False,10,17,3,5
5332,11.4167,17.0833,1.671,0.1433,0.1433,1.6,5,high,house,gable,False,11,17,2,0
5333,11.5833,17.0833,1.675,0.1433,0.1433,1.28,4,high,house,gable,False,11,17,3,0
5334,11.75,17.0833,1.678,0.1433,0.1433,0.96,3,high,house,hip,False,11,17,4,0
5335,11.0833,17.25,1.654,0.1433,0.1433,1.6,5,high,house,gable,False,11,17,0,1
5336,11.25,17.25,1.659,0.1433,0.1433,1.28,4,high,house,gable,False,11,17,1,1
5337,11.75,17.25,1.67,0.1433,0.1433,1.92,6,high,house,hip,False,11,17,4,1
5338,11.0833,17.4167,1.646,0.1433,0.1433,1.6,5,high,house,gable,False,11,17,0,2
5339,11.4167,17.4167,1.655,0.1433,0.1433,2.24,7,high,house,gable,False,11,17,2,2
5340,11.5833,17.4167,1.659,0.1433,0.1433,1.92,6,high,house,hip,False,11,17,3,2
5341,11.75,17.4167,1.661,0.1433,0.1433,0.96,3,high,house,hip,False,11,17,4,2
5342,11.9167,17.4167,1.663,0.1433,0.1433,0.96,3,high,house,gable,False,11,17,5,2
5343,11.5833,17.5833,1.65,0.11,0.11,6.4,20,high,tower,flat,True,11,17,3,3
5344,11.75,17.5833,1.653,0.1433,0.1433,1.92,6,high,house,gable,False,11,17,4,3
5345,11.4167,17.75,1.637,0.1433,0.1433,1.6,5,high,house,gable,False,11,17,2,4
5346,11.75,17.75,1.643,0.1433,0.1433,1.92,6,high,house,gable,False,11,17,4,4
5347,11.9167,17.75,1.645,0.1433,0.1433,0.96,3,high,house,gable,False,11,17,5,4
5348,11.5833,17.9167,1.631,0.1433,0.1433,1.28,4,high,house,gable,False,11,17,3,5
5349,11.75,17.9167,1.633,0.1433,0.1433,0.96,3,high,house,gable,False,11,17,4,5
5350,11.9167,17.9167,1.635,0.1433,0.1433,1.28,4,high,house,gable,False,11,17,5,5
5351,12.0833,17.0833,1.681,0.1433,0.1433,1.92,6,high,house,gable,False,12,17,0,0
5352,12.25,17.0833,1.682,0.1433,0.1433,1.92,6,high,house,hip,False,12,17,1,0
5353,12.4167,17.0833,1.682,0.1433,0.1433,0.96,3,high,house,gable,False,12,17,2,0
5354,12.75,17.0833,1.68,0.1433,0.1433,1.92,6,high,house,hip,False,12,17,4,0
5355,12.9167,17.0833,1.677,0.1433,0.1433,1.92,6,high,house,gable,False,12,17,5,0
5356,12.0833,17.25,1.673,0.1433,0.1433,0.96,3,high,house,gable,False,12,17,0,1
5357,12.5833,17.25,1.673,0.1433,0.1433,1.28,4,high,house,hip,False,12,17,3,1
5358,12.9167,17.25,1.669,0.1433,0.1433,1.92,6,high,house,gable,False,12,17,5,1
5359,12.0833,17.4167,1.665,0.1433,0.1433,0.96,3,high,house,hip,False,12,17,0,2
5360,12.25,17.4167,1.665,0.1433,0.1433,1.28,4,high,house,gable,False,12,17,1,2
5361,12.4167,17.4167,1.665,0.1433,0.1433,1.28,4,high,house,gable,False,12,17,2,2
5362,12.5833,17.4167,1.664,0.1433,0.1433,1.92,6,high,house,gable,False,12,17,3,2
5363,12.75,17.4167,1.662,0.1433,0.1433,0.96,3,high,house,hip,False,12,17,4,2
5364,12.9167,17.4167,1.66,0.1433,0.1433,1.92,6,high,house,gable,False,12,17,5,2
5365,12.75,17.5833,1.653,0.1433,0.1433,0.96,3,high,house,gable,False,12,17,4,3
5366,12.0833,17.75,1.646,0.1433,0.1433,1.28,4,high,house,gable,False,12,17,0,4
5367,12.4167,17.75,1.646,0.1433,0.1433,0.96,3,high,house,gable,False,12,17,2,4
5368,12.5833,17.75,1.645,0.1433,0.1433,1.28,4,high,house,gable,False,12,17,3,4
5369,12.9167,17.75,1.64,0.1433,0.1433,0.96,3,high,house,gable,False,12,17,5,4
5370,12.0833,17.9167,1.636,0.1433,0.1433,1.28,4,high,house,gable,False,12,17,0,5
5371,12.25,17.9167,1.636,0.1433,0.1433,1.6,5,high,house,hip,False,12,17,1,5
5372,12.4167,17.9167,1.636,0.1433,0.1433,1.92,6,high,house,gable,False,12,17,2,5
5373,12.5833,17.9167,1.635,0.1433,0.1433,0.96,3,high,house,hip,False,12,17,3,5
5374,12.75,17.9167,1.633,0.1433,0.1433,0.96,3,high,house,gable,False,12,17,4,5
5375,14.25,17.0833,1.633,0.1433,0.1433,1.6,5,high,house,gable,False,14,17,1,0
5376,14.4167,17.0833,1.624,0.1433,0.1433,0.96,3,high,house,hip,False,14,17,2,0
5377,14.5833,17.0833,1.615,0.1433,0.1433,1.92,6,high,house,hip,False,14,17,3,0
5378,14.0833,17.25,1.632,0.1433,0.1433,1.28,4,high,house,gable,False,14,17,0,1
5379,14.25,17.25,1.624,0.1433,0.1433,1.28,4,high,house,gable,False,14,17,1,1
5380,14.4167,17.25,1.615,0.1433,0.1433,1.92,6,high,house,gable,False,14,17,2,1
5381,14.0833,17.4167,1.623,0.1433,0.1433,1.28,4,high,house,gable,False,14,17,0,2
5382,14.4167,17.4167,1.606,0.1433,0.1433,1.92,6,high,house,gable,False,14,17,2,2
5383,14.5833,17.4167,1.597,0.1433,0.1433,2.24,7,high,house,hip,False,14,17,3,2
5384,14.75,17.4167,1.587,0.1433,0.1433,1.6,5,high,house,gable,False,14,17,4,2
5385,14.9167,17.4167,1.577,0.1433,0.1433,1.92,6,high,house,gable,False,14,17,5,2
5386,14.25,17.5833,1.605,0.1433,0.1433,1.28,4,high,house,gable,False,14,17,1,3
5387,14.4167,17.5833,1.596,0.1433,0.1433,1.28,4,high,house,gable,False,14,17,2,3
5388,14.75,17.5833,1.577,0.1433,0.1433,1.92,6,high,house,gable,False,14,17,4,3
5389,14.9167,17.5833,1.567,0.1433,0.1433,1.6,5,high,house,gable,False,14,17,5,3
5390,14.5833,17.75,1.577,0.1433,0.1433,1.28,4,high,house,hip,False,14,17,3,4
5391,14.5833,17.9167,1.566,0.1433,0.1433,0.96,3,high,house,hip,False,14,17,3,5
5392,14.75,17.9167,1.556,0.1433,0.1433,1.28,4,high,house,hip,False,14,17,4,5
5393,15.0833,17.0833,1.584,0.1433,0.1433,0.96,3,high,house,hip,False,15,17,0,0
5394,15.25,17.0833,1.572,0.1433,0.1433,1.28,4,high,house,hip,False,15,17,1,0
5395,15.4167,17.0833,1.56,0.1433,0.1433,1.6,5,high,house,gable,False,15,17,2,0
5396,15.5833,17.0833,1.547,0.1433,0.1433,1.28,4,high,house,gable,False,15,17,3,0
5397,15.75,17.0833,1.534,0.1433,0.1433,1.28,4,high,house,gable,False,15,17,4,0
5398,15.9167,17.0833,1.521,0.1433,0.1433,0.96,3,high,house,hip,False,15,17,5,0
5399,15.0833,17.25,1.575,0.1433,0.1433,1.28,4,high,house,gable,False,15,17,0,1
5400,15.4167,17.25,1.551,0.1433,0.1433,1.6,5,high,house,gable,False,15,17,2,1
5401,15.75,17.25,1.526,0.1433,0.1433,1.92,6,high,house,gable,False,15,17,4,1
5402,15.9167,17.25,1.512,0.1433,0.1433,1.92,6,high,house,hip,False,15,17,5,1
5403,15.25,17.4167,1.554,0.1433,0.1433,1.6,5,high,house,gable,False,15,17,1,2
5404,15.4167,17.4167,1.542,0.1433,0.1433,2.24,7,high,house,gable,False,15,17,2,2
5405,15.5833,17.4167,1.53,0.1433,0.1433,2.24,7,high,house,gable,False,15,17,3,2
5406,15.5833,17.5833,1.52,0.11,0.11,6.08,19,high,tower,flat,True,15,17,3,3
5407,15.75,17.5833,1.507,0.1433,0.1433,1.92,6,high,house,gable,False,15,17,4,3
5408,15.9167,17.5833,1.493,0.1433,0.1433,0.96,3,high,house,gable,False,15,17,5,3
5409,15.4167,17.75,1.522,0.1433,0.1433,1.28,4,high,house,gable,False,15,17,2,4
5410,15.5833,17.75,1.51,0.1433,0.1433,0.96,3,high,house,hip,False,15,17,3,4
5411,15.9167,17.75,1.483,0.1433,0.1433,0.96,3,high,house,gable,False,15,17,5,4
5412,15.0833,17.9167,1.535,0.1433,0.1433,1.92,6,high,house,hip,False,15,17,0,5
5413,15.25,17.9167,1.524,0.1433,0.1433,0.96,3,high,house,gable,False,15,17,1,5
5414,15.4167,17.9167,1.512,0.1433,0.1433,0.96,3,high,house,hip,False,15,17,2,5
5415,15.5833,17.9167,1.499,0.1433,0.1433,1.6,5,high,house,gable,False,15,17,3,5
5416,15.75,17.9167,1.486,0.1433,0.1433,0.96,3,high,house,gable,False,15,17,4,5
5417,15.9167,17.9167,1.473,0.1433,0.1433,1.28,4,high,house,gable,False,15,17,5,5
5418,16.25,17.0833,1.492,0.1433,0.1433,1.92,6,high,house,gable,False,16,17,1,0
5419,16.4167,17.0833,1.477,0.1433,0.1433,1.92,6,high,house,gable,False,16,17,2,0
5420,16.5833,17.0833,1.462,0.1433,0.1433,0.96,3,high,house,gable,False,16,17,3,0
5421,16.75,17.0833,1.446,0.1433,0.1433,1.6,5,high,house,hip,False,16,17,4,0
5422,16.9167,17.0833,1.43,0.1433,0.1433,1.28,4,high,house,gable,False,16,17,5,0
5423,16.25,17.25,1.484,0.1433,0.1433,1.92,6,high,house,gable,False,16,17,1,1
5424,16.4167,17.25,1.469,0.1433,0.1433,1.6,5,high,house,hip,False,16,17,2,1
5425,16.5833,17.25,1.453,0.1433,0.1433,1.6,5,high,house,gable,False,16,17,3,1
5426,16.9167,17.25,1.422,0.1433,0.1433,1.92,6,high,house,gable,False,16,17,5,1
5427,16.0833,17.4167,1.489,0.1433,0.1433,1.6,5,high,house,gable,False,16,17,0,2
5428,16.25,17.4167,1.475,0.1433,0.1433,1.6,5,high,house,gable,False,16,17,1,2
5429,16.5833,17.4167,1.445,0.1433,0.1433,1.28,4,high,house,gable,False,16,17,3,2
5430,16.9167,17.4167,1.413,0.1433,0.1433,1.6,5,high,house,gable,False,16,17,5,2
5431,16.0833,17.5833,1.48,0.1433,0.1433,0.96,3,high,house,gable,False,16,17,0,3
5432,16.25,17.5833,1.465,0.1433,0.1433,1.28,4,high,house,gable,False,16,17,1,3
5433,16.75,17.5833,1.42,0.1433,0.1433,1.28,4,high,house,hip,False,16,17,4,3
5434,16.4167,17.75,1.441,0.1433,0.1433,1.92,6,high,house,gable,False,16,17,2,4
5435,16.5833,17.75,1.426,0.1433,0.1433,1.6,5,high,house,hip,False,16,17,3,4
5436,16.75,17.75,1.41,0.1433,0.1433,1.6,5,high,house,gable,False,16,17,4,4
5437,16.9167,17.75,1.395,0.1433,0.1433,1.92,6,high,house,hip,False,16,17,5,4
5438,16.25,17.9167,1.445,0.1433,0.1433,0.96,3,high,house,gable,False,16,17,1,5
5439,16.4167,17.9167,1.43,0.1433,0.1433,0.96,3,high,house,gable,False,16,17,2,5
5440,16.5833,17.9167,1.416,0.1433,0.1433,1.28,4,high,house,gable,False,16,17,3,5
5441,16.75,17.9167,1.4,0.1433,0.1433,1.28,4,high,house,gable,False,16,17,4,5
5442,16.9167,17.9167,1.385,0.1433,0.1433,1.6,5,high,house,gable,False,16,17,5,5
5443,17.0833,17.0833,1.414,0.1433,0.1433,1.28,4,high,house,gable,False,17,17,0,0
5444,17.25,17.0833,1.397,0.1433,0.1433,1.92,6,high,house,gable,False,17,17,1,0
5445,17.4167,17.0833,1.38,0.1433,0.1433,1.28,4,high,house,gable,False,17,17,2,0
5446,17.5833,17.0833,1.363,0.1433,0.1433,1.6,5,high,house,gable,False,17,17,3,0
5447,17.75,17.0833,1.345,0.1433,0.1433,1.92,6,high,house,gable,False,17,17,4,0
5448,17.9167,17.0833,1.328,0.1433,0.1433,1.6,5,high,house,hip,False,17,17,5,0
5449,17.0833,17.25,1.406,0.1433,0.1433,1.28,4,high,house,gable,False,17,17,0,1
5450,17.25,17.25,1.389,0.1433,0.1433,1.92,6,high,house,gable,False,17,17,1,1
5451,17.5833,17.25,1.355,0.1433,0.1433,0.96,3,high,house,gable,False,17,17,3,1
5452,17.9167,17.25,1.32,0.1433,0.1433,0.96,3,high,house,hip,False,17,17,5,1
5453,17.4167,17.4167,1.364,0.1433,0.1433,1.28,4,high,house,gable,False,17,17,2,2
5454,17.5833,17.4167,1.347,0.1433,0.1433,2.24,7,high,house,gable,False,17,17,3,2
5455,17.0833,17.75,1.379,0.1433,0.1433,1.92,6,high,house,gable,False,17,17,0,4
5456,17.4167,17.75,1.346,0.1433,0.1433,1.92,6,high,house,gable,False,17,17,2,4
5457,17.75,17.75,1.312,0.1433,0.1433,0.96,3,high,house,gable,False,17,17,4,4
5458,17.0833,17.9167,1.369,0.1433,0.1433,0.96,3,high,house,gable,False,17,17,0,5
5459,17.25,17.9167,1.352,0.1433,0.1433,1.28,4,high,house,gable,False,17,17,1,5
5460,17.4167,17.9167,1.336,0.1433,0.1433,1.28,4,high,house,hip,False,17,17,2,5
5461,17.5833,17.9167,1.319,0.1433,0.1433,0.96,3,high,house,hip,False,17,17,3,5
5462,17.75,17.9167,1.302,0.1433,0.1433,1.6,5,high,house,gable,False,17,17,4,5
5463,17.9167,17.9167,1.285,0.1433,0.1433,1.6,5,high,house,gable,False,17,17,5,5
5464,18.4167,17.0833,1.274,0.1433,0.1433,0.96,3,high,house,hip,False,18,17,2,0
5465,18.5833,17.0833,1.255,0.1433,0.1433,1.28,4,high,house,hip,False,18,17,3,0
5466,18.75,17.0833,1.237,0.1433,0.1433,1.6,5,high,house,hip,False,18,17,4,0
5467,18.9167,17.0833,1.218,0.1433,0.1433,1.6,5,high,house,gable,False,18,17,5,0
5468,18.25,17.25,1.284,0.1433,0.1433,1.6,5,high,house,gable,False,18,17,1,1
5469,18.5833,17.25,1.248,0.1433,0.1433,0.96,3,high,house,gable,False,18,17,3,1
5470,18.9167,17.25,1.212,0.1433,0.1433,1.92,6,high,house,gable,False,18,17,5,1
5471,18.0833,17.4167,1.294,0.1433,0.1433,1.92,6,high,house,gable,False,18,17,0,2
5472,18.4167,17.4167,1.259,0.1433,0.1433,1.6,5,high,house,hip,False,18,17,2,2
5473,18.5833,17.4167,1.241,0.1433,0.1433,2.24,7,high,house,hip,False,18,17,3,2
5474,18.9167,17.4167,1.204,0.1433,0.1433,1.28,4,high,house,gable,False,18,17,5,2
5475,18.0833,17.5833,1.286,0.1433,0.1433,1.92,6,high,house,gable,False,18,17,0,3
5476,18.25,17.5833,1.268,0.1433,0.1433,0.96,3,high,house,gable,False,18,17,1,3
5477,18.5833,17.5833,1.233,0.1433,0.1433,1.6,5,high,house,gable,False,18,17,3,3
5478,18.75,17.5833,1.215,0.1433,0.1433,0.96,3,high,house,hip,False,18,17,4,3
5479,18.9167,17.5833,1.197,0.1433,0.1433,1.6,5,high,house,gable,False,18,17,5,3
5480,18.0833,17.75,1.277,0.1433,0.1433,1.92,6,high,house,gable,False,18,17,0,4
5481,18.25,17.75,1.26,0.1433,0.1433,0.96,3,high,house,hip,False,18,17,1,4
5482,18.5833,17.75,1.224,0.1433,0.1433,1.28,4,high,house,gable,False,18,17,3,4
5483,18.9167,17.75,1.188,0.1433,0.1433,1.92,6,high,house,gable,False,18,17,5,4
5484,18.0833,17.9167,1.268,0.1433,0.1433,1.6,5,high,house,gable,False,18,17,0,5
5485,18.25,17.9167,1.251,0.1433,0.1433,1.92,6,high,house,gable,False,18,17,1,5
5486,18.5833,17.9167,1.215,0.1433,0.1433,1.28,4,high,house,gable,False,18,17,3,5
5487,18.75,17.9167,1.198,0.1433,0.1433,1.92,6,high,house,gable,False,18,17,4,5
5488,18.9167,17.9167,1.18,0.1433,0.1433,1.6,5,high,house,gable,False,18,17,5,5
5489,19.25,17.0833,1.181,0.1433,0.1433,1.28,4,high,house,gable,False,19,17,1,0
5490,19.4167,17.0833,1.163,0.1433,0.1433,1.28,4,high,house,hip,False,19,17,2,0
5491,19.75,17.0833,1.126,0.1433,0.1433,1.28,4,high,house,gable,False,19,17,4,0
5492,19.4167,17.25,1.156,0.1433,0.1433,0.96,3,high,house,gable,False,19,17,2,1
5493,19.5833,17.25,1.138,0.1433,0.1433,0.96,3,high,house,gable,False,19,17,3,1
5494,19.9167,17.25,1.101,0.1433,0.1433,0.96,3,high,house,gable,False,19,17,5,1
5495,19.0833,17.4167,1.186,0.1433,0.1433,1.92,6,high,house,gable,False,19,17,0,2
5496,19.25,17.4167,1.168,0.1433,0.1433,1.92,6,high,house,gable,False,19,17,1,2
5497,19.9167,17.4167,1.095,0.1433,0.1433,1.92,6,high,house,gable,False,19,17,5,2
5498,19.0833,17.5833,1.178,0.1433,0.1433,1.28,4,high,house,gable,False,19,17,0,3
5499,19.25,17.5833,1.16,0.1433,0.1433,0.96,3,high,house,hip,False,19,17,1,3
5500,19.5833,17.5833,1.124,0.1433,0.1433,1.6,5,high,house,hip,False,19,17,3,3
5501,19.0833,17.75,1.17,0.1433,0.1433,1.92,6,high,house,gable,False,19,17,0,4
5502,19.4167,17.75,1.135,0.1433,0.1433,0.96,3,high,house,gable,False,19,17,2,4
5503,19.5833,17.75,1.117,0.1433,0.1433,1.28,4,high,house,gable,False,19,17,3,4
5504,19.75,17.75,1.099,0.1433,0.1433,0.96,3,high,house,hip,False,19,17,4,4
5505,19.9167,17.75,1.081,0.1433,0.1433,0.96,3,high,house,gable,False,19,17,5,4
5506,19.0833,17.9167,1.162,0.1433,0.1433,0.96,3,high,house,gable,False,19,17,0,5
5507,19.25,17.9167,1.144,0.1433,0.1433,1.6,5,high,house,gable,False,19,17,1,5
5508,19.4167,17.9167,1.127,0.1433,0.1433,1.28,4,high,house,hip,False,19,17,2,5
5509,19.75,17.9167,1.091,0.1433,0.1433,1.28,4,high,house,hip,False,19,17,4,5
5510,20.0833,17.0833,1.089,0.1433,0.1433,1.28,4,high,house,gable,False,20,17,0,0
5511,20.25,17.0833,1.07,0.1433,0.1433,0.96,3,high,house,gable,False,20,17,1,0
5512,20.4167,17.0833,1.052,0.1433,0.1433,1.6,5,high,house,gable,False,20,17,2,0
5513,20.5833,17.0833,1.034,0.1433,0.1433,1.28,4,high,house,hip,False,20,17,3,0
5514,20.0833,17.25,1.083,0.1433,0.1433,1.92,6,high,house,hip,False,20,17,0,1
5515,20.5833,17.25,1.028,0.1433,0.1433,1.28,4,high,house,gable,False,20,17,3,1
5516,20.9167,17.25,0.993,0.1433,0.1433,1.92,6,high,house,hip,False,20,17,5,1
5517,20.0833,17.4167,1.076,0.1433,0.1433,1.6,5,high,house,gable,False,20,17,0,2
5518,20.25,17.4167,1.058,0.1433,0.1433,1.92,6,high,house,hip,False,20,17,1,2
5519,20.4167,17.4167,1.04,0.1433,0.1433,1.92,6,high,house,gable,False,20,17,2,2
5520,20.5833,17.4167,1.023,0.1433,0.1433,1.92,6,high,house,hip,False,20,17,3,2
5521,20.9167,17.4167,0.987,0.1433,0.1433,1.92,6,high,house,hip,False,20,17,5,2
5522,20.0833,17.5833,1.07,0.1433,0.1433,0.96,3,high,house,hip,False,20,17,0,3
5523,20.4167,17.5833,1.034,0.1433,0.1433,1.6,5,high,house,hip,False,20,17,2,3
5524,20.9167,17.5833,0.982,0.1433,0.1433,1.28,4,high,house,gable,False,20,17,5,3
5525,20.0833,17.75,1.063,0.1433,0.1433,1.6,5,high,house,gable,False,20,17,0,4
5526,20.4167,17.75,1.028,0.1433,0.1433,1.6,5,high,house,gable,False,20,17,2,4
5527,20.75,17.75,0.993,0.1433,0.1433,1.92,6,high,house,gable,False,20,17,4,4
5528,20.9167,17.75,0.976,0.1433,0.1433,1.6,5,high,house,gable,False,20,17,5,4
5529,20.0833,17.9167,1.056,0.1433,0.1433,1.6,5,high,house,hip,False,20,17,0,5
5530,20.25,17.9167,1.038,0.1433,0.1433,0.96,3,high,house,hip,False,20,17,1,5
5531,20.4167,17.9167,1.021,0.1433,0.1433,1.6,5,high,house,gable,False,20,17,2,5
5532,20.5833,17.9167,1.003,0.1433,0.1433,1.28,4,high,house,gable,False,20,17,3,5
5533,20.9167,17.9167,0.969,0.1433,0.1433,1.28,4,high,house,gable,False,20,17,5,5
5534,22.0833,17.0833,0.878,0.1433,0.1433,1.92,6,high,house,gable,False,22,17,0,0
5535,22.4167,17.0833,0.846,0.1433,0.1433,1.28,4,high,house,gable,False,22,17,2,0
5536,22.5833,17.0833,0.83,0.1433,0.1433,1.28,4,high,house,gable,False,22,17,3,0
5537,22.0833,17.25,0.874,0.1433,0.1433,1.6,5,high,house,hip,False,22,17,0,1
5538,22.25,17.25,0.858,0.1433,0.1433,1.92,6,high,house,hip,False,22,17,1,1
5539,22.4167,17.25,0.842,0.1433,0.1433,1.28,4,high,house,gable,False,22,17,2,1
5540,22.5833,17.25,0.827,0.1433,0.1433,1.6,5,high,house,hip,False,22,17,3,1
5541,22.0833,17.4167,0.87,0.1433,0.1433,0.96,3,high,house,gable,False,22,17,0,2
5542,22.5833,17.4167,0.823,0.1433,0.1433,1.92,6,high,house,gable,False,22,17,3,2
5543,22.0833,17.5833,0.865,0.1433,0.1433,1.92,6,high,house,hip,False,22,17,0,3
5544,22.25,17.5833,0.85,0.1433,0.1433,0.96,3,high,house,hip,False,22,17,1,3
5545,22.4167,17.5833,0.834,0.1433,0.1433,1.92,6,high,house,hip,False,22,17,2,3
5546,22.5833,17.5833,0.819,0.1433,0.1433,1.28,4,high,house,gable,False,22,17,3,3
5547,22.25,17.75,0.845,0.1433,0.1433,1.92,6,high,house,gable,False,22,17,1,4
5548,22.9167,17.75,0.786,0.1433,0.1433,1.28,4,high,house,hip,False,22,17,5,4
5549,22.0833,17.9167,0.856,0.1433,0.1433,0.96,3,high,house,gable,False,22,17,0,5
5550,22.25,17.9167,0.84,0.1433,0.1433,0.96,3,high,house,gable,False,22,17,1,5
5551,22.4167,17.9167,0.825,0.1433,0.1433,1.6,5,high,house,gable,False,22,17,2,5
5552,22.75,17.9167,0.796,0.1433,0.1433,1.92,6,high,house,gable,False,22,17,4,5
5553,22.9167,17.9167,0.782,0.1433,0.1433,0.96,3,high,house,gable,False,22,17,5,5
5554,23.5833,17.0833,0.742,0.1433,0.1433,1.28,4,high,house,gable,False,23,17,3,0
5555,23.75,17.0833,0.728,0.1433,0.1433,1.92,6,high,house,gable,False,23,17,4,0
5556,23.0833,17.4167,0.779,0.1433,0.1433,0.96,3,high,house,gable,False,23,17,0,2
5557,23.25,17.4167,0.764,0.1433,0.1433,1.28,4,high,house,gable,False,23,17,1,2
5558,23.5833,17.4167,0.737,0.1433,0.1433,1.28,4,high,house,gable,False,23,17,3,2
5559,23.75,17.4167,0.723,0.1433,0.1433,0.96,3,high,house,hip,False,23,17,4,2
5560,23.9167,17.4167,0.71,0.1433,0.1433,0.96,3,high,house,gable,False,23,17,5,2
5561,23.0833,17.5833,0.775,0.1433,0.1433,0.96,3,high,house,gable,False,23,17,0,3
5562,23.25,17.5833,0.761,0.1433,0.1433,1.6,5,high,house,gable,False,23,17,1,3
5563,23.4167,17.5833,0.747,0.1433,0.1433,1.6,5,high,house,gable,False,23,17,2,3
5564,23.5833,17.5833,0.734,0.1433,0.1433,1.92,6,high,house,gable,False,23,17,3,3
5565,23.9167,17.5833,0.708,0.1433,0.1433,0.96,3,high,house,gable,False,23,17,5,3
5566,23.0833,17.75,0.772,0.1433,0.1433,1.92,6,high,house,gable,False,23,17,0,4
5567,23.9167,17.75,0.705,0.1433,0.1433,1.92,6,high,house,hip,False,23,17,5,4
5568,23.0833,17.9167,0.768,0.1433,0.1433,0.96,3,high,house,hip,False,23,17,0,5
5569,23.25,17.9167,0.754,0.1433,0.1433,1.28,4,high,house,gable,False,23,17,1,5
5570,23.4167,17.9167,0.741,0.1433,0.1433,0.96,3,high,house,hip,False,23,17,2,5
5571,23.5833,17.9167,0.728,0.1433,0.1433,1.28,4,high,house,gable,False,23,17,3,5
5572,23.75,17.9167,0.715,0.1433,0.1433,0.96,3,high,house,gable,False,23,17,4,5
5573,24.0833,17.0833,0.702,0.1433,0.1433,1.6,5,high,house,hip,False,24,17,0,0
5574,24.25,17.0833,0.689,0.1433,0.1433,1.28,4,high,house,hip,False,24,17,1,0
5575,24.4167,17.0833,0.676,0.1433,0.1433,0.96,3,high,house,gable,False,24,17,2,0
5576,24.75,17.0833,0.652,0.1433,0.1433,1.92,6,high,house,hip,False,24,17,4,0
5577,24.9167,17.0833,0.64,0.1433,0.1433,0.96,3,high,house,gable,False,24,17,5,0
5578,24.0833,17.25,0.699,0.1433,0.1433,1.28,4,high,house,gable,False,24,17,0,1
5579,24.4167,17.25,0.674,0.1433,0.1433,1.6,5,high,house,gable,False,24,17,2,1
5580,24.5833,17.25,0.662,0.1433,0.1433,1.6,5,high,house,gable,False,24,17,3,1
5581,24.9167,17.25,0.639,0.1433,0.1433,1.92,6,high,house,hip,False,24,17,5,1
5582,24.0833,17.4167,0.697,0.1433,0.1433,1.28,4,high,house,gable,False,24,17,0,2
5583,24.4167,17.4167,0.672,0.1433,0.1433,1.6,5,high,house,gable,False,24,17,2,2
5584,24.9167,17.4167,0.637,0.1433,0.1433,1.28,4,high,house,gable,False,24,17,5,2
5585,24.0833,17.5833,0.695,0.1433,0.1433,1.6,5,high,house,hip,False,24,17,0,3
5586,24.4167,17.5833,0.67,0.1433,0.1433,1.6,5,high,house,gable,False,24,17,2,3
5587,24.5833,17.5833,0.659,0.1433,0.1433,1.28,4,high,house,gable,False,24,17,3,3
5588,24.9167,17.5833,0.636,0.1433,0.1433,1.6,5,high,house,hip,False,24,17,5,3
5589,24.0833,17.75,0.693,0.1433,0.1433,1.6,5,high,house,gable,False,24,17,0,4
5590,24.25,17.75,0.68,0.1433,0.1433,0.96,3,high,house,gable,False,24,17,1,4
5591,24.5833,17.75,0.657,0.1433,0.1433,1.28,4,high,house,gable,False,24,17,3,4
5592,24.9167,17.75,0.634,0.1433,0.1433,1.28,4,high,house,gable,False,24,17,5,4
5593,24.0833,17.9167,0.69,0.1433,0.1433,1.6,5,high,house,hip,False,24,17,0,5
5594,24.25,17.9167,0.678,0.1433,0.1433,1.28,4,high,house,gable,False,24,17,1,5
5595,24.4167,17.9167,0.666,0.1433,0.1433,1.92,6,high,house,hip,False,24,17,2,5
5596,24.5833,17.9167,0.655,0.1433,0.1433,1.6,5,high,house,gable,False,24,17,3,5
5597,25.0833,17.0833,0.628,0.1433,0.1433,1.92,6,high,house,gable,False,25,17,0,0
5598,25.25,17.0833,0.617,0.1433,0.1433,1.6,5,high,house,gable,False,25,17,1,0
5599,25.4167,17.0833,0.606,0.1433,0.1433,1.6,5,high,house,gable,False,25,17,2,0
5600,25.5833,17.0833,0.595,0.1433,0.1433,0.96,3,high,house,gable,False,25,17,3,0
5601,25.0833,17.25,0.627,0.1433,0.1433,1.28,4,high,house,gable,False,25,17,0,1
5602,25.4167,17.25,0.605,0.1433,0.1433,1.6,5,high,house,hip,False,25,17,2,1
5603,25.5833,17.25,0.595,0.1433,0.1433,1.92,6,high,house,gable,False,25,17,3,1
5604,25.9167,17.25,0.574,0.1433,0.1433,1.6,5,high,house,gable,False,25,17,5,1
5605,25.0833,17.4167,0.626,0.1433,0.1433,1.6,5,high,house,hip,False,25,17,0,2
5606,25.4167,17.4167,0.604,0.1433,0.1433,1.6,5,high,house,gable,False,25,17,2,2
5607,25.75,17.4167,0.584,0.1433,0.1433,1.6,5,high,house,gable,False,25,17,4,2
5608,25.9167,17.4167,0.574,0.1433,0.1433,1.92,6,high,house,gable,False,25,17,5,2
5609,25.0833,17.5833,0.625,0.1433,0.1433,1.6,5,high,house,gable,False,25,17,0,3
5610,25.4167,17.5833,0.603,0.1433,0.1433,1.28,4,high,house,gable,False,25,17,2,3
5611,25.5833,17.5833,0.593,0.1433,0.1433,2.24,7,high,house,gable,False,25,17,3,3
5612,25.0833,17.75,0.623,0.1433,0.1433,1.6,5,high,house,gable,False,25,17,0,4
5613,25.4167,17.75,0.602,0.1433,0.1433,1.28,4,high,house,gable,False,25,17,2,4
5614,25.5833,17.75,0.592,0.1433,0.1433,0.96,3,high,house,gable,False,25,17,3,4
5615,25.0833,17.9167,0.622,0.1433,0.1433,1.92,6,high,house,gable,False,25,17,0,5
5616,25.25,17.9167,0.611,0.1433,0.1433,1.6,5,high,house,gable,False,25,17,1,5
5617,25.4167,17.9167,0.601,0.1433,0.1433,1.28,4,high,house,gable,False,25,17,2,5
5618,25.5833,17.9167,0.591,0.1433,0.1433,1.92,6,high,house,gable,False,25,17,3,5
5619,26.4167,17.4167,0.545,0.1433,0.1433,1.6,5,high,house,hip,False,26,17,2,2
5620,26.75,17.4167,0.527,0.1433,0.1433,0.96,3,high,house,hip,False,26,17,4,2
5621,26.9167,17.4167,0.518,0.1433,0.1433,0.96,3,high,house,gable,False,26,17,5,2
5622,26.0833,17.5833,0.564,0.1433,0.1433,1.28,4,high,house,gable,False,26,17,0,3
5623,26.25,17.5833,0.554,0.1433,0.1433,1.28,4,high,house,hip,False,26,17,1,3
5624,26.4167,17.5833,0.545,0.1433,0.1433,1.92,6,high,house,gable,False,26,17,2,3
5625,26.5833,17.5833,0.536,0.1433,0.1433,1.92,6,high,house,gable,False,26,17,3,3
5626,26.75,17.5833,0.527,0.1433,0.1433,0.96,3,high,house,hip,False,26,17,4,3
5627,26.9167,17.5833,0.518,0.1433,0.1433,1.28,4,high,house,hip,False,26,17,5,3
5628,26.0833,17.75,0.563,0.1433,0.1433,1.6,5,high,house,hip,False,26,17,0,4
5629,26.5833,17.75,0.536,0.1433,0.1433,1.6,5,high,house,gable,False,26,17,3,4
5630,26.9167,17.75,0.519,0.1433,0.1433,1.28,4,high,house,gable,False,26,17,5,4
5631,26.0833,17.9167,0.563,0.1433,0.1433,0.96,3,high,house,gable,False,26,17,0,5
5632,26.25,17.9167,0.554,0.1433,0.1433,1.28,4,high,house,gable,False,26,17,1,5
5633,26.4167,17.9167,0.545,0.1433,0.1433,0.96,3,high,house,gable,False,26,17,2,5
5634,26.5833,17.9167,0.536,0.1433,0.1433,1.92,6,high,house,hip,False,26,17,3,5
5635,26.75,17.9167,0.527,0.1433,0.1433,0.96,3,high,house,gable,False,26,17,4,5
5636,26.9167,17.9167,0.519,0.1433,0.1433,1.92,6,high,house,hip,False,26,17,5,5
5637,27.5833,17.25,0.483,0.1433,0.1433,1.28,4,medium,house,gable,False,27,17,3,1
5638,27.0833,17.4167,0.509,0.1433,0.1433,0.64,2,medium,house,hip,False,27,17,0,2
5639,27.4167,17.4167,0.492,0.1433,0.1433,0.64,2,medium,house,gable,False,27,17,2,2
5640,27.75,17.4167,0.476,0.1433,0.1433,0.64,2,medium,house,gable,False,27,17,4,2
5641,27.9167,17.4167,0.468,0.1433,0.1433,1.28,4,medium,house,gable,False,27,17,5,2
5642,27.0833,17.5833,0.51,0.1433,0.1433,0.64,2,medium,house,gable,False,27,17,0,3
5643,27.5833,17.5833,0.485,0.1433,0.1433,0.96,3,medium,house,gable,False,27,17,3,3
5644,27.75,17.5833,0.477,0.1433,0.1433,1.28,4,medium,house,gable,False,27,17,4,3
5645,27.9167,17.5833,0.469,0.1433,0.1433,0.96,3,medium,house,gable,False,27,17,5,3
5646,27.0833,17.75,0.51,0.1433,0.1433,0.96,3,medium,house,gable,False,27,17,0,4
5647,27.25,17.75,0.502,0.1433,0.1433,0.64,2,medium,house,gable,False,27,17,1,4
5648,27.4167,17.75,0.494,0.1433,0.1433,0.64,2,medium,house,gable,False,27,17,2,4
5649,27.75,17.75,0.478,0.1433,0.1433,0.96,3,medium,house,gable,False,27,17,4,4
5650,27.9167,17.75,0.47,0.1433,0.1433,0.64,2,medium,house,hip,False,27,17,5,4
5651,27.0833,17.9167,0.511,0.1433,0.1433,0.64,2,medium,house,gable,False,27,17,0,5
5652,27.25,17.9167,0.503,0.1433,0.1433,0.64,2,medium,house,gable,False,27,17,1,5
5653,1.4167,18.4167,0.433,0.1433,0.1433,0.96,3,low,house,gable,False,1,18,2,2
5654,1.25,18.5833,0.408,0.1433,0.1433,0.64,2,low,house,gable,False,1,18,1,3
5655,1.4167,18.5833,0.434,0.1433,0.1433,0.32,1,low,house,gable,False,1,18,2,3
5656,1.5833,18.5833,0.459,0.1433,0.1433,0.96,3,low,house,hip,False,1,18,3,3
5657,2.25,18.0833,0.563,0.1433,0.1433,0.96,3,low,house,gable,False,2,18,1,0
5658,2.4167,18.0833,0.589,0.1433,0.1433,0.64,2,low,house,gable,False,2,18,2,0
5659,2.0833,18.25,0.536,0.1433,0.1433,0.32,1,low,house,gable,False,2,18,0,1
5660,2.25,18.25,0.563,0.1433,0.1433,0.64,2,low,house,gable,False,2,18,1,1
5661,2.4167,18.25,0.589,0.1433,0.1433,0.32,1,low,house,hip,False,2,18,2,1
5662,2.5833,18.25,0.616,0.1433,0.1433,0.96,3,low,house,gable,False,2,18,3,1
5663,2.0833,18.4167,0.537,0.1433,0.1433,0.32,1,low,house,hip,False,2,18,0,2
5664,2.25,18.4167,0.563,0.1433,0.1433,0.64,2,low,house,hip,False,2,18,1,2
5665,2.4167,18.75,0.589,0.1433,0.1433,0.32,1,low,house,gable,False,2,18,2,4
5666,2.5833,18.75,0.616,0.1433,0.1433,0.96,3,low,house,gable,False,2,18,3,4
5667,2.4167,18.9167,0.589,0.1433,0.1433,0.96,3,low,house,gable,False,2,18,2,5
5668,2.5833,18.9167,0.615,0.1433,0.1433,0.64,2,low,house,gable,False,2,18,3,5
5669,3.4167,18.0833,0.751,0.1433,0.1433,0.32,1,low,house,hip,False,3,18,2,0
5670,3.25,18.25,0.723,0.1433,0.1433,0.64,2,low,house,gable,False,3,18,1,1
5671,3.4167,18.25,0.75,0.1433,0.1433,0.96,3,low,house,hip,False,3,18,2,1
5672,3.0833,18.4167,0.696,0.1433,0.1433,0.32,1,low,house,gable,False,3,18,0,2
5673,3.25,18.4167,0.722,0.1433,0.1433,0.64,2,low,house,gable,False,3,18,1,2
5674,3.4167,18.4167,0.749,0.1433,0.1433,0.64,2,low,house,gable,False,3,18,2,2
5675,3.0833,18.5833,0.695,0.1433,0.1433,0.32,1,low,house,gable,False,3,18,0,3
5676,3.25,18.5833,0.721,0.1433,0.1433,0.64,2,low,house,gable,False,3,18,1,3
5677,3.25,18.75,0.72,0.1433,0.1433,0.64,2,low,house,hip,False,3,18,1,4
5678,4.75,18.25,0.959,0.1433,0.1433,0.96,3,low,house,gable,False,4,18,4,1
5679,4.75,18.4167,0.957,0.1433,0.1433,0.64,2,low,house,gable,False,4,18,4,2
5680,4.9167,18.4167,0.982,0.1433,0.1433,0.96,3,low,house,hip,False,4,18,5,2
5681,4.75,18.5833,0.954,0.1433,0.1433,0.64,2,low,house,gable,False,4,18,4,3
5682,4.9167,18.5833,0.979,0.1433,0.1433,0.96,3,low,house,gable,False,4,18,5,3
5683,4.75,18.75,0.951,0.1433,0.1433,0.64,2,low,house,gable,False,4,18,4,4
5684,5.0833,18.0833,1.013,0.1433,0.1433,0.64,2,medium,house,hip,False,5,18,0,0
5685,5.5833,18.0833,1.087,0.1433,0.1433,1.28,4,medium,house,gable,False,5,18,3,0
5686,5.75,18.0833,1.112,0.1433,0.1433,0.96,3,medium,house,gable,False,5,18,4,0
5687,5.0833,18.25,1.01,0.1433,0.1433,0.96,3,medium,house,gable,False,5,18,0,1
5688,5.25,18.25,1.035,0.1433,0.1433,0.96,3,medium,house,gable,False,5,18,1,1
5689,5.5833,18.25,1.084,0.1433,0.1433,0.64,2,medium,house,gable,False,5,18,3,1
5690,5.9167,18.25,1.131,0.1433,0.1433,0.96,3,medium,house,gable,False,5,18,5,1
5691,5.0833,18.4167,1.007,0.1433,0.1433,0.64,2,medium,house,gable,False,5,18,0,2
5692,5.75,18.4167,1.104,0.1433,0.1433,0.64,2,medium,house,hip,False,5,18,4,2
5693,5.0833,18.5833,1.003,0.1433,0.1433,1.28,4,medium,house,gable,False,5,18,0,3
5694,5.5833,18.5833,1.076,0.1433,0.1433,0.96,3,medium,house,hip,False,5,18,3,3
5695,5.75,18.5833,1.099,0.1433,0.1433,1.28,4,medium,house,hip,False,5,18,4,3
5696,5.9167,18.5833,1.123,0.1433,0.1433,1.28,4,medium,house,gable,False,5,18,5,3
5697,5.0833,18.75,1.0,0.1433,0.1433,1.28,4,medium,house,gable,False,5,18,0,4
5698,5.4167,18.75,1.048,0.1433,0.1433,0.96,3,medium,house,hip,False,5,18,2,4
5699,5.5833,18.75,1.072,0.1433,0.1433,1.28,4,medium,house,gable,False,5,18,3,4
5700,5.9167,18.75,1.118,0.1433,0.1433,0.64,2,medium,house,gable,False,5,18,5,4
5701,5.4167,18.9167,1.044,0.1433,0.1433,0.64,2,medium,house,gable,False,5,18,2,5
5702,5.75,18.9167,1.09,0.1433,0.1433,0.64,2,medium,house,gable,False,5,18,4,5
5703,5.9167,18.9167,1.113,0.1433,0.1433,0.64,2,medium,house,hip,False,5,18,5,5
5704,6.0833,18.0833,1.159,0.1433,0.1433,0.96,3,high,house,gable,False,6,18,0,0
5705,6.25,18.0833,1.182,0.1433,0.1433,0.96,3,high,house,hip,False,6,18,1,0
5706,6.0833,18.25,1.155,0.1433,0.1433,1.28,4,high,house,gable,False,6,18,0,1
5707,6.25,18.25,1.177,0.1433,0.1433,1.92,6,high,house,hip,False,6,18,1,1
5708,6.4167,18.25,1.2,0.1433,0.1433,1.92,6,high,house,gable,False,6,18,2,1
5709,6.5833,18.25,1.222,0.1433,0.1433,1.6,5,high,house,hip,False,6,18,3,1
5710,6.0833,18.4167,1.15,0.1433,0.1433,0.96,3,high,house,gable,False,6,18,0,2
5711,6.4167,18.4167,1.195,0.1433,0.1433,1.92,6,high,house,gable,False,6,18,2,2
5712,6.5833,18.4167,1.217,0.1433,0.1433,2.24,7,high,house,hip,False,6,18,3,2
5713,6.9167,18.4167,1.259,0.1433,0.1433,0.96,3,high,house,gable,False,6,18,5,2
5714,6.0833,18.5833,1.145,0.1433,0.1433,1.28,4,high,house,hip,False,6,18,0,3
5715,6.4167,18.5833,1.19,0.1433,0.1433,2.24,7,high,house,gable,False,6,18,2,3
5716,6.9167,18.5833,1.253,0.1433,0.1433,0.96,3,high,house,gable,False,6,18,5,3
5717,6.0833,18.75,1.141,0.1433,0.1433,1.92,6,high,house,gable,False,6,18,0,4
5718,6.4167,18.75,1.184,0.1433,0.1433,1.6,5,high,house,hip,False,6,18,2,4
5719,6.75,18.75,1.227,0.1433,0.1433,1.28,4,high,house,gable,False,6,18,4,4
5720,6.9167,18.75,1.247,0.1433,0.1433,1.6,5,high,house,gable,False,6,18,5,4
5721,6.0833,18.9167,1.136,0.1433,0.1433,1.28,4,high,house,hip,False,6,18,0,5
5722,6.25,18.9167,1.157,0.1433,0.1433,0.96,3,high,house,gable,False,6,18,1,5
5723,6.4167,18.9167,1.179,0.1433,0.1433,1.6,5,high,house,gable,False,6,18,2,5
5724,6.5833,18.9167,1.2,0.1433,0.1433,1.92,6,high,house,gable,False,6,18,3,5
5725,6.9167,18.9167,1.241,0.1433,0.1433,0.96,3,high,house,gable,False,6,18,5,5
5726,7.0833,18.0833,1.291,0.1433,0.1433,1.92,6,high,house,gable,False,7,18,0,0
5727,7.25,18.0833,1.311,0.1433,0.1433,1.92,6,high,house,gable,False,7,18,1,0
5728,7.5833,18.0833,1.35,0.1433,0.1433,0.96,3,high,house,hip,False,7,18,3,0
5729,7.75,18.0833,1.369,0.1433,0.1433,1.92,6,high,house,gable,False,7,18,4,0
5730,7.9167,18.0833,1.387,0.1433,0.1433,0.96,3,high,house,gable,False,7,18,5,0
5731,7.0833,18.25,1.285,0.1433,0.1433,1.92,6,high,house,gable,False,7,18,0,1
5732,7.25,18.25,1.305,0.1433,0.1433,1.6,5,high,house,gable,False,7,18,1,1
5733,7.5833,18.25,1.344,0.1433,0.1433,1.92,6,high,house,gable,False,7,18,3,1
5734,7.75,18.25,1.363,0.1433,0.1433,1.28,4,high,house,gable,False,7,18,4,1
5735,7.25,18.4167,1.299,0.1433,0.1433,0.96,3,high,house,gable,False,7,18,1,2
5736,7.4167,18.4167,1.319,0.1433,0.1433,1.28,4,high,house,gable,False,7,18,2,2
5737,7.75,18.4167,1.356,0.1433,0.1433,1.92,6,high,house,gable,False,7,18,4,2
5738,7.9167,18.4167,1.374,0.1433,0.1433,0.96,3,high,house,gable,False,7,18,5,2
5739,7.0833,18.5833,1.273,0.1433,0.1433,0.96,3,high,house,gable,False,7,18,0,3
5740,7.25,18.5833,1.293,0.1433,0.1433,1.92,6,high,house,gable,False,7,18,1,3
5741,7.75,18.5833,1.349,0.1433,0.1433,1.92,6,high,house,hip,False,7,18,4,3
5742,7.9167,18.5833,1.367,0.1433,0.1433,0.96,3,high,house,gable,False,7,18,5,3
5743,7.0833,18.75,1.267,0.1433,0.1433,1.28,4,high,house,gable,False,7,18,0,4
5744,7.25,18.75,1.287,0.1433,0.1433,1.6,5,high,house,gable,False,7,18,1,4
5745,7.4167,18.75,1.306,0.1433,0.1433,0.96,3,high,house,hip,False,7,18,2,4
5746,7.9167,18.75,1.359,0.1433,0.1433,1.6,5,high,house,gable,False,7,18,5,4
5747,7.0833,18.9167,1.261,0.1433,0.1433,1.6,5,high,house,gable,False,7,18,0,5
5748,7.25,18.9167,1.28,0.1433,0.1433,0.96,3,high,house,hip,False,7,18,1,5
5749,7.5833,18.9167,1.317,0.1433,0.1433,1.92,6,high,house,gable,False,7,18,3,5
5750,7.75,18.9167,1.334,0.1433,0.1433,1.92,6,high,house,gable,False,7,18,4,5
5751,7.9167,18.9167,1.351,0.1433,0.1433,0.96,3,high,house,gable,False,7,18,5,5
5752,8.25,18.0833,1.422,0.1433,0.1433,1.6,5,high,house,hip,False,8,18,1,0
5753,8.4167,18.0833,1.439,0.1433,0.1433,1.6,5,high,house,gable,False,8,18,2,0
5754,8.5833,18.0833,1.454,0.1433,0.1433,1.6,5,high,house,hip,False,8,18,3,0
5755,8.75,18.0833,1.469,0.1433,0.1433,1.6,5,high,house,hip,False,8,18,4,0
5756,8.0833,18.25,1.398,0.1433,0.1433,1.92,6,high,house,gable,False,8,18,0,1
5757,8.25,18.25,1.415,0.1433,0.1433,0.96,3,high,house,gable,False,8,18,1,1
5758,8.4167,18.25,1.431,0.1433,0.1433,1.6,5,high,house,gable,False,8,18,2,1
5759,8.5833,18.25,1.447,0.1433,0.1433,1.28,4,high,house,gable,False,8,18,3,1
5760,8.75,18.25,1.462,0.1433,0.1433,1.92,6,high,house,hip,False,8,18,4,1
5761,8.9167,18.25,1.476,0.1433,0.1433,0.96,3,high,house,gable,False,8,18,5,1
5762,8.25,18.4167,1.408,0.1433,0.1433,0.96,3,high,house,hip,False,8,18,1,2
5763,8.9167,18.4167,1.468,0.1433,0.1433,1.92,6,high,house,gable,False,8,18,5,2
5764,8.0833,18.5833,1.384,0.1433,0.1433,1.6,5,high,house,gable,False,8,18,0,3
5765,8.25,18.5833,1.4,0.1433,0.1433,0.96,3,high,house,gable,False,8,18,1,3
5766,8.5833,18.5833,1.431,0.1433,0.1433,1.92,6,high,house,gable,False,8,18,3,3
5767,8.75,18.5833,1.445,0.1433,0.1433,1.28,4,high,house,hip,False,8,18,4,3
5768,8.9167,18.5833,1.459,0.1433,0.1433,1.28,4,high,house,gable,False,8,18,5,3
5769,9.0833,18.0833,1.498,0.1433,0.1433,1.6,5,high,house,hip,False,9,18,0,0
5770,9.25,18.0833,1.511,0.1433,0.1433,1.92,6,high,house,gable,False,9,18,1,0
5771,9.4167,18.0833,1.524,0.1433,0.1433,0.96,3,high,house,gable,False,9,18,2,0
5772,9.5833,18.0833,1.535,0.1433,0.1433,1.6,5,high,house,gable,False,9,18,3,0
5773,9.75,18.0833,1.546,0.1433,0.1433,1.92,6,high,house,gable,False,9,18,4,0
5774,9.9167,18.0833,1.557,0.1433,0.1433,1.92,6,high,house,gable,False,9,18,5,0
5775,9.0833,18.25,1.49,0.1433,0.1433,1.92,6,high,house,gable,False,9,18,0,1
5776,9.4167,18.25,1.515,0.1433,0.1433,1.6,5,high,house,gable,False,9,18,2,1
5777,9.75,18.25,1.538,0.1433,0.1433,1.6,5,high,house,gable,False,9,18,4,1
5778,9.9167,18.25,1.548,0.1433,0.1433,1.92,6,high,house,gable,False,9,18,5,1
5779,9.0833,18.4167,1.481,0.1433,0.1433,0.96,3,high,house,gable,False,9,18,0,2
5780,9.25,18.4167,1.494,0.1433,0.1433,1.6,5,high,house,gable,False,9,18,1,2
5781,9.4167,18.4167,1.506,0.1433,0.1433,2.24,7,high,house,gable,False,9,18,2,2
5782,9.5833,18.4167,1.518,0.1433,0.1433,1.6,5,high,house,gable,False,9,18,3,2
5783,9.9167,18.4167,1.539,0.1433,0.1433,1.92,6,high,house,gable,False,9,18,5,2
5784,9.5833,18.5833,1.508,0.1433,0.1433,2.24,7,high,house,gable,False,9,18,3,3
5785,9.0833,18.75,1.464,0.1433,0.1433,1.28,4,high,house,hip,False,9,18,0,4
5786,9.25,18.75,1.476,0.1433,0.1433,1.92,6,high,house,gable,False,9,18,1,4
5787,9.5833,18.75,1.499,0.1433,0.1433,1.28,4,high,house,gable,False,9,18,3,4
5788,9.0833,18.9167,1.454,0.1433,0.1433,1.6,5,high,house,gable,False,9,18,0,5
5789,9.25,18.9167,1.467,0.1433,0.1433,1.92,6,high,house,hip,False,9,18,1,5
5790,9.4167,18.9167,1.478,0.1433,0.1433,0.96,3,high,house,hip,False,9,18,2,5
5791,9.5833,18.9167,1.489,0.1433,0.1433,1.28,4,high,house,gable,False,9,18,3,5
5792,9.75,18.9167,1.499,0.1433,0.1433,1.92,6,high,house,gable,False,9,18,4,5
5793,10.4167,18.0833,1.584,0.1433,0.1433,1.28,4,high,house,hip,False,10,18,2,0
5794,10.5833,18.0833,1.591,0.1433,0.1433,1.6,5,high,house,gable,False,10,18,3,0
5795,10.75,18.0833,1.598,0.1433,0.1433,1.6,5,high,house,gable,False,10,18,4,0
5796,10.0833,18.4167,1.548,0.1433,0.1433,1.92,6,high,house,hip,False,10,18,0,2
5797,10.25,18.4167,1.556,0.1433,0.1433,1.6,5,high,house,gable,False,10,18,1,2
5798,10.4167,18.4167,1.564,0.1433,0.1433,1.92,6,high,house,gable,False,10,18,2,2
5799,10.5833,18.4167,1.572,0.1433,0.1433,1.28,4,high,house,gable,False,10,18,3,2
5800,10.75,18.4167,1.578,0.1433,0.1433,1.92,6,high,house,hip,False,10,18,4,2
5801,10.9167,18.4167,1.584,0.1433,0.1433,0.96,3,high,house,gable,False,10,18,5,2
5802,10.0833,18.5833,1.538,0.1433,0.1433,1.92,6,high,house,gable,False,10,18,0,3
5803,10.25,18.5833,1.546,0.1433,0.1433,1.6,5,high,house,hip,False,10,18,1,3
5804,10.75,18.5833,1.568,0.1433,0.1433,1.92,6,high,house,gable,False,10,18,4,3
5805,10.9167,18.5833,1.573,0.1433,0.1433,0.96,3,high,house,gable,False,10,18,5,3
5806,10.0833,18.75,1.528,0.1433,0.1433,1.6,5,high,house,hip,False,10,18,0,4
5807,10.5833,18.75,1.55,0.1433,0.1433,1.6,5,high,house,gable,False,10,18,3,4
5808,10.9167,18.75,1.562,0.1433,0.1433,1.28,4,high,house,gable,False,10,18,5,4
5809,10.0833,18.9167,1.517,0.1433,0.1433,1.28,4,high,house,gable,False,10,18,0,5
5810,10.25,18.9167,1.525,0.1433,0.1433,1.92,6,high,house,gable,False,10,18,1,5
5811,10.4167,18.9167,1.533,0.1433,0.1433,0.96,3,high,house,hip,False,10,18,2,5
5812,10.5833,18.9167,1.539,0.1433,0.1433,1.6,5,high,house,gable,False,10,18,3,5
5813,11.25,18.0833,1.614,0.1433,0.1433,1.28,4,high,house,gable,False,11,18,1,0
5814,11.4167,18.0833,1.618,0.1433,0.1433,1.92,6,high,house,hip,False,11,18,2,0
5815,11.5833,18.0833,1.621,0.1433,0.1433,1.28,4,high,house,gable,False,11,18,3,0
5816,11.75,18.0833,1.623,0.1433,0.1433,1.28,4,high,house,gable,False,11,18,4,0
5817,11.9167,18.0833,1.625,0.1433,0.1433,1.28,4,high,house,gable,False,11,18,5,0
5818,11.0833,18.25,1.599,0.1433,0.1433,1.92,6,high,house,gable,False,11,18,0,1
5819,11.25,18.25,1.604,0.1433,0.1433,0.96,3,high,house,hip,False,11,18,1,1
5820,11.4167,18.25,1.607,0.1433,0.1433,1.28,4,high,house,gable,False,11,18,2,1
5821,11.75,18.25,1.613,0.1433,0.1433,1.92,6,high,house,hip,False,11,18,4,1
5822,11.9167,18.25,1.614,0.1433,0.1433,0.96,3,high,house,gable,False,11,18,5,1
5823,11.4167,18.4167,1.597,0.1433,0.1433,1.6,5,high,house,hip,False,11,18,2,2
5824,11.75,18.4167,1.602,0.1433,0.1433,1.28,4,high,house,gable,False,11,18,4,2
5825,11.25,18.5833,1.582,0.1433,0.1433,1.92,6,high,house,gable,False,11,18,1,3
5826,11.4167,18.5833,1.586,0.1433,0.1433,2.24,7,high,house,gable,False,11,18,2,3
5827,11.5833,18.5833,1.588,0.1433,0.1433,1.92,6,high,house,gable,False,11,18,3,3
5828,11.75,18.5833,1.59,0.1433,0.1433,1.28,4,high,house,gable,False,11,18,4,3
5829,11.9167,18.5833,1.591,0.1433,0.1433,0.96,3,high,house,hip,False,11,18,5,3
5830,11.25,18.9167,1.559,0.1433,0.1433,0.96,3,high,house,gable,False,11,18,1,5
5831,11.4167,18.9167,1.562,0.1433,0.1433,1.28,4,high,house,gable,False,11,18,2,5
5832,11.5833,18.9167,1.565,0.1433,0.1433,1.92,6,high,house,gable,False,11,18,3,5
5833,11.75,18.9167,1.566,0.1433,0.1433,1.28,4,high,house,gable,False,11,18,4,5
5834,11.9167,18.9167,1.567,0.1433,0.1433,1.92,6,high,house,hip,False,11,18,5,5
5835,12.0833,18.0833,1.626,0.1433,0.1433,1.28,4,high,house,gable,False,12,18,0,0
5836,12.25,18.0833,1.626,0.1433,0.1433,0.96,3,high,house,hip,False,12,18,1,0
5837,12.4167,18.0833,1.625,0.1433,0.1433,0.96,3,high,house,gable,False,12,18,2,0
5838,12.5833,18.0833,1.624,0.1433,0.1433,1.6,5,high,house,gable,False,12,18,3,0
5839,12.75,18.0833,1.622,0.1433,0.1433,1.6,5,high,house,gable,False,12,18,4,0
5840,12.9167,18.0833,1.619,0.1433,0.1433,0.96,3,high,house,gable,False,12,18,5,0
5841,12.0833,18.25,1.615,0.1433,0.1433,0.96,3,high,house,gable,False,12,18,0,1
5842,12.9167,18.25,1.608,0.1433,0.1433,1.28,4,high,house,hip,False,12,18,5,1
5843,12.0833,18.4167,1.604,0.1433,0.1433,0.96,3,high,house,gable,False,12,18,0,2
5844,12.4167,18.4167,1.603,0.1433,0.1433,1.6,5,high,house,gable,False,12,18,2,2
5845,12.9167,18.4167,1.596,0.1433,0.1433,1.28,4,high,house,hip,False,12,18,5,2
5846,12.0833,18.5833,1.592,0.1433,0.1433,0.96,3,high,house,gable,False,12,18,0,3
5847,12.25,18.5833,1.592,0.1433,0.1433,1.6,5,high,house,hip,False,12,18,1,3
5848,12.4167,18.5833,1.591,0.1433,0.1433,1.92,6,high,house,gable,False,12,18,2,3
5849,12.5833,18.5833,1.589,0.1433,0.1433,2.24,7,high,house,gable,False,12,18,3,3
5850,12.75,18.5833,1.587,0.1433,0.1433,1.28,4,high,house,hip,False,12,18,4,3
5851,12.9167,18.5833,1.584,0.1433,0.1433,0.96,3,high,house,gable,False,12,18,5,3
5852,13.0833,18.4167,1.593,0.1433,0.1433,1.28,4,high,house,gable,False,13,18,0,2
5853,13.25,18.4167,1.588,0.1433,0.1433,1.92,6,high,house,gable,False,13,18,1,2
5854,13.4167,18.4167,1.583,0.1433,0.1433,1.6,5,high,house,gable,False,13,18,2,2
5855,13.5833,18.4167,1.578,0.1433,0.1433,1.28,4,high,house,hip,False,13,18,3,2
5856,13.75,18.4167,1.572,0.1433,0.1433,0.96,3,high,house,gable,False,13,18,4,2
5857,13.0833,18.5833,1.58,0.1433,0.1433,0.96,3,high,house,gable,False,13,18,0,3
5858,13.5833,18.5833,1.566,0.1433,0.1433,2.24,7,high,house,hip,False,13,18,3,3
5859,13.0833,18.75,1.568,0.1433,0.1433,1.28,4,high,house,gable,False,13,18,0,4
5860,13.4167,18.75,1.558,0.1433,0.1433,0.96,3,high,house,gable,False,13,18,2,4
5861,13.75,18.75,1.547,0.1433,0.1433,1.92,6,high,house,gable,False,13,18,4,4
5862,13.9167,18.75,1.54,0.1433,0.1433,1.28,4,high,house,gable,False,13,18,5,4
5863,13.0833,18.9167,1.555,0.1433,0.1433,1.92,6,high,house,gable,False,13,18,0,5
5864,13.25,18.9167,1.551,0.1433,0.1433,1.92,6,high,house,gable,False,13,18,1,5
5865,13.4167,18.9167,1.545,0.1433,0.1433,1.6,5,high,house,gable,False,13,18,2,5
5866,13.5833,18.9167,1.54,0.1433,0.1433,0.96,3,high,house,gable,False,13,18,3,5
5867,13.75,18.9167,1.533,0.1433,0.1433,1.28,4,high,house,gable,False,13,18,4,5
5868,13.9167,18.9167,1.526,0.1433,0.1433,1.6,5,high,house,gable,False,13,18,5,5
5869,14.4167,18.0833,1.564,0.1433,0.1433,0.96,3,high,house,hip,False,14,18,2,0
5870,14.5833,18.0833,1.555,0.1433,0.1433,1.6,5,high,house,hip,False,14,18,3,0
5871,14.75,18.0833,1.545,0.1433,0.1433,1.28,4,high,house,hip,False,14,18,4,0
5872,14.9167,18.0833,1.535,0.1433,0.1433,1.92,6,high,house,gable,False,14,18,5,0
5873,14.75,18.25,1.534,0.1433,0.1433,1.28,4,high,house,gable,False,14,18,4,1
5874,14.0833,18.4167,1.557,0.1433,0.1433,1.6,5,high,house,gable,False,14,18,0,2
5875,14.25,18.4167,1.549,0.1433,0.1433,1.6,5,high,house,gable,False,14,18,1,2
5876,14.4167,18.4167,1.541,0.1433,0.1433,2.24,7,high,house,gable,False,14,18,2,2
5877,14.5833,18.4167,1.531,0.1433,0.1433,1.28,4,high,house,hip,False,14,18,3,2
5878,14.9167,18.4167,1.511,0.1433,0.1433,1.28,4,high,house,hip,False,14,18,5,2
5879,14.0833,18.5833,1.545,0.1433,0.1433,1.6,5,high,house,gable,False,14,18,0,3
5880,14.75,18.5833,1.509,0.1433,0.1433,0.96,3,high,house,hip,False,14,18,4,3
5881,14.9167,18.5833,1.499,0.1433,0.1433,1.28,4,high,house,gable,False,14,18,5,3
5882,14.0833,18.75,1.532,0.1433,0.1433,1.28,4,high,house,hip,False,14,18,0,4
5883,14.5833,18.75,1.506,0.1433,0.1433,0.96,3,high,house,gable,False,14,18,3,4
5884,14.75,18.75,1.496,0.1433,0.1433,0.96,3,high,house,gable,False,14,18,4,4
5885,14.0833,18.9167,1.519,0.1433,0.1433,1.6,5,high,house,gable,False,14,18,0,5
5886,14.25,18.9167,1.511,0.1433,0.1433,0.96,3,high,house,gable,False,14,18,1,5
5887,14.4167,18.9167,1.502,0.1433,0.1433,1.6,5,high,house,hip,False,14,18,2,5
5888,14.5833,18.9167,1.493,0.1433,0.1433,1.6,5,high,house,hip,False,14,18,3,5
5889,14.75,18.9167,1.483,0.1433,0.1433,1.92,6,high,house,gable,False,14,18,4,5
5890,14.9167,18.9167,1.473,0.1433,0.1433,0.96,3,high,house,gable,False,14,18,5,5
5891,15.0833,18.0833,1.524,0.1433,0.1433,1.6,5,high,house,gable,False,15,18,0,0
5892,15.25,18.0833,1.513,0.1433,0.1433,0.96,3,high,house,gable,False,15,18,1,0
5893,15.4167,18.0833,1.501,0.1433,0.1433,1.28,4,high,house,gable,False,15,18,2,0
5894,15.5833,18.0833,1.488,0.1433,0.1433,0.96,3,high,house,gable,False,15,18,3,0
5895,15.75,18.0833,1.475,0.1433,0.1433,1.6,5,high,house,gable,False,15,18,4,0
5896,15.9167,18.0833,1.462,0.1433,0.1433,0.96,3,high,house,gable,False,15,18,5,0
5897,15.0833,18.25,1.512,0.1433,0.1433,1.6,5,high,house,gable,False,15,18,0,1
5898,15.4167,18.25,1.489,0.1433,0.1433,1.6,5,high,house,gable,False,15,18,2,1
5899,15.75,18.25,1.464,0.1433,0.1433,1.28,4,high,house,gable,False,15,18,4,1
5900,15.9167,18.25,1.451,0.1433,0.1433,1.92,6,high,house,gable,False,15,18,5,1
5901,15.0833,18.4167,1.5,0.1433,0.1433,0.96,3,high,house,gable,False,15,18,0,2
5902,15.25,18.4167,1.489,0.1433,0.1433,1.6,5,high,house,gable,False,15,18,1,2
5903,15.4167,18.4167,1.477,0.1433,0.1433,2.24,7,high,house,gable,False,15,18,2,2
5904,15.75,18.4167,1.452,0.1433,0.1433,1.6,5,high,house,gable,False,15,18,4,2
5905,15.9167,18.4167,1.439,0.1433,0.1433,1.28,4,high,house,gable,False,15,18,5,2
5906,15.25,18.5833,1.477,0.1433,0.1433,1.28,4,high,house,gable,False,15,18,1,3
5907,15.4167,18.5833,1.465,0.1433,0.1433,1.28,4,high,house,hip,False,15,18,2,3
5908,15.5833,18.5833,1.453,0.1433,0.1433,2.24,7,high,house,gable,False,15,18,3,3
5909,15.75,18.5833,1.44,0.1433,0.1433,0.96,3,high,house,gable,False,15,18,4,3
5910,15.9167,18.5833,1.427,0.1433,0.1433,1.6,5,high,house,gable,False,15,18,5,3
5911,16.0833,18.4167,1.425,0.1433,0.1433,1.6,5,high,house,gable,False,16,18,0,2
5912,16.25,18.4167,1.412,0.1433,0.1433,0.96,3,high,house,gable,False,16,18,1,2
5913,16.4167,18.4167,1.397,0.1433,0.1433,2.24,7,high,house,hip,False,16,18,2,2
5914,16.5833,18.4167,1.382,0.1433,0.1433,2.24,7,high,house,gable,False,16,18,3,2
5915,16.75,18.4167,1.367,0.1433,0.1433,0.96,3,high,house,hip,False,16,18,4,2
5916,16.9167,18.4167,1.352,0.1433,0.1433,1.28,4,high,house,gable,False,16,18,5,2
5917,16.25,18.5833,1.399,0.1433,0.1433,0.96,3,high,house,gable,False,16,18,1,3
5918,16.4167,18.5833,1.385,0.1433,0.1433,2.24,7,high,house,gable,False,16,18,2,3
5919,16.5833,18.5833,1.371,0.1433,0.1433,2.24,7,high,house,gable,False,16,18,3,3
5920,16.9167,18.5833,1.34,0.1433,0.1433,1.6,5,high,house,gable,False,16,18,5,3
5921,16.0833,18.75,1.401,0.1433,0.1433,1.92,6,high,house,gable,False,16,18,0,4
5922,16.25,18.75,1.387,0.1433,0.1433,0.96,3,high,house,hip,False,16,18,1,4
5923,16.9167,18.75,1.328,0.1433,0.1433,1.6,5,high,house,gable,False,16,18,5,4
5924,16.0833,18.9167,1.388,0.1433,0.1433,1.6,5,high,house,hip,False,16,18,0,5
5925,16.25,18.9167,1.374,0.1433,0.1433,1.92,6,high,house,gable,False,16,18,1,5
5926,16.4167,18.9167,1.36,0.1433,0.1433,0.96,3,high,house,gable,False,16,18,2,5
5927,16.5833,18.9167,1.346,0.1433,0.1433,1.28,4,high,house,gable,False,16,18,3,5
5928,16.75,18.9167,1.331,0.1433,0.1433,1.28,4,high,house,gable,False,16,18,4,5
5929,16.9167,18.9167,1.316,0.1433,0.1433,1.92,6,high,house,gable,False,16,18,5,5
5930,17.4167,18.0833,1.326,0.1433,0.1433,1.92,6,high,house,gable,False,17,18,2,0
5931,17.75,18.0833,1.293,0.1433,0.1433,1.28,4,high,house,gable,False,17,18,4,0
5932,17.9167,18.0833,1.276,0.1433,0.1433,1.92,6,high,house,gable,False,17,18,5,0
5933,17.25,18.25,1.332,0.1433,0.1433,1.6,5,high,house,gable,False,17,18,1,1
5934,17.9167,18.25,1.266,0.1433,0.1433,1.92,6,high,house,gable,False,17,18,5,1
5935,17.0833,18.4167,1.337,0.1433,0.1433,1.28,4,high,house,gable,False,17,18,0,2
5936,17.5833,18.4167,1.288,0.1433,0.1433,1.6,5,high,house,gable,False,17,18,3,2
5937,17.75,18.4167,1.272,0.1433,0.1433,0.96,3,high,house,gable,False,17,18,4,2
5938,17.0833,18.5833,1.325,0.1433,0.1433,1.28,4,high,house,hip,False,17,18,0,3
5939,17.25,18.5833,1.309,0.1433,0.1433,1.28,4,high,house,gable,False,17,18,1,3
5940,17.4167,18.5833,1.293,0.1433,0.1433,1.28,4,high,house,gable,False,17,18,2,3
5941,17.75,18.5833,1.261,0.1433,0.1433,1.6,5,high,house,gable,False,17,18,4,3
5942,17.9167,18.5833,1.244,0.1433,0.1433,1.92,6,high,house,hip,False,17,18,5,3
5943,17.0833,18.75,1.313,0.1433,0.1433,0.96,3,high,house,hip,False,17,18,0,4
5944,17.4167,18.75,1.282,0.1433,0.1433,1.92,6,high,house,gable,False,17,18,2,4
5945,17.5833,18.75,1.266,0.1433,0.1433,0.96,3,high,house,gable,False,17,18,3,4
5946,17.75,18.75,1.249,0.1433,0.1433,0.96,3,high,house,gable,False,17,18,4,4
5947,17.9167,18.75,1.233,0.1433,0.1433,1.28,4,high,house,hip,False,17,18,5,4
5948,17.0833,18.9167,1.301,0.1433,0.1433,1.6,5,high,house,hip,False,17,18,0,5
5949,17.25,18.9167,1.285,0.1433,0.1433,0.96,3,high,house,hip,False,17,18,1,5
5950,17.4167,18.9167,1.27,0.1433,0.1433,1.28,4,high,house,hip,False,17,18,2,5
5951,17.75,18.9167,1.238,0.1433,0.1433,1.6,5,high,house,hip,False,17,18,4,5
5952,17.9167,18.9167,1.221,0.1433,0.1433,1.92,6,high,house,gable,False,17,18,5,5
5953,18.0833,18.0833,1.258,0.1433,0.1433,1.92,6,high,house,gable,False,18,18,0,0
5954,18.4167,18.0833,1.224,0.1433,0.1433,1.92,6,high,house,hip,False,18,18,2,0
5955,18.5833,18.0833,1.206,0.1433,0.1433,1.28,4,high,house,gable,False,18,18,3,0
5956,18.75,18.0833,1.189,0.1433,0.1433,0.96,3,high,house,hip,False,18,18,4,0
5957,18.9167,18.0833,1.171,0.1433,0.1433,1.6,5,high,house,gable,False,18,18,5,0
5958,18.0833,18.25,1.249,0.1433,0.1433,1.28,4,high,house,hip,False,18,18,0,1
5959,18.25,18.25,1.231,0.1433,0.1433,1.28,4,high,house,gable,False,18,18,1,1
5960,18.9167,18.25,1.162,0.1433,0.1433,1.92,6,high,house,hip,False,18,18,5,1
5961,18.0833,18.4167,1.238,0.1433,0.1433,1.92,6,high,house,gable,False,18,18,0,2
5962,18.4167,18.4167,1.204,0.1433,0.1433,1.92,6,high,house,gable,False,18,18,2,2
5963,18.5833,18.4167,1.187,0.1433,0.1433,2.24,7,high,house,gable,False,18,18,3,2
5964,18.75,18.4167,1.17,0.1433,0.1433,1.28,4,high,house,gable,False,18,18,4,2
5965,18.9167,18.4167,1.152,0.1433,0.1433,1.92,6,high,house,hip,False,18,18,5,2
5966,18.0833,18.5833,1.227,0.1433,0.1433,0.96,3,high,house,hip,False,18,18,0,3
5967,18.25,18.5833,1.211,0.1433,0.1433,0.96,3,high,house,gable,False,18,18,1,3
5968,18.75,18.5833,1.16,0.1433,0.1433,0.96,3,high,house,gable,False,18,18,4,3
5969,18.9167,18.5833,1.143,0.1433,0.1433,1.28,4,high,house,gable,False,18,18,5,3
5970,18.0833,18.75,1.216,0.1433,0.1433,1.28,4,high,house,gable,False,18,18,0,4
5971,18.25,18.75,1.2,0.1433,0.1433,1.28,4,high,house,gable,False,18,18,1,4
5972,18.75,18.75,1.149,0.1433,0.1433,1.6,5,high,house,gable,False,18,18,4,4
5973,18.9167,18.75,1.132,0.1433,0.1433,0.96,3,high,house,hip,False,18,18,5,4
5974,18.0833,18.9167,1.205,0.1433,0.1433,0.96,3,high,house,hip,False,18,18,0,5
5975,18.25,18.9167,1.189,0.1433,0.1433,1.6,5,high,house,gable,False,18,18,1,5
5976,18.5833,18.9167,1.155,0.1433,0.1433,0.96,3,high,house,gable,False,18,18,3,5
5977,18.75,18.9167,1.139,0.1433,0.1433,0.96,3,high,house,gable,False,18,18,4,5
5978,18.9167,18.9167,1.122,0.1433,0.1433,1.92,6,high,house,gable,False,18,18,5,5
5979,20.0833,18.0833,1.048,0.1433,0.1433,1.92,6,high,house,gable,False,20,18,0,0
5980,20.4167,18.0833,1.013,0.1433,0.1433,1.6,5,high,house,gable,False,20,18,2,0
5981,20.5833,18.0833,0.996,0.1433,0.1433,1.28,4,high,house,hip,False,20,18,3,0
5982,20.0833,18.25,1.04,0.1433,0.1433,1.6,5,high,house,hip,False,20,18,0,1
5983,20.25,18.25,1.023,0.1433,0.1433,1.28,4,high,house,gable,False,20,18,1,1
5984,20.5833,18.25,0.989,0.1433,0.1433,1.28,4,high,house,gable,False,20,18,3,1
5985,20.9167,18.25,0.956,0.1433,0.1433,1.92,6,high,house,hip,False,20,18,5,1
5986,20.25,18.4167,1.015,0.1433,0.1433,1.92,6,high,house,hip,False,20,18,1,2
5987,20.4167,18.4167,0.998,0.1433,0.1433,1.92,6,high,house,hip,False,20,18,2,2
5988,20.5833,18.4167,0.981,0.1433,0.1433,2.24,7,high,house,gable,False,20,18,3,2
5989,20.9167,18.4167,0.949,0.1433,0.1433,0.96,3,high,house,gable,False,20,18,5,2
5990,20.5833,18.5833,0.974,0.1433,0.1433,1.6,5,high,house,gable,False,20,18,3,3
5991,20.75,18.5833,0.957,0.1433,0.1433,1.28,4,high,house,gable,False,20,18,4,3
5992,20.9167,18.5833,0.941,0.1433,0.1433,0.96,3,high,house,gable,False,20,18,5,3
5993,20.4167,18.75,0.982,0.1433,0.1433,0.96,3,high,house,gable,False,20,18,2,4
5994,20.25,18.9167,0.989,0.1433,0.1433,0.96,3,high,house,gable,False,20,18,1,5
5995,21.25,18.0833,0.93,0.1433,0.1433,1.6,5,high,house,gable,False,21,18,1,0
5996,21.4167,18.0833,0.913,0.1433,0.1433,0.96,3,high,house,gable,False,21,18,2,0
5997,21.5833,18.0833,0.897,0.1433,0.1433,1.6,5,high,house,gable,False,21,18,3,0
5998,21.9167,18.0833,0.866,0.1433,0.1433,1.28,4,high,house,hip,False,21,18,5,0
5999,21.0833,18.25,0.939,0.1433,0.1433,0.96,3,high,house,gable,False,21,18,0,1
6000,21.25,18.25,0.923,0.1433,0.1433,1.92,6,high,house,gable,False,21,18,1,1
6001,21.5833,18.25,0.891,0.1433,0.1433,1.6,5,high,house,hip,False,21,18,3,1
6002,21.0833,18.4167,0.932,0.1433,0.1433,1.28,4,high,house,hip,False,21,18,0,2
6003,21.4167,18.4167,0.901,0.1433,0.1433,2.24,7,high,house,gable,False,21,18,2,2
6004,21.5833,18.4167,0.885,0.1433,0.1433,1.28,4,high,house,gable,False,21,18,3,2
6005,21.0833,18.5833,0.925,0.1433,0.1433,1.28,4,high,house,gable,False,21,18,0,3
6006,21.25,18.5833,0.909,0.1433,0.1433,1.6,5,high,house,gable,False,21,18,1,3
6007,21.4167,18.5833,0.894,0.1433,0.1433,1.92,6,high,house,hip,False,21,18,2,3
6008,21.0833,18.75,0.918,0.1433,0.1433,0.96,3,high,house,gable,False,21,18,0,4
6009,21.4167,18.75,0.887,0.1433,0.1433,1.92,6,high,house,gable,False,21,18,2,4
6010,21.5833,18.75,0.872,0.1433,0.1433,1.92,6,high,house,gable,False,21,18,3,4
6011,21.0833,18.9167,0.91,0.1433,0.1433,1.28,4,high,house,hip,False,21,18,0,5
6012,21.25,18.9167,0.895,0.1433,0.1433,1.92,6,high,house,hip,False,21,18,1,5
6013,21.4167,18.9167,0.88,0.1433,0.1433,1.28,4,high,house,gable,False,21,18,2,5
6014,21.5833,18.9167,0.865,0.1433,0.1433,1.6,5,high,house,hip,False,21,18,3,5
6015,22.4167,18.0833,0.821,0.1433,0.1433,1.28,4,high,house,hip,False,22,18,2,0
6016,22.0833,18.4167,0.84,0.1433,0.1433,1.28,4,high,house,gable,False,22,18,0,2
6017,22.25,18.4167,0.825,0.1433,0.1433,1.28,4,high,house,gable,False,22,18,1,2
6018,22.4167,18.4167,0.81,0.1433,0.1433,1.92,6,high,house,gable,False,22,18,2,2
6019,22.5833,18.4167,0.796,0.1433,0.1433,2.24,7,high,house,gable,False,22,18,3,2
6020,22.75,18.4167,0.782,0.1433,0.1433,1.28,4,high,house,gable,False,22,18,4,2
6021,22.9167,18.4167,0.769,0.1433,0.1433,1.28,4,high,house,gable,False,22,18,5,2
6022,22.0833,18.5833,0.834,0.1433,0.1433,1.6,5,high,house,gable,False,22,18,0,3
6023,22.4167,18.5833,0.805,0.1433,0.1433,1.28,4,high,house,gable,False,22,18,2,3
6024,22.75,18.5833,0.778,0.1433,0.1433,1.28,4,high,house,hip,False,22,18,4,3
6025,22.9167,18.5833,0.764,0.1433,0.1433,1.28,4,high,house,gable,False,22,18,5,3
6026,22.0833,18.75,0.828,0.1433,0.1433,1.28,4,high,house,hip,False,22,18,0,4
6027,22.4167,18.75,0.8,0.1433,0.1433,1.92,6,high,house,gable,False,22,18,2,4
6028,22.75,18.75,0.772,0.1433,0.1433,1.28,4,high,house,hip,False,22,18,4,4
6029,22.0833,18.9167,0.821,0.1433,0.1433,1.92,6,high,house,gable,False,22,18,0,5
6030,22.25,18.9167,0.807,0.1433,0.1433,1.92,6,high,house,gable,False,22,18,1,5
6031,22.5833,18.9167,0.78,0.1433,0.1433,0.96,3,high,house,gable,False,22,18,3,5
6032,22.75,18.9167,0.767,0.1433,0.1433,1.6,5,high,house,gable,False,22,18,4,5
6033,22.9167,18.9167,0.754,0.1433,0.1433,0.96,3,high,house,hip,False,22,18,5,5
6034,23.0833,18.0833,0.764,0.1433,0.1433,1.6,5,high,house,gable,False,23,18,0,0
6035,23.25,18.0833,0.75,0.1433,0.1433,1.28,4,high,house,gable,False,23,18,1,0
6036,23.4167,18.0833,0.737,0.1433,0.1433,1.28,4,high,house,hip,False,23,18,2,0
6037,23.75,18.0833,0.712,0.1433,0.1433,1.92,6,high,house,gable,False,23,18,4,0
6038,23.9167,18.0833,0.699,0.1433,0.1433,1.92,6,high,house,gable,False,23,18,5,0
6039,23.0833,18.25,0.76,0.1433,0.1433,0.96,3,high,house,gable,False,23,18,0,1
6040,23.4167,18.25,0.734,0.1433,0.1433,1.92,6,high,house,gable,False,23,18,2,1
6041,23.75,18.25,0.708,0.1433,0.1433,1.28,4,high,house,gable,False,23,18,4,1
6042,23.9167,18.25,0.696,0.1433,0.1433,1.92,6,high,house,hip,False,23,18,5,1
6043,23.0833,18.4167,0.756,0.1433,0.1433,1.28,4,high,house,hip,False,23,18,0,2
6044,23.4167,18.4167,0.73,0.1433,0.1433,2.24,7,high,house,gable,False,23,18,2,2
6045,23.5833,18.4167,0.717,0.11,0.11,3.52,11,high,tower,flat,True,23,18,3,2
6046,23.9167,18.4167,0.693,0.1433,0.1433,0.96,3,high,house,gable,False,23,18,5,2
6047,23.0833,18.5833,0.751,0.1433,0.1433,1.6,5,high,house,gable,False,23,18,0,3
6048,23.4167,18.5833,0.726,0.1433,0.1433,2.24,7,high,house,gable,False,23,18,2,3
6049,23.0833,18.75,0.746,0.1433,0.1433,1.28,4,high,house,hip,False,23,18,0,4
6050,23.4167,18.75,0.722,0.1433,0.1433,1.6,5,high,house,gable,False,23,18,2,4
6051,23.0833,18.9167,0.742,0.1433,0.1433,1.6,5,high,house,gable,False,23,18,0,5
6052,23.25,18.9167,0.729,0.1433,0.1433,1.6,5,high,house,gable,False,23,18,1,5
6053,23.4167,18.9167,0.717,0.1433,0.1433,1.28,4,high,house,gable,False,23,18,2,5
6054,23.5833,18.9167,0.705,0.1433,0.1433,1.6,5,high,house,hip,False,23,18,3,5
6055,25.4167,18.0833,0.6,0.1433,0.1433,1.28,4,high,house,gable,False,25,18,2,0
6056,25.5833,18.0833,0.59,0.1433,0.1433,1.92,6,high,house,gable,False,25,18,3,0
6057,25.75,18.0833,0.581,0.1433,0.1433,1.6,5,high,house,gable,False,25,18,4,0
6058,25.9167,18.0833,0.571,0.1433,0.1433,0.96,3,high,house,hip,False,25,18,5,0
6059,25.4167,18.25,0.599,0.1433,0.1433,1.6,5,high,house,gable,False,25,18,2,1
6060,25.9167,18.25,0.571,0.1433,0.1433,0.96,3,high,house,gable,False,25,18,5,1
6061,25.4167,18.4167,0.598,0.1433,0.1433,1.6,5,high,house,gable,False,25,18,2,2
6062,25.75,18.4167,0.579,0.1433,0.1433,0.96,3,high,house,gable,False,25,18,4,2
6063,25.9167,18.4167,0.57,0.1433,0.1433,1.28,4,high,house,gable,False,25,18,5,2
6064,25.4167,18.5833,0.596,0.1433,0.1433,1.6,5,high,house,gable,False,25,18,2,3
6065,25.75,18.5833,0.578,0.1433,0.1433,1.92,6,high,house,gable,False,25,18,4,3
6066,25.9167,18.5833,0.569,0.1433,0.1433,1.6,5,high,house,gable,False,25,18,5,3
6067,25.4167,18.75,0.595,0.1433,0.1433,1.92,6,high,house,gable,False,25,18,2,4
6068,25.9167,18.75,0.568,0.1433,0.1433,1.6,5,high,house,gable,False,25,18,5,4
6069,25.25,18.9167,0.602,0.1433,0.1433,1.28,4,high,house,gable,False,25,18,1,5
6070,25.5833,18.9167,0.584,0.1433,0.1433,1.92,6,high,house,gable,False,25,18,3,5
6071,25.75,18.9167,0.576,0.1433,0.1433,1.28,4,high,house,gable,False,25,18,4,5
6072,25.9167,18.9167,0.568,0.1433,0.1433,1.28,4,high,house,hip,False,25,18,5,5
6073,26.0833,18.0833,0.562,0.1433,0.1433,1.6,5,high,house,gable,False,26,18,0,0
6074,26.25,18.0833,0.553,0.1433,0.1433,0.96,3,high,house,gable,False,26,18,1,0
6075,26.4167,18.0833,0.545,0.1433,0.1433,1.6,5,high,house,hip,False,26,18,2,0
6076,26.5833,18.0833,0.536,0.1433,0.1433,0.96,3,high,house,hip,False,26,18,3,0
6077,26.75,18.0833,0.528,0.1433,0.1433,1.6,5,high,house,gable,False,26,18,4,0
6078,26.9167,18.0833,0.519,0.1433,0.1433,1.28,4,high,house,gable,False,26,18,5,0
6079,26.0833,18.25,0.562,0.1433,0.1433,1.92,6,high,house,gable,False,26,18,0,1
6080,26.4167,18.25,0.545,0.1433,0.1433,0.96,3,high,house,gable,False,26,18,2,1
6081,26.9167,18.25,0.52,0.1433,0.1433,1.6,5,high,house,hip,False,26,18,5,1
6082,26.25,18.4167,0.553,0.1433,0.1433,0.96,3,high,house,gable,False,26,18,1,2
6083,26.4167,18.4167,0.544,0.1433,0.1433,1.92,6,high,house,hip,False,26,18,2,2
6084,26.5833,18.4167,0.536,0.1433,0.1433,1.28,4,high,house,hip,False,26,18,3,2
6085,26.9167,18.4167,0.52,0.1433,0.1433,0.96,3,high,house,gable,False,26,18,5,2
6086,26.25,18.5833,0.552,0.1433,0.1433,1.28,4,high,house,gable,False,26,18,1,3
6087,26.5833,18.5833,0.536,0.1433,0.1433,1.6,5,high,house,gable,False,26,18,3,3
6088,26.9167,18.5833,0.521,0.1433,0.1433,1.92,6,high,house,hip,False,26,18,5,3
6089,26.4167,18.75,0.544,0.1433,0.1433,1.92,6,high,house,hip,False,26,18,2,4
6090,26.75,18.75,0.528,0.1433,0.1433,1.28,4,high,house,hip,False,26,18,4,4
6091,26.25,18.9167,0.551,0.1433,0.1433,1.6,5,high,house,gable,False,26,18,1,5
6092,26.4167,18.9167,0.544,0.1433,0.1433,1.28,4,high,house,gable,False,26,18,2,5
6093,26.5833,18.9167,0.536,0.1433,0.1433,1.28,4,high,house,gable,False,26,18,3,5
6094,26.75,18.9167,0.529,0.1433,0.1433,1.6,5,high,house,gable,False,26,18,4,5
6095,26.9167,18.9167,0.521,0.1433,0.1433,1.28,4,high,house,gable,False,26,18,5,5
6096,27.0833,18.0833,0.511,0.1433,0.1433,1.28,4,medium,house,gable,False,27,18,0,0
6097,27.25,18.0833,0.503,0.1433,0.1433,0.64,2,medium,house,gable,False,27,18,1,0
6098,27.4167,18.0833,0.496,0.1433,0.1433,1.28,4,medium,house,hip,False,27,18,2,0
6099,27.5833,18.0833,0.488,0.1433,0.1433,0.64,2,medium,house,gable,False,27,18,3,0
6100,27.0833,18.25,0.512,0.1433,0.1433,0.64,2,medium,house,hip,False,27,18,0,1
6101,27.4167,18.25,0.496,0.1433,0.1433,0.96,3,medium,house,gable,False,27,18,2,1
6102,27.5833,18.25,0.489,0.1433,0.1433,1.28,4,medium,house,hip,False,27,18,3,1
6103,27.0833,18.4167,0.512,0.1433,0.1433,0.96,3,medium,house,gable,False,27,18,0,2
6104,27.4167,18.4167,0.497,0.1433,0.1433,0.96,3,medium,house,hip,False,27,18,2,2
6105,27.5833,18.4167,0.49,0.1433,0.1433,0.64,2,medium,house,gable,False,27,18,3,2
6106,27.0833,18.5833,0.513,0.1433,0.1433,0.96,3,medium,house,hip,False,27,18,0,3
6107,27.4167,18.5833,0.498,0.1433,0.1433,1.28,4,medium,house,gable,False,27,18,2,3
6108,27.9167,18.5833,0.477,0.1433,0.1433,0.96,3,medium,house,gable,False,27,18,5,3
6109,27.0833,18.75,0.513,0.1433,0.1433,0.96,3,medium,house,hip,False,27,18,0,4
6110,27.4167,18.75,0.499,0.1433,0.1433,0.96,3,medium,house,hip,False,27,18,2,4
6111,27.75,18.75,0.485,0.1433,0.1433,0.64,2,medium,house,gable,False,27,18,4,4
6112,27.9167,18.75,0.478,0.1433,0.1433,0.96,3,medium,house,hip,False,27,18,5,4
6113,27.0833,18.9167,0.514,0.1433,0.1433,0.96,3,medium,house,hip,False,27,18,0,5
6114,27.25,18.9167,0.507,0.1433,0.1433,0.64,2,medium,house,hip,False,27,18,1,5
6115,27.4167,18.9167,0.5,0.1433,0.1433,0.64,2,medium,house,gable,False,27,18,2,5
6116,27.9167,18.9167,0.479,0.1433,0.1433,0.64,2,medium,house,hip,False,27,18,5,5
6117,28.0833,18.25,0.467,0.1433,0.1433,0.32,1,low,house,gable,False,28,18,0,1
6118,28.25,18.25,0.459,0.1433,0.1433,0.64,2,low,house,gable,False,28,18,1,1
6119,28.4167,18.25,0.452,0.1433,0.1433,0.64,2,low,house,hip,False,28,18,2,1
6120,28.75,18.25,0.438,0.1433,0.1433,0.96,3,low,house,gable,False,28,18,4,1
6121,28.25,18.4167,0.461,0.1433,0.1433,0.64,2,low,house,gable,False,28,18,1,2
6122,28.4167,18.4167,0.454,0.1433,0.1433,0.32,1,low,house,gable,False,28,18,2,2
6123,28.5833,18.4167,0.447,0.1433,0.1433,0.64,2,low,house,hip,False,28,18,3,2
6124,28.9167,18.4167,0.433,0.1433,0.1433,0.32,1,low,house,gable,False,28,18,5,2
6125,28.0833,18.5833,0.47,0.1433,0.1433,0.32,1,low,house,gable,False,28,18,0,3
6126,28.25,18.5833,0.463,0.1433,0.1433,0.64,2,low,house,gable,False,28,18,1,3
6127,28.75,18.5833,0.442,0.1433,0.1433,0.32,1,low,house,gable,False,28,18,4,3
6128,28.9167,18.5833,0.435,0.1433,0.1433,0.96,3,low,house,hip,False,28,18,5,3
6129,28.25,18.75,0.464,0.1433,0.1433,0.64,2,low,house,hip,False,28,18,1,4
6130,28.9167,18.75,0.437,0.1433,0.1433,0.64,2,low,house,gable,False,28,18,5,4
6131,0.9167,19.9167,0.371,0.1433,0.1433,0.96,3,low,house,hip,False,0,19,5,5
6132,2.75,19.75,0.638,0.1433,0.1433,0.96,3,low,house,gable,False,2,19,4,4
6133,2.9167,19.75,0.663,0.1433,0.1433,0.64,2,low,house,gable,False,2,19,5,4
6134,2.75,19.9167,0.638,0.1433,0.1433,0.32,1,low,house,gable,False,2,19,4,5
6135,2.9167,19.9167,0.662,0.1433,0.1433,0.64,2,low,house,gable,False,2,19,5,5
6136,3.25,19.4167,0.715,0.1433,0.1433,0.96,3,low,house,gable,False,3,19,1,2
6137,3.0833,19.5833,0.689,0.1433,0.1433,0.96,3,low,house,gable,False,3,19,0,3
6138,3.25,19.5833,0.714,0.1433,0.1433,0.32,1,low,house,gable,False,3,19,1,3
6139,3.4167,19.5833,0.739,0.1433,0.1433,0.64,2,low,house,gable,False,3,19,2,3
6140,3.5833,19.5833,0.764,0.1433,0.1433,0.96,3,low,house,hip,False,3,19,3,3
6141,3.25,19.75,0.713,0.1433,0.1433,0.64,2,low,house,hip,False,3,19,1,4
6142,3.4167,19.75,0.738,0.1433,0.1433,0.64,2,low,house,gable,False,3,19,2,4
6143,5.4167,19.0833,1.04,0.1433,0.1433,0.96,3,low,house,gable,False,5,19,2,0
6144,5.25,19.25,1.012,0.1433,0.1433,0.64,2,low,house,gable,False,5,19,1,1
6145,5.4167,19.25,1.036,0.1433,0.1433,0.64,2,low,house,hip,False,5,19,2,1
6146,5.5833,19.25,1.058,0.1433,0.1433,0.64,2,low,house,gable,False,5,19,3,1
6147,5.0833,19.4167,0.985,0.1433,0.1433,0.64,2,low,house,gable,False,5,19,0,2
6148,5.4167,19.4167,1.031,0.1433,0.1433,0.32,1,low,house,gable,False,5,19,2,2
6149,5.5833,19.4167,1.054,0.1433,0.1433,0.64,2,low,house,gable,False,5,19,3,2
6150,5.25,19.5833,1.004,0.1433,0.1433,0.32,1,low,house,gable,False,5,19,1,3
6151,5.5833,19.5833,1.049,0.1433,0.1433,0.32,1,low,house,gable,False,5,19,3,3
6152,5.4167,19.75,1.022,0.1433,0.1433,0.32,1,low,house,hip,False,5,19,2,4
6153,6.0833,19.25,1.125,0.1433,0.1433,0.32,1,low,house,gable,False,6,19,0,1
6154,6.25,19.25,1.146,0.1433,0.1433,0.96,3,low,house,gable,False,6,19,1,1
6155,6.0833,19.4167,1.12,0.1433,0.1433,0.64,2,low,house,gable,False,6,19,0,2
6156,6.25,19.5833,1.135,0.1433,0.1433,0.64,2,low,house,gable,False,6,19,1,3
6157,6.4167,19.5833,1.155,0.1433,0.1433,0.96,3,low,house,gable,False,6,19,2,3
6158,6.25,19.75,1.129,0.1433,0.1433,0.64,2,low,house,gable,False,6,19,1,4
6159,6.4167,19.75,1.149,0.1433,0.1433,0.64,2,low,house,gable,False,6,19,2,4
6160,6.0833,19.9167,1.102,0.1433,0.1433,0.32,1,low,house,hip,False,6,19,0,5
6161,6.25,19.9167,1.123,0.1433,0.1433,0.64,2,low,house,gable,False,6,19,1,5
6162,6.4167,19.9167,1.143,0.1433,0.1433,0.32,1,low,house,gable,False,6,19,2,5
6163,7.5833,19.0833,1.309,0.1433,0.1433,0.96,3,high,house,hip,False,7,19,3,0
6164,7.75,19.0833,1.327,0.1433,0.1433,1.6,5,high,house,gable,False,7,19,4,0
6165,7.9167,19.0833,1.344,0.1433,0.1433,1.6,5,high,house,gable,False,7,19,5,0
6166,7.4167,19.25,1.284,0.1433,0.1433,1.6,5,high,house,gable,False,7,19,2,1
6167,7.5833,19.25,1.302,0.1433,0.1433,1.28,4,high,house,hip,False,7,19,3,1
6168,7.9167,19.25,1.335,0.1433,0.1433,1.6,5,high,house,gable,False,7,19,5,1
6169,7.4167,19.4167,1.276,0.1433,0.1433,1.92,6,high,house,hip,False,7,19,2,2
6170,7.75,19.4167,1.311,0.1433,0.1433,1.28,4,high,house,gable,False,7,19,4,2
6171,7.9167,19.4167,1.327,0.1433,0.1433,1.28,4,high,house,gable,False,7,19,5,2
6172,7.4167,19.5833,1.269,0.1433,0.1433,1.28,4,high,house,gable,False,7,19,2,3
6173,7.5833,19.5833,1.286,0.1433,0.1433,1.6,5,high,house,hip,False,7,19,3,3
6174,7.9167,19.5833,1.319,0.1433,0.1433,0.96,3,high,house,hip,False,7,19,5,3
6175,7.4167,19.75,1.261,0.1433,0.1433,0.96,3,high,house,gable,False,7,19,2,4
6176,7.75,19.75,1.294,0.1433,0.1433,1.28,4,high,house,gable,False,7,19,4,4
6177,7.9167,19.75,1.31,0.1433,0.1433,1.6,5,high,house,hip,False,7,19,5,4
6178,7.0833,19.9167,1.218,0.1433,0.1433,1.28,4,high,house,gable,False,7,19,0,5
6179,7.4167,19.9167,1.253,0.1433,0.1433,1.28,4,high,house,gable,False,7,19,2,5
6180,7.5833,19.9167,1.269,0.1433,0.1433,0.96,3,high,house,gable,False,7,19,3,5
6181,7.75,19.9167,1.285,0.1433,0.1433,1.92,6,high,house,gable,False,7,19,4,5
6182,7.9167,19.9167,1.301,0.1433,0.1433,1.6,5,high,house,gable,False,7,19,5,5
6183,8.0833,19.0833,1.36,0.1433,0.1433,0.96,3,high,house,hip,False,8,19,0,0
6184,8.25,19.0833,1.376,0.1433,0.1433,0.96,3,high,house,hip,False,8,19,1,0
6185,8.4167,19.0833,1.391,0.1433,0.1433,1.28,4,high,house,hip,False,8,19,2,0
6186,8.9167,19.0833,1.432,0.1433,0.1433,1.28,4,high,house,gable,False,8,19,5,0
6187,8.0833,19.25,1.351,0.1433,0.1433,1.92,6,high,house,gable,False,8,19,0,1
6188,8.4167,19.25,1.382,0.1433,0.1433,1.28,4,high,house,hip,False,8,19,2,1
6189,8.75,19.25,1.41,0.1433,0.1433,0.96,3,high,house,gable,False,8,19,4,1
6190,8.9167,19.25,1.423,0.1433,0.1433,1.28,4,high,house,gable,False,8,19,5,1
6191,8.0833,19.4167,1.343,0.1433,0.1433,0.96,3,high,house,gable,False,8,19,0,2
6192,8.25,19.4167,1.358,0.1433,0.1433,1.92,6,high,house,gable,False,8,19,1,2
6193,8.4167,19.4167,1.373,0.1433,0.1433,1.92,6,high,house,gable,False,8,19,2,2
6194,8.75,19.4167,1.4,0.1433,0.1433,1.28,4,high,house,gable,False,8,19,4,2
6195,8.9167,19.4167,1.413,0.1433,0.1433,0.96,3,high,house,gable,False,8,19,5,2
6196,8.0833,19.5833,1.334,0.1433,0.1433,0.96,3,high,house,hip,False,8,19,0,3
6197,8.4167,19.5833,1.363,0.1433,0.1433,1.28,4,high,house,gable,False,8,19,2,3
6198,8.75,19.5833,1.39,0.1433,0.1433,1.28,4,high,house,hip,False,8,19,4,3
6199,8.9167,19.5833,1.403,0.1433,0.1433,1.6,5,high,house,gable,False,8,19,5,3
6200,8.4167,19.75,1.354,0.1433,0.1433,1.6,5,high,house,gable,False,8,19,2,4
6201,8.9167,19.75,1.392,0.1433,0.1433,1.28,4,high,house,gable,False,8,19,5,4
6202,8.25,19.9167,1.33,0.1433,0.1433,0.96,3,high,house,gable,False,8,19,1,5
6203,8.4167,19.9167,1.344,0.1433,0.1433,0.96,3,high,house,gable,False,8,19,2,5
6204,9.0833,19.0833,1.445,0.1433,0.1433,1.28,4,high,house,gable,False,9,19,0,0
6205,9.25,19.0833,1.457,0.1433,0.1433,0.96,3,high,house,gable,False,9,19,1,0
6206,9.4167,19.0833,1.468,0.1433,0.1433,1.92,6,high,house,gable,False,9,19,2,0
6207,9.5833,19.0833,1.479,0.1433,0.1433,1.92,6,high,house,gable,False,9,19,3,0
6208,9.75,19.0833,1.489,0.1433,0.1433,1.6,5,high,house,gable,False,9,19,4,0
6209,9.0833,19.25,1.435,0.1433,0.1433,1.6,5,high,house,hip,False,9,19,0,1
6210,9.5833,19.25,1.468,0.1433,0.1433,1.92,6,high,house,gable,False,9,19,3,1
6211,9.0833,19.4167,1.425,0.1433,0.1433,0.96,3,high,house,gable,False,9,19,0,2
6212,9.5833,19.4167,1.457,0.1433,0.1433,2.24,7,high,house,gable,False,9,19,3,2
6213,9.75,19.4167,1.467,0.1433,0.1433,0.96,3,high,house,hip,False,9,19,4,2
6214,9.9167,19.4167,1.476,0.1433,0.1433,1.6,5,high,house,hip,False,9,19,5,2
6215,9.0833,19.5833,1.415,0.1433,0.1433,0.96,3,high,house,hip,False,9,19,0,3
6216,9.25,19.5833,1.426,0.1433,0.1433,1.92,6,high,house,gable,False,9,19,1,3
6217,9.5833,19.5833,1.446,0.1433,0.1433,1.6,5,high,house,gable,False,9,19,3,3
6218,9.9167,19.5833,1.464,0.1433,0.1433,1.6,5,high,house,gable,False,9,19,5,3
6219,9.75,19.75,1.444,0.1433,0.1433,1.6,5,high,house,gable,False,9,19,4,4
6220,9.75,19.9167,1.433,0.1433,0.1433,0.96,3,high,house,hip,False,9,19,4,5
6221,9.9167,19.9167,1.441,0.1433,0.1433,1.6,5,high,house,gable,False,9,19,5,5
6222,10.0833,19.0833,1.506,0.1433,0.1433,0.96,3,high,house,gable,False,10,19,0,0
6223,10.25,19.0833,1.514,0.1433,0.1433,0.96,3,high,house,gable,False,10,19,1,0
6224,10.4167,19.0833,1.522,0.1433,0.1433,1.92,6,high,house,gable,False,10,19,2,0
6225,10.75,19.0833,1.534,0.1433,0.1433,1.6,5,high,house,gable,False,10,19,4,0
6226,10.9167,19.0833,1.539,0.1433,0.1433,0.96,3,high,house,gable,False,10,19,5,0
6227,10.0833,19.25,1.495,0.1433,0.1433,0.96,3,high,house,gable,False,10,19,0,1
6228,10.4167,19.25,1.51,0.1433,0.1433,1.92,6,high,house,hip,False,10,19,2,1
6229,10.75,19.25,1.522,0.1433,0.1433,1.28,4,high,house,gable,False,10,19,4,1
6230,10.9167,19.25,1.527,0.1433,0.1433,1.6,5,high,house,gable,False,10,19,5,1
6231,10.0833,19.4167,1.484,0.1433,0.1433,1.92,6,high,house,gable,False,10,19,0,2
6232,10.4167,19.4167,1.498,0.1433,0.1433,2.24,7,high,house,gable,False,10,19,2,2
6233,10.5833,19.4167,1.504,0.1433,0.1433,2.24,7,high,house,gable,False,10,19,3,2
6234,10.75,19.4167,1.51,0.1433,0.1433,1.28,4,high,house,hip,False,10,19,4,2
6235,10.9167,19.4167,1.515,0.1433,0.1433,1.6,5,high,house,gable,False,10,19,5,2
6236,10.0833,19.5833,1.472,0.1433,0.1433,1.6,5,high,house,gable,False,10,19,0,3
6237,10.4167,19.5833,1.486,0.1433,0.1433,1.92,6,high,house,gable,False,10,19,2,3
6238,10.9167,19.5833,1.502,0.1433,0.1433,1.28,4,high,house,gable,False,10,19,5,3
6239,10.5833,19.75,1.48,0.1433,0.1433,1.28,4,high,house,hip,False,10,19,3,4
6240,10.5833,19.9167,1.467,0.1433,0.1433,1.28,4,high,house,gable,False,10,19,3,5
6241,10.75,19.9167,1.472,0.1433,0.1433,1.92,6,high,house,gable,False,10,19,4,5
6242,11.0833,19.0833,1.543,0.1433,0.1433,0.96,3,medium,house,gable,False,11,19,0,0
6243,11.25,19.0833,1.547,0.1433,0.1433,0.64,2,medium,house,gable,False,11,19,1,0
6244,11.75,19.0833,1.554,0.1433,0.1433,0.96,3,medium,house,gable,False,11,19,4,0
6245,11.9167,19.0833,1.555,0.1433,0.1433,1.28,4,medium,house,hip,False,11,19,5,0
6246,11.0833,19.25,1.531,0.1433,0.1433,1.28,4,medium,house,hip,False,11,19,0,1
6247,11.25,19.25,1.535,0.1433,0.1433,1.28,4,medium,house,gable,False,11,19,1,1
6248,11.9167,19.25,1.542,0.1433,0.1433,0.96,3,medium,house,gable,False,11,19,5,1
6249,11.0833,19.4167,1.519,0.1433,0.1433,0.96,3,medium,house,gable,False,11,19,0,2
6250,11.25,19.4167,1.522,0.1433,0.1433,1.28,4,medium,house,gable,False,11,19,1,2
6251,11.4167,19.4167,1.525,0.1433,0.1433,0.96,3,medium,house,gable,False,11,19,2,2
6252,11.75,19.4167,1.528,0.1433,0.1433,0.96,3,medium,house,hip,False,11,19,4,2
6253,11.9167,19.4167,1.528,0.1433,0.1433,0.64,2,medium,house,gable,False,11,19,5,2
6254,11.0833,19.5833,1.506,0.1433,0.1433,1.28,4,medium,house,gable,False,11,19,0,3
6255,11.4167,19.5833,1.512,0.1433,0.1433,1.28,4,medium,house,gable,False,11,19,2,3
6256,11.75,19.5833,1.514,0.1433,0.1433,1.28,4,medium,house,gable,False,11,19,4,3
6257,11.0833,19.75,1.493,0.1433,0.1433,1.28,4,medium,house,gable,False,11,19,0,4
6258,11.25,19.75,1.496,0.1433,0.1433,1.28,4,medium,house,hip,False,11,19,1,4
6259,11.75,19.75,1.501,0.1433,0.1433,0.64,2,medium,house,gable,False,11,19,4,4
6260,11.9167,19.75,1.501,0.1433,0.1433,0.64,2,medium,house,gable,False,11,19,5,4
6261,11.0833,19.9167,1.479,0.1433,0.1433,1.28,4,medium,house,gable,False,11,19,0,5
6262,11.25,19.9167,1.482,0.1433,0.1433,0.96,3,medium,house,gable,False,11,19,1,5
6263,11.4167,19.9167,1.484,0.1433,0.1433,0.64,2,medium,house,gable,False,11,19,2,5
6264,11.9167,19.9167,1.487,0.1433,0.1433,0.96,3,medium,house,gable,False,11,19,5,5
6265,12.25,19.0833,1.554,0.1433,0.1433,1.92,6,high,house,gable,False,12,19,1,0
6266,12.4167,19.0833,1.553,0.1433,0.1433,0.96,3,high,house,gable,False,12,19,2,0
6267,12.5833,19.0833,1.551,0.1433,0.1433,1.6,5,high,house,gable,False,12,19,3,0
6268,12.75,19.0833,1.549,0.1433,0.1433,1.6,5,high,house,gable,False,12,19,4,0
6269,12.4167,19.25,1.54,0.1433,0.1433,1.92,6,high,house,gable,False,12,19,2,1
6270,12.75,19.4167,1.521,0.1433,0.1433,0.96,3,high,house,gable,False,12,19,4,2
6271,12.9167,19.4167,1.518,0.1433,0.1433,1.6,5,high,house,hip,False,12,19,5,2
6272,12.4167,19.5833,1.512,0.1433,0.1433,1.6,5,high,house,gable,False,12,19,2,3
6273,12.5833,19.5833,1.51,0.1433,0.1433,2.24,7,high,house,gable,False,12,19,3,3
6274,12.9167,19.5833,1.504,0.1433,0.1433,1.6,5,high,house,gable,False,12,19,5,3
6275,12.0833,19.75,1.501,0.1433,0.1433,1.6,5,high,house,gable,False,12,19,0,4
6276,12.4167,19.75,1.498,0.1433,0.1433,0.96,3,high,house,gable,False,12,19,2,4
6277,12.5833,19.75,1.496,0.1433,0.1433,1.92,6,high,house,gable,False,12,19,3,4
6278,12.75,19.75,1.493,0.1433,0.1433,1.28,4,high,house,gable,False,12,19,4,4
6279,12.9167,19.75,1.489,0.1433,0.1433,1.92,6,high,house,gable,False,12,19,5,4
6280,12.0833,19.9167,1.486,0.1433,0.1433,0.96,3,high,house,gable,False,12,19,0,5
6281,12.25,19.9167,1.485,0.1433,0.1433,1.92,6,high,house,gable,False,12,19,1,5
6282,12.4167,19.9167,1.483,0.1433,0.1433,1.92,6,high,house,gable,False,12,19,2,5
6283,12.75,19.9167,1.478,0.1433,0.1433,1.28,4,high,house,hip,False,12,19,4,5
6284,12.9167,19.9167,1.474,0.1433,0.1433,0.96,3,high,house,hip,False,12,19,5,5
6285,13.0833,19.0833,1.542,0.1433,0.1433,1.92,6,high,house,gable,False,13,19,0,0
6286,13.25,19.0833,1.537,0.1433,0.1433,0.96,3,high,house,gable,False,13,19,1,0
6287,13.75,19.0833,1.52,0.1433,0.1433,1.28,4,high,house,gable,False,13,19,4,0
6288,13.9167,19.0833,1.513,0.1433,0.1433,1.28,4,high,house,gable,False,13,19,5,0
6289,13.0833,19.25,1.528,0.1433,0.1433,0.96,3,high,house,gable,False,13,19,0,1
6290,13.25,19.25,1.523,0.1433,0.1433,1.28,4,high,house,gable,False,13,19,1,1
6291,13.4167,19.25,1.518,0.1433,0.1433,0.96,3,high,house,gable,False,13,19,2,1
6292,13.75,19.25,1.506,0.1433,0.1433,1.28,4,high,house,gable,False,13,19,4,1
6293,13.9167,19.25,1.499,0.1433,0.1433,1.28,4,high,house,gable,False,13,19,5,1
6294,13.0833,19.4167,1.514,0.1433,0.1433,1.92,6,high,house,gable,False,13,19,0,2
6295,13.4167,19.4167,1.504,0.1433,0.1433,1.28,4,high,house,hip,False,13,19,2,2
6296,13.5833,19.4167,1.498,0.1433,0.1433,2.24,7,high,house,gable,False,13,19,3,2
6297,13.9167,19.4167,1.485,0.1433,0.1433,1.28,4,high,house,gable,False,13,19,5,2
6298,13.0833,19.5833,1.5,0.1433,0.1433,1.28,4,high,house,gable,False,13,19,0,3
6299,13.25,19.5833,1.495,0.1433,0.1433,1.6,5,high,house,gable,False,13,19,1,3
6300,13.4167,19.5833,1.49,0.1433,0.1433,1.6,5,high,house,gable,False,13,19,2,3
6301,13.5833,19.5833,1.484,0.11,0.11,4.48,14,high,tower,flat,True,13,19,3,3
6302,13.0833,19.75,1.485,0.1433,0.1433,0.96,3,high,house,gable,False,13,19,0,4
6303,13.5833,19.75,1.469,0.1433,0.1433,1.28,4,high,house,gable,False,13,19,3,4
6304,13.75,19.75,1.462,0.1433,0.1433,1.92,6,high,house,gable,False,13,19,4,4
6305,13.9167,19.75,1.455,0.1433,0.1433,0.96,3,high,house,hip,False,13,19,5,4
6306,13.0833,19.9167,1.47,0.1433,0.1433,1.92,6,high,house,hip,False,13,19,0,5
6307,13.25,19.9167,1.465,0.1433,0.1433,0.96,3,high,house,gable,False,13,19,1,5
6308,13.4167,19.9167,1.46,0.1433,0.1433,0.96,3,high,house,hip,False,13,19,2,5
6309,13.9167,19.9167,1.44,0.1433,0.1433,0.96,3,high,house,gable,False,13,19,5,5
6310,16.4167,19.0833,1.347,0.1433,0.1433,1.92,6,high,house,gable,False,16,19,2,0
6311,16.5833,19.0833,1.333,0.1433,0.1433,1.28,4,high,house,gable,False,16,19,3,0
6312,16.75,19.0833,1.318,0.1433,0.1433,0.96,3,high,house,hip,False,16,19,4,0
6313,16.0833,19.25,1.361,0.1433,0.1433,1.6,5,high,house,gable,False,16,19,0,1
6314,16.4167,19.25,1.334,0.1433,0.1433,1.6,5,high,house,gable,False,16,19,2,1
6315,16.5833,19.25,1.32,0.1433,0.1433,1.92,6,high,house,gable,False,16,19,3,1
6316,16.9167,19.25,1.29,0.1433,0.1433,0.96,3,high,house,gable,False,16,19,5,1
6317,16.0833,19.4167,1.347,0.1433,0.1433,0.96,3,high,house,hip,False,16,19,0,2
6318,16.5833,19.4167,1.306,0.1433,0.1433,1.28,4,high,house,gable,False,16,19,3,2
6319,16.9167,19.4167,1.277,0.1433,0.1433,1.6,5,high,house,gable,False,16,19,5,2
6320,16.0833,19.5833,1.333,0.1433,0.1433,0.96,3,high,house,gable,False,16,19,0,3
6321,16.25,19.5833,1.32,0.1433,0.1433,0.96,3,high,house,gable,False,16,19,1,3
6322,16.5833,19.5833,1.292,0.1433,0.1433,1.6,5,high,house,gable,False,16,19,3,3
6323,16.9167,19.5833,1.263,0.1433,0.1433,1.28,4,high,house,gable,False,16,19,5,3
6324,16.25,19.75,1.305,0.1433,0.1433,1.92,6,high,house,gable,False,16,19,1,4
6325,16.5833,19.75,1.278,0.1433,0.1433,1.28,4,high,house,gable,False,16,19,3,4
6326,16.9167,19.75,1.249,0.1433,0.1433,1.6,5,high,house,gable,False,16,19,5,4
6327,16.0833,19.9167,1.304,0.1433,0.1433,1.92,6,high,house,gable,False,16,19,0,5
6328,16.25,19.9167,1.29,0.1433,0.1433,1.28,4,high,house,hip,False,16,19,1,5
6329,16.5833,19.9167,1.263,0.1433,0.1433,1.6,5,high,house,hip,False,16,19,3,5
6330,16.75,19.9167,1.249,0.1433,0.1433,1.92,6,high,house,hip,False,16,19,4,5
6331,16.9167,19.9167,1.235,0.1433,0.1433,1.28,4,high,house,hip,False,16,19,5,5
6332,17.0833,19.0833,1.288,0.1433,0.1433,0.96,3,high,house,gable,False,17,19,0,0
6333,17.25,19.0833,1.273,0.1433,0.1433,0.96,3,high,house,hip,False,17,19,1,0
6334,17.4167,19.0833,1.257,0.1433,0.1433,1.28,4,high,house,gable,False,17,19,2,0
6335,17.5833,19.0833,1.242,0.1433,0.1433,1.6,5,high,house,hip,False,17,19,3,0
6336,17.75,19.0833,1.226,0.1433,0.1433,1.92,6,high,house,hip,False,17,19,4,0
6337,17.9167,19.0833,1.21,0.1433,0.1433,0.96,3,high,house,gable,False,17,19,5,0
6338,17.0833,19.25,1.275,0.1433,0.1433,1.92,6,high,house,gable,False,17,19,0,1
6339,17.25,19.25,1.26,0.1433,0.1433,0.96,3,high,house,gable,False,17,19,1,1
6340,17.4167,19.25,1.245,0.1433,0.1433,0.96,3,high,house,hip,False,17,19,2,1
6341,17.5833,19.25,1.229,0.1433,0.1433,0.96,3,high,house,gable,False,17,19,3,1
6342,17.75,19.25,1.213,0.1433,0.1433,1.6,5,high,house,gable,False,17,19,4,1
6343,17.4167,19.4167,1.232,0.1433,0.1433,1.6,5,high,house,gable,False,17,19,2,2
6344,17.4167,19.5833,1.218,0.1433,0.1433,1.28,4,high,house,hip,False,17,19,2,3
6345,17.0833,19.75,1.235,0.1433,0.1433,1.6,5,high,house,gable,False,17,19,0,4
6346,17.25,19.75,1.22,0.1433,0.1433,1.28,4,high,house,gable,False,17,19,1,4
6347,17.75,19.75,1.174,0.1433,0.1433,1.92,6,high,house,gable,False,17,19,4,4
6348,17.9167,19.75,1.159,0.1433,0.1433,1.28,4,high,house,gable,False,17,19,5,4
6349,17.0833,19.9167,1.22,0.1433,0.1433,0.96,3,high,house,hip,False,17,19,0,5
6350,17.25,19.9167,1.206,0.1433,0.1433,1.6,5,high,house,gable,False,17,19,1,5
6351,17.4167,19.9167,1.191,0.1433,0.1433,1.28,4,high,house,hip,False,17,19,2,5
6352,17.5833,19.9167,1.176,0.1433,0.1433,0.96,3,high,house,hip,False,17,19,3,5
6353,17.75,19.9167,1.161,0.1433,0.1433,0.96,3,high,house,gable,False,17,19,4,5
6354,17.9167,19.9167,1.146,0.1433,0.1433,0.96,3,high,house,gable,False,17,19,5,5
6355,18.0833,19.0833,1.193,0.1433,0.1433,1.28,4,high,house,hip,False,18,19,0,0
6356,18.25,19.0833,1.177,0.1433,0.1433,1.92,6,high,house,gable,False,18,19,1,0
6357,18.4167,19.0833,1.161,0.1433,0.1433,1.6,5,high,house,gable,False,18,19,2,0
6358,18.5833,19.0833,1.144,0.1433,0.1433,0.96,3,high,house,gable,False,18,19,3,0
6359,18.25,19.25,1.165,0.1433,0.1433,0.96,3,high,house,hip,False,18,19,1,1
6360,18.5833,19.25,1.133,0.1433,0.1433,0.96,3,high,house,hip,False,18,19,3,1
6361,18.0833,19.4167,1.169,0.1433,0.1433,1.92,6,high,house,gable,False,18,19,0,2
6362,18.25,19.4167,1.153,0.1433,0.1433,1.28,4,high,house,gable,False,18,19,1,2
6363,18.4167,19.4167,1.137,0.1433,0.1433,1.28,4,high,house,hip,False,18,19,2,2
6364,18.5833,19.4167,1.121,0.1433,0.1433,1.92,6,high,house,gable,False,18,19,3,2
6365,18.0833,19.5833,1.156,0.1433,0.1433,1.92,6,high,house,gable,False,18,19,0,3
6366,18.5833,19.5833,1.109,0.1433,0.1433,1.28,4,high,house,hip,False,18,19,3,3
6367,18.0833,19.75,1.143,0.1433,0.1433,1.28,4,high,house,gable,False,18,19,0,4
6368,18.25,19.75,1.128,0.1433,0.1433,1.92,6,high,house,hip,False,18,19,1,4
6369,18.4167,19.75,1.112,0.1433,0.1433,1.92,6,high,house,gable,False,18,19,2,4
6370,18.5833,19.75,1.096,0.1433,0.1433,0.96,3,high,house,gable,False,18,19,3,4
6371,18.0833,19.9167,1.13,0.1433,0.1433,1.6,5,high,house,gable,False,18,19,0,5
6372,18.25,19.9167,1.115,0.1433,0.1433,1.92,6,high,house,gable,False,18,19,1,5
6373,18.4167,19.9167,1.099,0.1433,0.1433,1.92,6,high,house,gable,False,18,19,2,5
6374,18.5833,19.9167,1.084,0.1433,0.1433,1.6,5,high,house,gable,False,18,19,3,5
6375,19.0833,19.0833,1.095,0.1433,0.1433,1.28,4,high,house,gable,False,19,19,0,0
6376,19.25,19.0833,1.078,0.1433,0.1433,1.92,6,high,house,hip,False,19,19,1,0
6377,19.4167,19.0833,1.062,0.1433,0.1433,0.96,3,high,house,hip,False,19,19,2,0
6378,19.5833,19.0833,1.045,0.1433,0.1433,1.92,6,high,house,gable,False,19,19,3,0
6379,19.75,19.0833,1.029,0.1433,0.1433,0.96,3,high,house,hip,False,19,19,4,0
6380,19.0833,19.25,1.084,0.1433,0.1433,1.92,6,high,house,gable,False,19,19,0,1
6381,19.25,19.25,1.067,0.1433,0.1433,1.28,4,high,house,hip,False,19,19,1,1
6382,19.75,19.25,1.019,0.1433,0.1433,1.92,6,high,house,gable,False,19,19,4,1
6383,19.9167,19.25,1.003,0.1433,0.1433,1.92,6,high,house,gable,False,19,19,5,1
6384,19.25,19.4167,1.056,0.1433,0.1433,1.92,6,high,house,gable,False,19,19,1,2
6385,19.4167,19.4167,1.04,0.1433,0.1433,1.28,4,high,house,hip,False,19,19,2,2
6386,19.5833,19.4167,1.024,0.1433,0.1433,1.28,4,high,house,hip,False,19,19,3,2
6387,19.75,19.4167,1.008,0.1433,0.1433,1.6,5,high,house,gable,False,19,19,4,2
6388,19.9167,19.5833,0.982,0.1433,0.1433,1.92,6,high,house,gable,False,19,19,5,3
6389,19.0833,19.75,1.049,0.1433,0.1433,1.28,4,high,house,gable,False,19,19,0,4
6390,19.25,19.75,1.034,0.1433,0.1433,1.28,4,high,house,gable,False,19,19,1,4
6391,19.5833,19.75,1.003,0.1433,0.1433,1.6,5,high,house,hip,False,19,19,3,4
6392,19.75,19.75,0.987,0.1433,0.1433,1.92,6,high,house,hip,False,19,19,4,4
6393,19.9167,19.75,0.972,0.1433,0.1433,1.92,6,high,house,gable,False,19,19,5,4
6394,19.0833,19.9167,1.037,0.1433,0.1433,1.92,6,high,house,gable,False,19,19,0,5
6395,19.25,19.9167,1.022,0.1433,0.1433,1.92,6,high,house,gable,False,19,19,1,5
6396,19.4167,19.9167,1.007,0.1433,0.1433,0.96,3,high,house,gable,False,19,19,2,5
6397,19.5833,19.9167,0.991,0.1433,0.1433,1.92,6,high,house,gable,False,19,19,3,5
6398,19.75,19.9167,0.976,0.1433,0.1433,1.6,5,high,house,gable,False,19,19,4,5
6399,19.9167,19.9167,0.961,0.1433,0.1433,1.28,4,high,house,gable,False,19,19,5,5
6400,22.0833,19.0833,0.815,0.1433,0.1433,0.96,3,high,house,hip,False,22,19,0,0
6401,22.25,19.0833,0.801,0.1433,0.1433,0.96,3,high,house,gable,False,22,19,1,0
6402,22.4167,19.0833,0.788,0.1433,0.1433,1.92,6,high,house,gable,False,22,19,2,0
6403,22.5833,19.0833,0.775,0.1433,0.1433,1.28,4,high,house,gable,False,22,19,3,0
6404,22.75,19.0833,0.762,0.1433,0.1433,1.6,5,high,house,hip,False,22,19,4,0
6405,22.9167,19.0833,0.749,0.1433,0.1433,1.92,6,high,house,hip,False,22,19,5,0
6406,22.0833,19.25,0.808,0.1433,0.1433,0.96,3,high,house,gable,False,22,19,0,1
6407,22.4167,19.25,0.782,0.1433,0.1433,1.28,4,high,house,gable,False,22,19,2,1
6408,22.9167,19.25,0.744,0.1433,0.1433,1.92,6,high,house,gable,False,22,19,5,1
6409,22.0833,19.4167,0.802,0.1433,0.1433,0.96,3,high,house,gable,False,22,19,0,2
6410,22.25,19.4167,0.788,0.1433,0.1433,1.92,6,high,house,gable,False,22,19,1,2
6411,22.4167,19.4167,0.775,0.1433,0.1433,1.6,5,high,house,gable,False,22,19,2,2
6412,22.5833,19.4167,0.763,0.1433,0.1433,1.92,6,high,house,gable,False,22,19,3,2
6413,22.0833,19.5833,0.795,0.1433,0.1433,1.28,4,high,house,gable,False,22,19,0,3
6414,22.25,19.5833,0.782,0.1433,0.1433,1.6,5,high,house,hip,False,22,19,1,3
6415,22.5833,19.5833,0.757,0.1433,0.1433,1.6,5,high,house,gable,False,22,19,3,3
6416,23.25,19.0833,0.725,0.1433,0.1433,0.96,3,high,house,hip,False,23,19,1,0
6417,23.4167,19.0833,0.713,0.1433,0.1433,1.6,5,high,house,gable,False,23,19,2,0
6418,23.75,19.0833,0.69,0.1433,0.1433,1.28,4,high,house,gable,False,23,19,4,0
6419,23.9167,19.0833,0.679,0.1433,0.1433,1.92,6,high,house,gable,False,23,19,5,0
6420,23.0833,19.25,0.732,0.1433,0.1433,1.92,6,high,house,gable,False,23,19,0,1
6421,23.25,19.25,0.72,0.1433,0.1433,0.96,3,high,house,gable,False,23,19,1,1
6422,23.4167,19.25,0.708,0.1433,0.1433,1.28,4,high,house,gable,False,23,19,2,1
6423,23.75,19.25,0.686,0.1433,0.1433,1.6,5,high,house,gable,False,23,19,4,1
6424,23.9167,19.25,0.675,0.1433,0.1433,0.96,3,high,house,gable,False,23,19,5,1
6425,23.25,19.4167,0.715,0.1433,0.1433,1.28,4,high,house,gable,False,23,19,1,2
6426,23.5833,19.4167,0.693,0.1433,0.1433,1.92,6,high,house,gable,False,23,19,3,2
6427,23.75,19.4167,0.682,0.1433,0.1433,1.6,5,high,house,gable,False,23,19,4,2
6428,23.9167,19.4167,0.671,0.1433,0.1433,1.6,5,high,house,gable,False,23,19,5,2
6429,23.0833,19.5833,0.721,0.1433,0.1433,1.92,6,high,house,gable,False,23,19,0,3
6430,23.4167,19.5833,0.699,0.1433,0.1433,2.24,7,high,house,gable,False,23,19,2,3
6431,23.75,19.5833,0.678,0.1433,0.1433,0.96,3,high,house,gable,False,23,19,4,3
6432,23.9167,19.5833,0.667,0.1433,0.1433,1.28,4,high,house,hip,False,23,19,5,3
6433,23.0833,19.75,0.716,0.1433,0.1433,1.6,5,high,house,gable,False,23,19,0,4
6434,23.25,19.75,0.705,0.1433,0.1433,1.28,4,high,house,gable,False,23,19,1,4
6435,23.5833,19.75,0.683,0.1433,0.1433,1.6,5,high,house,gable,False,23,19,3,4
6436,23.9167,19.75,0.663,0.1433,0.1433,1.6,5,high,house,gable,False,23,19,5,4
6437,23.0833,19.9167,0.71,0.1433,0.1433,1.6,5,high,house,gable,False,23,19,0,5
6438,23.25,19.9167,0.699,0.1433,0.1433,1.6,5,high,house,gable,False,23,19,1,5
6439,23.75,19.9167,0.669,0.1433,0.1433,1.92,6,high,house,gable,False,23,19,4,5
6440,23.9167,19.9167,0.659,0.1433,0.1433,1.28,4,high,house,hip,False,23,19,5,5
6441,24.0833,19.0833,0.668,0.1433,0.1433,1.28,4,high,house,hip,False,24,19,0,0
6442,24.4167,19.0833,0.648,0.1433,0.1433,0.96,3,high,house,gable,False,24,19,2,0
6443,24.0833,19.25,0.665,0.1433,0.1433,1.92,6,high,house,gable,False,24,19,0,1
6444,24.25,19.25,0.655,0.1433,0.1433,1.92,6,high,house,hip,False,24,19,1,1
6445,24.5833,19.25,0.635,0.1433,0.1433,1.6,5,high,house,hip,False,24,19,3,1
6446,24.9167,19.25,0.616,0.1433,0.1433,1.92,6,high,house,gable,False,24,19,5,1
6447,24.0833,19.4167,0.661,0.1433,0.1433,1.92,6,high,house,gable,False,24,19,0,2
6448,24.4167,19.4167,0.641,0.1433,0.1433,2.24,7,high,house,hip,False,24,19,2,2
6449,24.5833,19.4167,0.632,0.1433,0.1433,1.28,4,high,house,gable,False,24,19,3,2
6450,24.75,19.4167,0.623,0.1433,0.1433,1.6,5,high,house,gable,False,24,19,4,2
6451,24.4167,19.5833,0.638,0.1433,0.1433,2.24,7,high,house,gable,False,24,19,2,3
6452,24.9167,19.5833,0.611,0.1433,0.1433,0.96,3,high,house,gable,False,24,19,5,3
6453,24.4167,19.75,0.635,0.1433,0.1433,0.96,3,high,house,hip,False,24,19,2,4
6454,24.9167,19.75,0.609,0.1433,0.1433,1.28,4,high,house,gable,False,24,19,5,4
6455,24.4167,19.9167,0.631,0.1433,0.1433,1.6,5,high,house,hip,False,24,19,2,5
6456,24.5833,19.9167,0.623,0.1433,0.1433,1.6,5,high,house,gable,False,24,19,3,5
6457,24.75,19.9167,0.614,0.1433,0.1433,0.96,3,high,house,hip,False,24,19,4,5
6458,24.9167,19.9167,0.606,0.1433,0.1433,0.96,3,high,house,hip,False,24,19,5,5
6459,25.4167,19.0833,0.592,0.1433,0.1433,0.96,3,medium,house,gable,False,25,19,2,0
6460,25.5833,19.0833,0.583,0.1433,0.1433,0.64,2,medium,house,gable,False,25,19,3,0
6461,25.75,19.0833,0.575,0.1433,0.1433,0.64,2,medium,house,gable,False,25,19,4,0
6462,25.25,19.25,0.599,0.1433,0.1433,0.96,3,medium,house,hip,False,25,19,1,1
6463,25.5833,19.25,0.582,0.1433,0.1433,0.96,3,medium,house,hip,False,25,19,3,1
6464,25.9167,19.25,0.566,0.1433,0.1433,1.28,4,medium,house,gable,False,25,19,5,1
6465,25.4167,19.4167,0.588,0.1433,0.1433,0.96,3,medium,house,gable,False,25,19,2,2
6466,25.5833,19.4167,0.58,0.1433,0.1433,0.64,2,medium,house,gable,False,25,19,3,2
6467,25.9167,19.4167,0.565,0.1433,0.1433,0.64,2,medium,house,hip,False,25,19,5,2
6468,25.5833,19.5833,0.579,0.1433,0.1433,0.64,2,medium,house,hip,False,25,19,3,3
6469,25.75,19.5833,0.571,0.1433,0.1433,0.64,2,medium,house,gable,False,25,19,4,3
6470,25.9167,19.5833,0.564,0.1433,0.1433,1.28,4,medium,house,gable,False,25,19,5,3
6471,25.75,19.75,0.57,0.1433,0.1433,0.64,2,medium,house,hip,False,25,19,4,4
6472,25.75,19.9167,0.568,0.1433,0.1433,1.28,4,medium,house,hip,False,25,19,4,5
6473,25.9167,19.9167,0.561,0.1433,0.1433,1.28,4,medium,house,gable,False,25,19,5,5
6474,26.4167,19.0833,0.543,0.1433,0.1433,0.64,2,medium,house,gable,False,26,19,2,0
6475,26.5833,19.0833,0.536,0.1433,0.1433,0.96,3,medium,house,gable,False,26,19,3,0
6476,26.75,19.0833,0.529,0.1433,0.1433,0.64,2,medium,house,gable,False,26,19,4,0
6477,26.9167,19.0833,0.522,0.1433,0.1433,0.64,2,medium,house,gable,False,26,19,5,0
6478,26.0833,19.25,0.558,0.1433,0.1433,0.64,2,medium,house,hip,False,26,19,0,1
6479,26.4167,19.25,0.543,0.1433,0.1433,1.28,4,medium,house,gable,False,26,19,2,1
6480,26.9167,19.25,0.522,0.1433,0.1433,1.28,4,medium,house,gable,False,26,19,5,1
6481,26.0833,19.4167,0.557,0.1433,0.1433,0.96,3,medium,house,gable,False,26,19,0,2
6482,26.4167,19.4167,0.543,0.1433,0.1433,1.28,4,medium,house,gable,False,26,19,2,2
6483,26.5833,19.4167,0.536,0.1433,0.1433,0.64,2,medium,house,gable,False,26,19,3,2
6484,26.9167,19.4167,0.522,0.1433,0.1433,0.96,3,medium,house,gable,False,26,19,5,2
6485,26.4167,19.5833,0.542,0.1433,0.1433,0.96,3,medium,house,gable,False,26,19,2,3
6486,26.75,19.5833,0.529,0.1433,0.1433,0.64,2,medium,house,gable,False,26,19,4,3
6487,26.9167,19.5833,0.522,0.1433,0.1433,0.64,2,medium,house,gable,False,26,19,5,3
6488,26.5833,19.75,0.535,0.1433,0.1433,1.28,4,medium,house,gable,False,26,19,3,4
6489,26.9167,19.75,0.523,0.1433,0.1433,0.96,3,medium,house,gable,False,26,19,5,4
6490,26.4167,19.9167,0.541,0.1433,0.1433,0.64,2,medium,house,gable,False,26,19,2,5
6491,26.5833,19.9167,0.535,0.1433,0.1433,0.96,3,medium,house,gable,False,26,19,3,5
6492,26.75,19.9167,0.529,0.1433,0.1433,0.64,2,medium,house,gable,False,26,19,4,5
6493,26.9167,19.9167,0.523,0.1433,0.1433,1.28,4,medium,house,gable,False,26,19,5,5
6494,27.0833,19.4167,0.515,0.1433,0.1433,1.28,4,medium,house,gable,False,27,19,0,2
6495,27.25,19.4167,0.509,0.1433,0.1433,0.96,3,medium,house,gable,False,27,19,1,2
6496,27.4167,19.4167,0.503,0.1433,0.1433,0.96,3,medium,house,gable,False,27,19,2,2
6497,27.5833,19.4167,0.496,0.1433,0.1433,0.64,2,medium,house,gable,False,27,19,3,2
6498,27.75,19.4167,0.49,0.1433,0.1433,0.64,2,medium,house,gable,False,27,19,4,2
6499,27.9167,19.4167,0.484,0.1433,0.1433,0.64,2,medium,house,gable,False,27,19,5,2
6500,27.0833,19.5833,0.516,0.1433,0.1433,0.64,2,medium,house,hip,False,27,19,0,3
6501,27.25,19.5833,0.51,0.1433,0.1433,0.96,3,medium,house,gable,False,27,19,1,3
6502,27.5833,19.5833,0.497,0.1433,0.1433,0.64,2,medium,house,gable,False,27,19,3,3
6503,27.9167,19.5833,0.485,0.1433,0.1433,0.64,2,medium,house,gable,False,27,19,5,3
6504,27.25,19.75,0.51,0.1433,0.1433,1.28,4,medium,house,gable,False,27,19,1,4
6505,27.5833,19.75,0.498,0.1433,0.1433,0.64,2,medium,house,hip,False,27,19,3,4
6506,27.9167,19.75,0.486,0.1433,0.1433,0.64,2,medium,house,gable,False,27,19,5,4
6507,27.4167,19.9167,0.505,0.1433,0.1433,1.28,4,medium,house,gable,False,27,19,2,5
6508,27.5833,19.9167,0.499,0.1433,0.1433,1.28,4,medium,house,gable,False,27,19,3,5
6509,27.75,19.9167,0.494,0.1433,0.1433,0.64,2,medium,house,gable,False,27,19,4,5
6510,27.9167,19.9167,0.488,0.1433,0.1433,0.96,3,medium,house,gable,False,27,19,5,5
6511,29.5833,19.5833,0.424,0.1433,0.1433,0.32,1,low,house,hip,False,29,19,3,3
6512,29.25,19.75,0.44,0.1433,0.1433,0.64,2,low,house,gable,False,29,19,1,4
6513,29.4167,19.75,0.434,0.1433,0.1433,0.64,2,low,house,gable,False,29,19,2,4
6514,29.5833,19.75,0.427,0.1433,0.1433,0.96,3,low,house,gable,False,29,19,3,4
6515,29.0833,19.9167,0.448,0.1433,0.1433,0.96,3,low,house,gable,False,29,19,0,5
6516,29.25,19.9167,0.442,0.1433,0.1433,0.96,3,low,house,gable,False,29,19,1,5
6517,29.4167,19.9167,0.437,0.1433,0.1433,0.64,2,low,house,gable,False,29,19,2,5
6518,1.75,20.75,0.493,0.1433,0.1433,0.96,3,low,house,gable,False,1,20,4,4
6519,1.9167,20.75,0.517,0.1433,0.1433,0.32,1,low,house,gable,False,1,20,5,4
6520,1.5833,20.9167,0.471,0.1433,0.1433,0.32,1,low,house,gable,False,1,20,3,5
6521,1.75,20.9167,0.494,0.1433,0.1433,0.32,1,low,house,gable,False,1,20,4,5
6522,1.9167,20.9167,0.517,0.1433,0.1433,0.32,1,low,house,gable,False,1,20,5,5
6523,2.25,20.5833,0.564,0.1433,0.1433,0.64,2,low,house,gable,False,2,20,1,3
6524,2.4167,20.5833,0.587,0.1433,0.1433,0.32,1,low,house,gable,False,2,20,2,3
6525,2.75,20.5833,0.635,0.1433,0.1433,0.96,3,low,house,gable,False,2,20,4,3
6526,2.9167,20.5833,0.658,0.1433,0.1433,0.64,2,low,house,gable,False,2,20,5,3
6527,2.4167,20.75,0.587,0.1433,0.1433,0.32,1,low,house,hip,False,2,20,2,4
6528,2.5833,20.75,0.61,0.1433,0.1433,0.32,1,low,house,gable,False,2,20,3,4
6529,2.75,20.75,0.634,0.1433,0.1433,0.64,2,low,house,gable,False,2,20,4,4
6530,2.5833,20.9167,0.61,0.1433,0.1433,0.96,3,low,house,gable,False,2,20,3,5
6531,3.0833,20.0833,0.686,0.1433,0.1433,0.64,2,low,house,gable,False,3,20,0,0
6532,3.25,20.0833,0.71,0.1433,0.1433,0.32,1,low,house,gable,False,3,20,1,0
6533,3.25,20.25,0.708,0.1433,0.1433,0.64,2,low,house,gable,False,3,20,1,1
6534,3.5833,20.25,0.756,0.1433,0.1433,0.32,1,low,house,gable,False,3,20,3,1
6535,3.25,20.4167,0.707,0.1433,0.1433,0.32,1,low,house,hip,False,3,20,1,2
6536,3.4167,20.4167,0.731,0.1433,0.1433,0.96,3,low,house,gable,False,3,20,2,2
6537,3.5833,20.4167,0.754,0.1433,0.1433,0.96,3,low,house,gable,False,3,20,3,2
6538,3.5833,20.5833,0.752,0.1433,0.1433,0.96,3,low,house,gable,False,3,20,3,3
6539,3.4167,20.75,0.727,0.1433,0.1433,0.64,2,low,house,gable,False,3,20,2,4
6540,3.5833,20.75,0.75,0.1433,0.1433,0.96,3,low,house,gable,False,3,20,3,4
6541,3.25,20.9167,0.702,0.1433,0.1433,0.64,2,low,house,gable,False,3,20,1,5
6542,3.4167,20.9167,0.725,0.1433,0.1433,0.64,2,low,house,gable,False,3,20,2,5
6543,5.0833,20.5833,0.955,0.1433,0.1433,0.32,1,low,house,gable,False,5,20,0,3
6544,6.0833,20.0833,1.096,0.1433,0.1433,0.64,2,low,house,gable,False,6,20,0,0
6545,6.25,20.0833,1.116,0.1433,0.1433,0.64,2,low,house,gable,False,6,20,1,0
6546,6.4167,20.0833,1.136,0.1433,0.1433,0.96,3,low,house,gable,False,6,20,2,0
6547,6.25,20.25,1.11,0.1433,0.1433,0.96,3,low,house,gable,False,6,20,1,1
6548,7.25,20.25,1.219,0.1433,0.1433,0.32,1,low,house,gable,False,7,20,1,1
6549,7.4167,20.4167,1.227,0.1433,0.1433,0.96,3,low,house,gable,False,7,20,2,2
6550,7.5833,20.4167,1.243,0.1433,0.1433,0.32,1,low,house,gable,False,7,20,3,2
6551,7.75,20.4167,1.258,0.1433,0.1433,0.96,3,low,house,gable,False,7,20,4,2
6552,7.25,20.5833,1.203,0.1433,0.1433,0.96,3,low,house,hip,False,7,20,1,3
6553,7.5833,20.5833,1.234,0.1433,0.1433,0.64,2,low,house,gable,False,7,20,3,3
6554,7.75,20.5833,1.249,0.1433,0.1433,0.64,2,low,house,gable,False,7,20,4,3
6555,7.4167,20.75,1.21,0.1433,0.1433,0.96,3,low,house,gable,False,7,20,2,4
6556,7.75,20.75,1.24,0.1433,0.1433,0.64,2,low,house,gable,False,7,20,4,4
6557,8.4167,20.0833,1.334,0.1433,0.1433,1.28,4,high,house,gable,False,8,20,2,0
6558,8.5833,20.0833,1.347,0.1433,0.1433,0.96,3,high,house,gable,False,8,20,3,0
6559,8.75,20.0833,1.36,0.1433,0.1433,1.28,4,high,house,gable,False,8,20,4,0
6560,8.9167,20.0833,1.371,0.1433,0.1433,1.92,6,high,house,gable,False,8,20,5,0
6561,8.0833,20.25,1.297,0.1433,0.1433,1.6,5,high,house,gable,False,8,20,0,1
6562,8.5833,20.25,1.337,0.1433,0.1433,1.28,4,high,house,hip,False,8,20,3,1
6563,8.9167,20.25,1.36,0.1433,0.1433,1.6,5,high,house,gable,False,8,20,5,1
6564,8.4167,20.4167,1.314,0.1433,0.1433,1.28,4,high,house,gable,False,8,20,2,2
6565,8.5833,20.4167,1.326,0.1433,0.1433,1.28,4,high,house,gable,False,8,20,3,2
6566,8.9167,20.4167,1.349,0.1433,0.1433,0.96,3,high,house,hip,False,8,20,5,2
6567,8.4167,20.5833,1.303,0.1433,0.1433,2.24,7,high,house,hip,False,8,20,2,3
6568,8.5833,20.5833,1.315,0.1433,0.1433,1.6,5,high,house,gable,False,8,20,3,3
6569,8.9167,20.5833,1.338,0.1433,0.1433,1.28,4,high,house,hip,False,8,20,5,3
6570,8.4167,20.75,1.293,0.1433,0.1433,0.96,3,high,house,gable,False,8,20,2,4
6571,8.75,20.75,1.316,0.1433,0.1433,1.92,6,high,house,gable,False,8,20,4,4
6572,8.9167,20.75,1.327,0.1433,0.1433,0.96,3,high,house,gable,False,8,20,5,4
6573,8.0833,20.9167,1.257,0.1433,0.1433,1.28,4,high,house,hip,False,8,20,0,5
6574,8.4167,20.9167,1.282,0.1433,0.1433,1.28,4,high,house,hip,False,8,20,2,5
6575,8.5833,20.9167,1.294,0.1433,0.1433,1.28,4,high,house,hip,False,8,20,3,5
6576,8.75,20.9167,1.305,0.1433,0.1433,1.92,6,high,house,gable,False,8,20,4,5
6577,8.9167,20.9167,1.315,0.1433,0.1433,1.92,6,high,house,gable,False,8,20,5,5
6578,9.4167,20.0833,1.403,0.1433,0.1433,0.64,2,medium,house,gable,False,9,20,2,0
6579,9.5833,20.0833,1.412,0.1433,0.1433,1.28,4,medium,house,gable,False,9,20,3,0
6580,9.9167,20.0833,1.429,0.1433,0.1433,1.28,4,medium,house,gable,False,9,20,5,0
6581,9.4167,20.25,1.391,0.1433,0.1433,0.64,2,medium,house,gable,False,9,20,2,1
6582,9.5833,20.25,1.4,0.1433,0.1433,1.28,4,medium,house,gable,False,9,20,3,1
6583,9.75,20.25,1.409,0.1433,0.1433,0.96,3,medium,house,gable,False,9,20,4,1
6584,9.9167,20.25,1.416,0.1433,0.1433,0.64,2,medium,house,gable,False,9,20,5,1
6585,9.9167,20.4167,1.404,0.1433,0.1433,0.96,3,medium,house,gable,False,9,20,5,2
6586,9.5833,20.5833,1.376,0.1433,0.1433,0.96,3,medium,house,hip,False,9,20,3,3
6587,9.75,20.5833,1.384,0.1433,0.1433,0.96,3,medium,house,hip,False,9,20,4,3
6588,9.9167,20.5833,1.391,0.1433,0.1433,0.64,2,medium,house,gable,False,9,20,5,3
6589,9.4167,20.75,1.355,0.1433,0.1433,0.96,3,medium,house,gable,False,9,20,2,4
6590,9.75,20.75,1.371,0.1433,0.1433,1.28,4,medium,house,gable,False,9,20,4,4
6591,9.9167,20.75,1.378,0.1433,0.1433,0.96,3,medium,house,hip,False,9,20,5,4
6592,9.4167,20.9167,1.343,0.1433,0.1433,1.28,4,medium,house,gable,False,9,20,2,5
6593,9.75,20.9167,1.358,0.1433,0.1433,1.28,4,medium,house,hip,False,9,20,4,5
6594,9.9167,20.9167,1.365,0.1433,0.1433,1.28,4,medium,house,gable,False,9,20,5,5
6595,10.0833,20.0833,1.436,0.1433,0.1433,1.28,4,high,house,gable,False,10,20,0,0
6596,10.25,20.0833,1.443,0.1433,0.1433,1.28,4,high,house,hip,False,10,20,1,0
6597,10.5833,20.0833,1.454,0.1433,0.1433,1.6,5,high,house,hip,False,10,20,3,0
6598,10.75,20.0833,1.458,0.1433,0.1433,1.6,5,high,house,gable,False,10,20,4,0
6599,10.9167,20.0833,1.462,0.1433,0.1433,1.6,5,high,house,hip,False,10,20,5,0
6600,10.0833,20.25,1.423,0.1433,0.1433,1.6,5,high,house,hip,False,10,20,0,1
6601,10.25,20.25,1.43,0.1433,0.1433,1.28,4,high,house,gable,False,10,20,1,1
6602,10.4167,20.25,1.435,0.1433,0.1433,1.92,6,high,house,gable,False,10,20,2,1
6603,10.5833,20.25,1.441,0.1433,0.1433,1.28,4,high,house,gable,False,10,20,3,1
6604,10.9167,20.25,1.449,0.1433,0.1433,1.92,6,high,house,gable,False,10,20,5,1
6605,10.75,20.4167,1.431,0.1433,0.1433,1.28,4,high,house,gable,False,10,20,4,2
6606,10.0833,20.5833,1.397,0.1433,0.1433,1.6,5,high,house,gable,False,10,20,0,3
6607,10.25,20.5833,1.403,0.1433,0.1433,1.92,6,high,house,gable,False,10,20,1,3
6608,10.4167,20.5833,1.409,0.1433,0.1433,1.92,6,high,house,hip,False,10,20,2,3
6609,10.5833,20.5833,1.413,0.1433,0.1433,1.6,5,high,house,hip,False,10,20,3,3
6610,10.75,20.5833,1.417,0.1433,0.1433,1.6,5,high,house,gable,False,10,20,4,3
6611,10.9167,20.5833,1.421,0.1433,0.1433,0.96,3,high,house,gable,False,10,20,5,3
6612,10.0833,20.75,1.384,0.1433,0.1433,1.6,5,high,house,gable,False,10,20,0,4
6613,10.25,20.75,1.39,0.1433,0.1433,1.92,6,high,house,hip,False,10,20,1,4
6614,10.5833,20.75,1.4,0.1433,0.1433,1.28,4,high,house,gable,False,10,20,3,4
6615,10.9167,20.75,1.407,0.1433,0.1433,1.28,4,high,house,hip,False,10,20,5,4
6616,10.25,20.9167,1.376,0.1433,0.1433,1.28,4,high,house,gable,False,10,20,1,5
6617,10.5833,20.9167,1.385,0.1433,0.1433,0.96,3,high,house,gable,False,10,20,3,5
6618,10.75,20.9167,1.389,0.1433,0.1433,1.92,6,high,house,gable,False,10,20,4,5
6619,10.9167,20.9167,1.392,0.1433,0.1433,0.96,3,high,house,gable,False,10,20,5,5
6620,11.0833,20.0833,1.466,0.1433,0.1433,1.28,4,high,house,gable,False,11,20,0,0
6621,11.25,20.0833,1.468,0.1433,0.1433,0.96,3,high,house,gable,False,11,20,1,0
6622,11.4167,20.0833,1.47,0.1433,0.1433,1.92,6,high,house,hip,False,11,20,2,0
6623,11.5833,20.0833,1.472,0.1433,0.1433,0.96,3,high,house,gable,False,11,20,3,0
6624,11.75,20.0833,1.472,0.1433,0.1433,1.6,5,high,house,gable,False,11,20,4,0
6625,11.0833,20.25,1.452,0.1433,0.1433,1.28,4,high,house,hip,False,11,20,0,1
6626,11.25,20.25,1.454,0.1433,0.1433,1.6,5,high,house,gable,False,11,20,1,1
6627,11.5833,20.25,1.457,0.1433,0.1433,1.6,5,high,house,hip,False,11,20,3,1
6628,11.75,20.4167,1.443,0.1433,0.1433,1.92,6,high,house,gable,False,11,20,4,2
6629,11.9167,20.4167,1.443,0.1433,0.1433,1.28,4,high,house,gable,False,11,20,5,2
6630,11.0833,20.5833,1.424,0.1433,0.1433,1.6,5,high,house,gable,False,11,20,0,3
6631,11.4167,20.5833,1.427,0.1433,0.1433,2.24,7,high,house,hip,False,11,20,2,3
6632,11.5833,20.5833,1.428,0.1433,0.1433,1.28,4,high,house,gable,False,11,20,3,3
6633,11.9167,20.5833,1.428,0.1433,0.1433,1.6,5,high,house,gable,False,11,20,5,3
6634,11.0833,20.75,1.409,0.1433,0.1433,1.92,6,high,house,gable,False,11,20,0,4
6635,11.25,20.75,1.411,0.1433,0.1433,1.6,5,high,house,gable,False,11,20,1,4
6636,11.5833,20.75,1.413,0.1433,0.1433,1.6,5,high,house,gable,False,11,20,3,4
6637,11.75,20.75,1.413,0.1433,0.1433,1.92,6,high,house,hip,False,11,20,4,4
6638,11.0833,20.9167,1.394,0.1433,0.1433,1.28,4,high,house,hip,False,11,20,0,5
6639,11.25,20.9167,1.396,0.1433,0.1433,1.6,5,high,house,gable,False,11,20,1,5
6640,11.4167,20.9167,1.397,0.1433,0.1433,1.92,6,high,house,gable,False,11,20,2,5
6641,11.5833,20.9167,1.398,0.1433,0.1433,1.28,4,high,house,gable,False,11,20,3,5
6642,11.75,20.9167,1.398,0.1433,0.1433,1.6,5,high,house,gable,False,11,20,4,5
6643,11.9167,20.9167,1.397,0.1433,0.1433,1.28,4,high,house,gable,False,11,20,5,5
6644,12.0833,20.0833,1.472,0.1433,0.1433,0.96,3,high,house,gable,False,12,20,0,0
6645,12.25,20.0833,1.471,0.1433,0.1433,1.28,4,high,house,gable,False,12,20,1,0
6646,12.4167,20.0833,1.469,0.1433,0.1433,1.92,6,high,house,gable,False,12,20,2,0
6647,12.5833,20.0833,1.466,0.1433,0.1433,1.28,4,high,house,gable,False,12,20,3,0
6648,12.75,20.0833,1.463,0.1433,0.1433,1.6,5,high,house,hip,False,12,20,4,0
6649,12.9167,20.0833,1.459,0.1433,0.1433,0.96,3,high,house,gable,False,12,20,5,0
6650,12.0833,20.25,1.457,0.1433,0.1433,0.96,3,high,house,gable,False,12,20,0,1
6651,12.5833,20.25,1.451,0.1433,0.1433,1.28,4,high,house,hip,False,12,20,3,1
6652,12.75,20.25,1.448,0.1433,0.1433,0.96,3,high,house,hip,False,12,20,4,1
6653,12.9167,20.25,1.444,0.1433,0.1433,1.92,6,high,house,gable,False,12,20,5,1
6654,12.25,20.4167,1.44,0.1433,0.1433,1.6,5,high,house,gable,False,12,20,1,2
6655,12.4167,20.4167,1.438,0.1433,0.1433,1.92,6,high,house,gable,False,12,20,2,2
6656,12.5833,20.4167,1.436,0.1433,0.1433,1.6,5,high,house,gable,False,12,20,3,2
6657,12.0833,20.5833,1.427,0.1433,0.1433,1.28,4,high,house,gable,False,12,20,0,3
6658,12.4167,20.5833,1.423,0.1433,0.1433,2.24,7,high,house,gable,False,12,20,2,3
6659,12.5833,20.75,1.404,0.1433,0.1433,1.28,4,high,house,hip,False,12,20,3,4
6660,12.9167,20.75,1.396,0.1433,0.1433,1.92,6,high,house,gable,False,12,20,5,4
6661,12.4167,20.9167,1.391,0.1433,0.1433,1.6,5,high,house,gable,False,12,20,2,5
6662,12.5833,20.9167,1.388,0.1433,0.1433,1.28,4,high,house,hip,False,12,20,3,5
6663,12.75,20.9167,1.384,0.1433,0.1433,1.28,4,high,house,hip,False,12,20,4,5
6664,12.9167,20.9167,1.38,0.1433,0.1433,1.92,6,high,house,gable,False,12,20,5,5
6665,13.0833,20.0833,1.455,0.1433,0.1433,1.28,4,high,house,gable,False,13,20,0,0
6666,13.4167,20.0833,1.444,0.1433,0.1433,1.6,5,high,house,gable,False,13,20,2,0
6667,13.5833,20.0833,1.438,0.1433,0.1433,0.96,3,high,house,gable,False,13,20,3,0
6668,13.75,20.0833,1.432,0.1433,0.1433,1.92,6,high,house,gable,False,13,20,4,0
6669,13.0833,20.25,1.439,0.1433,0.1433,1.28,4,high,house,gable,False,13,20,0,1
6670,13.25,20.25,1.434,0.1433,0.1433,1.92,6,high,house,gable,False,13,20,1,1
6671,13.5833,20.25,1.423,0.1433,0.1433,1.92,6,high,house,gable,False,13,20,3,1
6672,13.75,20.25,1.416,0.1433,0.1433,1.6,5,high,house,hip,False,13,20,4,1
6673,13.0833,20.4167,1.424,0.1433,0.1433,1.28,4,high,house,gable,False,13,20,0,2
6674,13.25,20.4167,1.419,0.1433,0.1433,1.28,4,high,house,gable,False,13,20,1,2
6675,13.5833,20.4167,1.407,0.1433,0.1433,1.28,4,high,house,gable,False,13,20,3,2
6676,13.9167,20.4167,1.393,0.1433,0.1433,1.92,6,high,house,gable,False,13,20,5,2
6677,13.0833,20.5833,1.408,0.1433,0.1433,1.28,4,high,house,gable,False,13,20,0,3
6678,13.25,20.5833,1.403,0.1433,0.1433,1.28,4,high,house,hip,False,13,20,1,3
6679,13.5833,20.5833,1.391,0.1433,0.1433,1.92,6,high,house,gable,False,13,20,3,3
6680,13.9167,20.5833,1.376,0.1433,0.1433,1.92,6,high,house,hip,False,13,20,5,3
6681,13.0833,20.75,1.392,0.1433,0.1433,1.6,5,high,house,hip,False,13,20,0,4
6682,13.4167,20.75,1.38,0.1433,0.1433,1.92,6,high,house,hip,False,13,20,2,4
6683,13.5833,20.75,1.374,0.1433,0.1433,1.92,6,high,house,gable,False,13,20,3,4
6684,13.9167,20.75,1.36,0.1433,0.1433,1.6,5,high,house,gable,False,13,20,5,4
6685,13.0833,20.9167,1.375,0.1433,0.1433,0.96,3,high,house,hip,False,13,20,0,5
6686,13.25,20.9167,1.37,0.1433,0.1433,1.28,4,high,house,hip,False,13,20,1,5
6687,13.5833,20.9167,1.358,0.1433,0.1433,1.6,5,high,house,gable,False,13,20,3,5
6688,13.75,20.9167,1.351,0.1433,0.1433,1.28,4,high,house,gable,False,13,20,4,5
6689,13.9167,20.9167,1.343,0.1433,0.1433,1.6,5,high,house,gable,False,13,20,5,5
6690,14.0833,20.0833,1.417,0.1433,0.1433,1.92,6,high,house,gable,False,14,20,0,0
6691,14.25,20.0833,1.409,0.1433,0.1433,1.28,4,high,house,hip,False,14,20,1,0
6692,14.4167,20.0833,1.4,0.1433,0.1433,1.6,5,high,house,hip,False,14,20,2,0
6693,14.5833,20.0833,1.391,0.1433,0.1433,1.28,4,high,house,gable,False,14,20,3,0
6694,14.75,20.0833,1.381,0.1433,0.1433,1.28,4,high,house,gable,False,14,20,4,0
6695,14.9167,20.0833,1.371,0.1433,0.1433,1.28,4,high,house,gable,False,14,20,5,0
6696,14.0833,20.25,1.401,0.1433,0.1433,1.92,6,high,house,hip,False,14,20,0,1
6697,14.4167,20.25,1.384,0.1433,0.1433,1.92,6,high,house,gable,False,14,20,2,1
6698,14.9167,20.25,1.355,0.1433,0.1433,1.92,6,high,house,gable,False,14,20,5,1
6699,14.0833,20.4167,1.385,0.1433,0.1433,1.28,4,high,house,gable,False,14,20,0,2
6700,14.25,20.4167,1.377,0.1433,0.1433,1.28,4,high,house,hip,False,14,20,1,2
6701,14.5833,20.4167,1.359,0.1433,0.1433,2.24,7,high,house,gable,False,14,20,3,2
6702,14.75,20.4167,1.349,0.1433,0.1433,1.6,5,high,house,hip,False,14,20,4,2
6703,14.9167,20.4167,1.339,0.1433,0.1433,1.92,6,high,house,gable,False,14,20,5,2
6704,14.4167,20.75,1.335,0.1433,0.1433,1.28,4,high,house,gable,False,14,20,2,4
6705,14.5833,20.75,1.326,0.1433,0.1433,1.28,4,high,house,gable,False,14,20,3,4
6706,14.75,20.75,1.316,0.1433,0.1433,1.28,4,high,house,gable,False,14,20,4,4
6707,14.25,20.9167,1.327,0.1433,0.1433,1.92,6,high,house,gable,False,14,20,1,5
6708,14.4167,20.9167,1.318,0.1433,0.1433,1.92,6,high,house,gable,False,14,20,2,5
6709,14.5833,20.9167,1.309,0.1433,0.1433,1.28,4,high,house,gable,False,14,20,3,5
6710,15.0833,20.0833,1.36,0.1433,0.1433,1.92,6,high,house,gable,False,15,20,0,0
6711,15.25,20.0833,1.349,0.1433,0.1433,0.96,3,high,house,gable,False,15,20,1,0
6712,15.4167,20.0833,1.338,0.1433,0.1433,1.28,4,high,house,hip,False,15,20,2,0
6713,15.5833,20.0833,1.326,0.1433,0.1433,1.92,6,high,house,gable,False,15,20,3,0
6714,15.9167,20.0833,1.301,0.1433,0.1433,1.28,4,high,house,hip,False,15,20,5,0
6715,15.0833,20.25,1.344,0.1433,0.1433,1.6,5,high,house,gable,False,15,20,0,1
6716,15.5833,20.25,1.31,0.1433,0.1433,1.92,6,high,house,gable,False,15,20,3,1
6717,15.75,20.25,1.298,0.1433,0.1433,1.92,6,high,house,hip,False,15,20,4,1
6718,15.9167,20.25,1.286,0.1433,0.1433,0.96,3,high,house,gable,False,15,20,5,1
6719,15.0833,20.4167,1.328,0.1433,0.1433,0.96,3,high,house,hip,False,15,20,0,2
6720,15.25,20.4167,1.317,0.1433,0.1433,1.28,4,high,house,hip,False,15,20,1,2
6721,15.4167,20.4167,1.306,0.1433,0.1433,1.6,5,high,house,gable,False,15,20,2,2
6722,15.9167,20.4167,1.27,0.1433,0.1433,0.96,3,high,house,gable,False,15,20,5,2
6723,15.0833,20.5833,1.312,0.1433,0.1433,1.92,6,high,house,hip,False,15,20,0,3
6724,15.25,20.5833,1.301,0.1433,0.1433,0.96,3,high,house,hip,False,15,20,1,3
6725,15.4167,20.5833,1.29,0.1433,0.1433,1.92,6,high,house,gable,False,15,20,2,3
6726,15.5833,20.5833,1.278,0.1433,0.1433,1.92,6,high,house,gable,False,15,20,3,3
6727,15.75,20.5833,1.266,0.1433,0.1433,1.6,5,high,house,hip,False,15,20,4,3
6728,15.9167,20.5833,1.254,0.1433,0.1433,1.92,6,high,house,gable,False,15,20,5,3
6729,16.5833,20.0833,1.248,0.1433,0.1433,1.28,4,high,house,hip,False,16,20,3,0
6730,16.9167,20.0833,1.22,0.1433,0.1433,1.6,5,high,house,gable,False,16,20,5,0
6731,16.4167,20.25,1.247,0.1433,0.1433,0.96,3,high,house,hip,False,16,20,2,1
6732,16.5833,20.25,1.233,0.1433,0.1433,1.92,6,high,house,gable,False,16,20,3,1
6733,16.75,20.25,1.22,0.1433,0.1433,1.28,4,high,house,gable,False,16,20,4,1
6734,16.9167,20.25,1.206,0.1433,0.1433,1.92,6,high,house,gable,False,16,20,5,1
6735,16.5833,20.4167,1.218,0.1433,0.1433,1.28,4,high,house,gable,False,16,20,3,2
6736,16.9167,20.4167,1.19,0.1433,0.1433,1.6,5,high,house,gable,False,16,20,5,2
6737,16.0833,20.5833,1.242,0.1433,0.1433,1.92,6,high,house,gable,False,16,20,0,3
6738,16.25,20.5833,1.229,0.1433,0.1433,0.96,3,high,house,gable,False,16,20,1,3
6739,16.5833,20.5833,1.202,0.1433,0.1433,2.24,7,high,house,hip,False,16,20,3,3
6740,16.9167,20.5833,1.175,0.1433,0.1433,0.96,3,high,house,gable,False,16,20,5,3
6741,16.0833,20.75,1.226,0.1433,0.1433,1.92,6,high,house,gable,False,16,20,0,4
6742,16.25,20.75,1.213,0.1433,0.1433,1.6,5,high,house,gable,False,16,20,1,4
6743,16.5833,20.75,1.187,0.1433,0.1433,1.92,6,high,house,gable,False,16,20,3,4
6744,16.9167,20.75,1.16,0.1433,0.1433,1.6,5,high,house,gable,False,16,20,5,4
6745,16.0833,20.9167,1.209,0.1433,0.1433,1.6,5,high,house,hip,False,16,20,0,5
6746,16.25,20.9167,1.197,0.1433,0.1433,1.92,6,high,house,hip,False,16,20,1,5
6747,16.5833,20.9167,1.171,0.1433,0.1433,1.6,5,high,house,gable,False,16,20,3,5
6748,16.75,20.9167,1.157,0.1433,0.1433,1.92,6,high,house,gable,False,16,20,4,5
6749,16.9167,20.9167,1.144,0.1433,0.1433,1.6,5,high,house,gable,False,16,20,5,5
6750,17.0833,20.0833,1.206,0.1433,0.1433,1.92,6,high,house,gable,False,17,20,0,0
6751,17.4167,20.0833,1.177,0.1433,0.1433,1.92,6,high,house,gable,False,17,20,2,0
6752,17.75,20.0833,1.147,0.1433,0.1433,1.6,5,high,house,gable,False,17,20,4,0
6753,17.9167,20.0833,1.132,0.1433,0.1433,1.92,6,high,house,gable,False,17,20,5,0
6754,17.0833,20.25,1.191,0.1433,0.1433,1.28,4,high,house,gable,False,17,20,0,1
6755,17.25,20.25,1.177,0.1433,0.1433,1.6,5,high,house,gable,False,17,20,1,1
6756,17.4167,20.25,1.162,0.1433,0.1433,1.92,6,high,house,gable,False,17,20,2,1
6757,17.75,20.25,1.133,0.1433,0.1433,1.92,6,high,house,gable,False,17,20,4,1
6758,17.9167,20.25,1.118,0.1433,0.1433,1.6,5,high,house,gable,False,17,20,5,1
6759,17.25,20.4167,1.162,0.1433,0.1433,0.96,3,high,house,gable,False,17,20,1,2
6760,17.4167,20.4167,1.148,0.1433,0.1433,1.92,6,high,house,gable,False,17,20,2,2
6761,17.75,20.4167,1.119,0.1433,0.1433,0.96,3,high,house,gable,False,17,20,4,2
6762,17.0833,20.5833,1.161,0.1433,0.1433,1.6,5,high,house,hip,False,17,20,0,3
6763,17.25,20.5833,1.147,0.1433,0.1433,1.6,5,high,house,gable,False,17,20,1,3
6764,17.75,20.5833,1.104,0.1433,0.1433,1.6,5,high,house,gable,False,17,20,4,3
6765,17.25,20.75,1.132,0.1433,0.1433,1.28,4,high,house,gable,False,17,20,1,4
6766,17.4167,20.75,1.118,0.1433,0.1433,0.96,3,high,house,hip,False,17,20,2,4
6767,17.75,20.75,1.09,0.1433,0.1433,0.96,3,high,house,gable,False,17,20,4,4
6768,17.9167,20.75,1.075,0.1433,0.1433,1.92,6,high,house,hip,False,17,20,5,4
6769,17.0833,20.9167,1.13,0.1433,0.1433,1.6,5,high,house,hip,False,17,20,0,5
6770,17.25,20.9167,1.117,0.1433,0.1433,1.92,6,high,house,hip,False,17,20,1,5
6771,17.4167,20.9167,1.103,0.1433,0.1433,0.96,3,high,house,hip,False,17,20,2,5
6772,17.5833,20.9167,1.089,0.1433,0.1433,0.96,3,high,house,hip,False,17,20,3,5
6773,17.9167,20.9167,1.061,0.1433,0.1433,1.6,5,high,house,hip,False,17,20,5,5
6774,18.4167,20.0833,1.086,0.1433,0.1433,0.96,3,high,house,gable,False,18,20,2,0
6775,18.5833,20.0833,1.071,0.1433,0.1433,1.92,6,high,house,gable,False,18,20,3,0
6776,18.5833,20.25,1.058,0.1433,0.1433,0.96,3,high,house,hip,False,18,20,3,1
6777,18.0833,20.4167,1.089,0.1433,0.1433,1.6,5,high,house,hip,False,18,20,0,2
6778,18.25,20.4167,1.074,0.1433,0.1433,1.6,5,high,house,gable,False,18,20,1,2
6779,18.4167,20.4167,1.06,0.1433,0.1433,1.28,4,high,house,gable,False,18,20,2,2
6780,18.75,20.4167,1.03,0.1433,0.1433,1.6,5,high,house,gable,False,18,20,4,2
6781,18.9167,20.4167,1.015,0.1433,0.1433,1.92,6,high,house,hip,False,18,20,5,2
6782,18.0833,20.5833,1.075,0.1433,0.1433,1.92,6,high,house,gable,False,18,20,0,3
6783,18.4167,20.5833,1.046,0.1433,0.1433,1.92,6,high,house,gable,False,18,20,2,3
6784,18.5833,20.5833,1.031,0.1433,0.1433,1.28,4,high,house,hip,False,18,20,3,3
6785,18.75,20.5833,1.017,0.1433,0.1433,0.96,3,high,house,hip,False,18,20,4,3
6786,18.9167,20.5833,1.002,0.1433,0.1433,1.6,5,high,house,gable,False,18,20,5,3
6787,18.0833,20.75,1.061,0.1433,0.1433,1.28,4,high,house,gable,False,18,20,0,4
6788,18.4167,20.75,1.032,0.1433,0.1433,1.92,6,high,house,gable,False,18,20,2,4
6789,18.9167,20.75,0.989,0.1433,0.1433,1.92,6,high,house,gable,False,18,20,5,4
6790,18.0833,20.9167,1.046,0.1433,0.1433,0.96,3,high,house,hip,False,18,20,0,5
6791,18.25,20.9167,1.032,0.1433,0.1433,1.6,5,high,house,gable,False,18,20,1,5
6792,18.4167,20.9167,1.018,0.1433,0.1433,0.96,3,high,house,hip,False,18,20,2,5
6793,18.5833,20.9167,1.004,0.1433,0.1433,1.92,6,high,house,gable,False,18,20,3,5
6794,18.75,20.9167,0.99,0.1433,0.1433,1.92,6,high,house,gable,False,18,20,4,5
6795,18.9167,20.9167,0.975,0.1433,0.1433,1.92,6,high,house,gable,False,18,20,5,5
6796,19.25,20.0833,1.01,0.1433,0.1433,0.96,3,high,house,gable,False,19,20,1,0
6797,19.4167,20.0833,0.995,0.1433,0.1433,1.28,4,high,house,gable,False,19,20,2,0
6798,19.5833,20.0833,0.98,0.1433,0.1433,0.96,3,high,house,gable,False,19,20,3,0
6799,19.5833,20.25,0.968,0.1433,0.1433,0.96,3,high,house,gable,False,19,20,3,1
6800,19.75,20.25,0.953,0.1433,0.1433,1.92,6,high,house,gable,False,19,20,4,1
6801,19.0833,20.4167,1.0,0.1433,0.1433,1.28,4,high,house,hip,False,19,20,0,2
6802,19.25,20.4167,0.986,0.1433,0.1433,0.96,3,high,house,hip,False,19,20,1,2
6803,19.4167,20.4167,0.971,0.1433,0.1433,1.92,6,high,house,hip,False,19,20,2,2
6804,19.5833,20.4167,0.956,0.1433,0.1433,1.92,6,high,house,hip,False,19,20,3,2
6805,19.9167,20.4167,0.928,0.1433,0.1433,1.28,4,high,house,hip,False,19,20,5,2
6806,19.0833,20.5833,0.988,0.1433,0.1433,1.28,4,high,house,gable,False,19,20,0,3
6807,19.4167,20.5833,0.959,0.1433,0.1433,1.28,4,high,house,hip,False,19,20,2,3
6808,19.75,20.5833,0.93,0.1433,0.1433,1.6,5,high,house,gable,False,19,20,4,3
6809,19.9167,20.5833,0.916,0.1433,0.1433,0.96,3,high,house,gable,False,19,20,5,3
6810,19.0833,20.75,0.975,0.1433,0.1433,1.28,4,high,house,gable,False,19,20,0,4
6811,19.4167,20.75,0.946,0.1433,0.1433,0.96,3,high,house,hip,False,19,20,2,4
6812,19.5833,20.75,0.932,0.1433,0.1433,0.96,3,high,house,gable,False,19,20,3,4
6813,19.9167,20.75,0.904,0.1433,0.1433,0.96,3,high,house,gable,False,19,20,5,4
6814,19.0833,20.9167,0.961,0.1433,0.1433,0.96,3,high,house,hip,False,19,20,0,5
6815,19.25,20.9167,0.947,0.1433,0.1433,0.96,3,high,house,hip,False,19,20,1,5
6816,19.4167,20.9167,0.933,0.1433,0.1433,0.96,3,high,house,gable,False,19,20,2,5
6817,19.75,20.9167,0.906,0.1433,0.1433,1.92,6,high,house,gable,False,19,20,4,5
6818,19.9167,20.9167,0.892,0.1433,0.1433,1.92,6,high,house,gable,False,19,20,5,5
6819,20.4167,20.0833,0.906,0.1433,0.1433,0.96,3,high,house,gable,False,20,20,2,0
6820,20.5833,20.0833,0.892,0.1433,0.1433,1.6,5,high,house,gable,False,20,20,3,0
6821,20.75,20.0833,0.878,0.1433,0.1433,1.28,4,high,house,gable,False,20,20,4,0
6822,20.9167,20.0833,0.864,0.1433,0.1433,1.6,5,high,house,gable,False,20,20,5,0
6823,20.5833,20.25,0.882,0.1433,0.1433,1.92,6,high,house,gable,False,20,20,3,1
6824,20.9167,20.25,0.854,0.1433,0.1433,1.6,5,high,house,hip,False,20,20,5,1
6825,20.4167,20.4167,0.885,0.1433,0.1433,1.28,4,high,house,gable,False,20,20,2,2
6826,20.5833,20.4167,0.872,0.1433,0.1433,1.28,4,high,house,gable,False,20,20,3,2
6827,20.75,20.4167,0.858,0.1433,0.1433,1.28,4,high,house,gable,False,20,20,4,2
6828,20.9167,20.4167,0.845,0.1433,0.1433,0.96,3,high,house,gable,False,20,20,5,2
6829,20.0833,20.5833,0.902,0.1433,0.1433,1.92,6,high,house,gable,False,20,20,0,3
6830,20.4167,20.5833,0.875,0.1433,0.1433,2.24,7,high,house,gable,False,20,20,2,3
6831,20.5833,20.5833,0.861,0.1433,0.1433,1.92,6,high,house,gable,False,20,20,3,3
6832,20.75,20.5833,0.848,0.1433,0.1433,1.28,4,high,house,gable,False,20,20,4,3
6833,20.0833,20.75,0.891,0.1433,0.1433,0.96,3,high,house,gable,False,20,20,0,4
6834,20.25,20.75,0.877,0.1433,0.1433,1.6,5,high,house,hip,False,20,20,1,4
6835,20.5833,20.75,0.851,0.1433,0.1433,1.6,5,high,house,hip,False,20,20,3,4
6836,20.0833,20.9167,0.879,0.1433,0.1433,0.96,3,high,house,gable,False,20,20,0,5
6837,20.4167,20.9167,0.853,0.1433,0.1433,1.92,6,high,house,gable,False,20,20,2,5
6838,20.5833,20.9167,0.84,0.1433,0.1433,0.96,3,high,house,gable,False,20,20,3,5
6839,21.0833,20.0833,0.85,0.1433,0.1433,0.96,3,high,house,hip,False,21,20,0,0
6840,21.25,20.0833,0.837,0.1433,0.1433,0.96,3,high,house,gable,False,21,20,1,0
6841,21.4167,20.0833,0.824,0.1433,0.1433,0.96,3,high,house,hip,False,21,20,2,0
6842,21.25,20.25,0.828,0.1433,0.1433,1.92,6,high,house,gable,False,21,20,1,1
6843,21.0833,20.4167,0.832,0.1433,0.1433,1.6,5,high,house,gable,False,21,20,0,2
6844,21.4167,20.4167,0.806,0.1433,0.1433,1.28,4,high,house,hip,False,21,20,2,2
6845,21.5833,20.4167,0.793,0.1433,0.1433,2.24,7,high,house,gable,False,21,20,3,2
6846,21.75,20.4167,0.781,0.1433,0.1433,1.92,6,high,house,gable,False,21,20,4,2
6847,21.9167,20.4167,0.769,0.1433,0.1433,1.6,5,high,house,gable,False,21,20,5,2
6848,21.0833,20.5833,0.822,0.1433,0.1433,1.28,4,high,house,hip,False,21,20,0,3
6849,21.25,20.5833,0.809,0.1433,0.1433,1.92,6,high,house,gable,False,21,20,1,3
6850,21.4167,20.5833,0.797,0.1433,0.1433,1.92,6,high,house,hip,False,21,20,2,3
6851,21.5833,20.5833,0.785,0.1433,0.1433,1.92,6,high,house,gable,False,21,20,3,3
6852,21.9167,20.5833,0.761,0.1433,0.1433,0.96,3,high,house,hip,False,21,20,5,3
6853,21.0833,20.75,0.812,0.1433,0.1433,0.96,3,high,house,gable,False,21,20,0,4
6854,21.5833,20.75,0.776,0.1433,0.1433,0.96,3,high,house,gable,False,21,20,3,4
6855,21.9167,20.75,0.753,0.1433,0.1433,0.96,3,high,house,gable,False,21,20,5,4
6856,21.0833,20.9167,0.802,0.1433,0.1433,1.6,5,high,house,gable,False,21,20,0,5
6857,21.25,20.9167,0.79,0.1433,0.1433,0.96,3,high,house,hip,False,21,20,1,5
6858,21.4167,20.9167,0.778,0.1433,0.1433,1.92,6,high,house,gable,False,21,20,2,5
6859,21.5833,20.9167,0.767,0.1433,0.1433,1.92,6,high,house,gable,False,21,20,3,5
6860,21.75,20.9167,0.756,0.1433,0.1433,1.28,4,high,house,gable,False,21,20,4,5
6861,21.9167,20.9167,0.744,0.1433,0.1433,1.28,4,high,house,gable,False,21,20,5,5
6862,22.0833,20.0833,0.773,0.1433,0.1433,1.28,4,high,house,gable,False,22,20,0,0
6863,22.25,20.0833,0.761,0.1433,0.1433,1.6,5,high,house,hip,False,22,20,1,0
6864,22.4167,20.0833,0.749,0.1433,0.1433,0.96,3,high,house,gable,False,22,20,2,0
6865,22.75,20.0833,0.726,0.1433,0.1433,1.92,6,high,house,gable,False,22,20,4,0
6866,22.9167,20.0833,0.715,0.1433,0.1433,0.96,3,high,house,hip,False,22,20,5,0
6867,22.0833,20.25,0.765,0.1433,0.1433,1.6,5,high,house,gable,False,22,20,0,1
6868,22.4167,20.25,0.742,0.1433,0.1433,1.6,5,high,house,gable,False,22,20,2,1
6869,22.9167,20.25,0.709,0.1433,0.1433,0.96,3,high,house,gable,False,22,20,5,1
6870,22.0833,20.4167,0.757,0.1433,0.1433,0.96,3,high,house,hip,False,22,20,0,2
6871,22.4167,20.4167,0.735,0.1433,0.1433,1.28,4,high,house,hip,False,22,20,2,2
6872,22.5833,20.4167,0.724,0.1433,0.1433,1.92,6,high,house,gable,False,22,20,3,2
6873,22.0833,20.5833,0.75,0.1433,0.1433,1.92,6,high,house,gable,False,22,20,0,3
6874,22.25,20.5833,0.738,0.1433,0.1433,1.28,4,high,house,gable,False,22,20,1,3
6875,22.4167,20.5833,0.728,0.1433,0.1433,1.6,5,high,house,hip,False,22,20,2,3
6876,22.5833,20.5833,0.717,0.1433,0.1433,2.24,7,high,house,gable,False,22,20,3,3
6877,22.0833,20.75,0.742,0.1433,0.1433,1.28,4,high,house,gable,False,22,20,0,4
6878,22.25,20.75,0.731,0.1433,0.1433,0.96,3,high,house,gable,False,22,20,1,4
6879,22.25,20.9167,0.723,0.1433,0.1433,1.28,4,high,house,gable,False,22,20,1,5
6880,22.4167,20.9167,0.713,0.1433,0.1433,1.92,6,high,house,gable,False,22,20,2,5
6881,23.25,20.0833,0.694,0.1433,0.1433,1.6,5,high,house,gable,False,23,20,1,0
6882,23.4167,20.0833,0.684,0.1433,0.1433,1.28,4,high,house,gable,False,23,20,2,0
6883,23.5833,20.0833,0.674,0.1433,0.1433,0.96,3,high,house,gable,False,23,20,3,0
6884,23.9167,20.0833,0.655,0.1433,0.1433,0.96,3,high,house,hip,False,23,20,5,0
6885,23.0833,20.25,0.698,0.1433,0.1433,1.92,6,high,house,gable,False,23,20,0,1
6886,23.25,20.25,0.688,0.1433,0.1433,1.92,6,high,house,gable,False,23,20,1,1
6887,23.5833,20.25,0.669,0.1433,0.1433,1.92,6,high,house,gable,False,23,20,3,1
6888,23.75,20.25,0.659,0.1433,0.1433,1.28,4,high,house,gable,False,23,20,4,1
6889,23.9167,20.25,0.65,0.1433,0.1433,0.96,3,high,house,gable,False,23,20,5,1
6890,23.0833,20.4167,0.693,0.1433,0.1433,0.96,3,high,house,gable,False,23,20,0,2
6891,23.25,20.4167,0.683,0.1433,0.1433,0.96,3,high,house,gable,False,23,20,1,2
6892,23.4167,20.4167,0.673,0.1433,0.1433,2.24,7,high,house,gable,False,23,20,2,2
6893,23.5833,20.4167,0.664,0.1433,0.1433,1.28,4,high,house,gable,False,23,20,3,2
6894,23.9167,20.4167,0.646,0.1433,0.1433,1.92,6,high,house,gable,False,23,20,5,2
6895,23.0833,20.5833,0.686,0.1433,0.1433,0.96,3,high,house,gable,False,23,20,0,3
6896,23.25,20.5833,0.677,0.1433,0.1433,1.28,4,high,house,hip,False,23,20,1,3
6897,23.5833,20.5833,0.658,0.1433,0.1433,2.24,7,high,house,gable,False,23,20,3,3
6898,23.25,20.9167,0.665,0.1433,0.1433,1.28,4,high,house,gable,False,23,20,1,5
6899,23.4167,20.9167,0.656,0.1433,0.1433,1.92,6,high,house,gable,False,23,20,2,5
6900,23.5833,20.9167,0.648,0.1433,0.1433,1.92,6,high,house,gable,False,23,20,3,5
6901,24.0833,20.0833,0.645,0.1433,0.1433,1.6,5,high,house,gable,False,24,20,0,0
6902,24.25,20.0833,0.637,0.1433,0.1433,1.6,5,high,house,gable,False,24,20,1,0
6903,24.5833,20.0833,0.619,0.1433,0.1433,1.6,5,high,house,gable,False,24,20,3,0
6904,24.75,20.0833,0.611,0.1433,0.1433,1.6,5,high,house,gable,False,24,20,4,0
6905,24.9167,20.0833,0.603,0.1433,0.1433,0.96,3,high,house,gable,False,24,20,5,0
6906,24.25,20.25,0.633,0.1433,0.1433,0.96,3,high,house,gable,False,24,20,1,1
6907,24.4167,20.25,0.624,0.1433,0.1433,1.28,4,high,house,gable,False,24,20,2,1
6908,24.75,20.25,0.608,0.1433,0.1433,1.28,4,high,house,gable,False,24,20,4,1
6909,24.9167,20.25,0.601,0.1433,0.1433,0.96,3,high,house,hip,False,24,20,5,1
6910,24.0833,20.4167,0.637,0.1433,0.1433,1.28,4,high,house,gable,False,24,20,0,2
6911,24.4167,20.4167,0.621,0.1433,0.1433,2.24,7,high,house,gable,False,24,20,2,2
6912,24.75,20.4167,0.605,0.1433,0.1433,1.92,6,high,house,gable,False,24,20,4,2
6913,24.0833,20.5833,0.633,0.1433,0.1433,1.28,4,high,house,gable,False,24,20,0,3
6914,24.4167,20.5833,0.617,0.1433,0.1433,1.6,5,high,house,hip,False,24,20,2,3
6915,24.75,20.5833,0.602,0.1433,0.1433,0.96,3,high,house,gable,False,24,20,4,3
6916,24.0833,20.75,0.628,0.1433,0.1433,1.92,6,high,house,gable,False,24,20,0,4
6917,24.4167,20.75,0.613,0.1433,0.1433,1.28,4,high,house,gable,False,24,20,2,4
6918,24.75,20.75,0.599,0.1433,0.1433,0.96,3,high,house,gable,False,24,20,4,4
6919,24.9167,20.75,0.592,0.1433,0.1433,1.6,5,high,house,gable,False,24,20,5,4
6920,24.0833,20.9167,0.624,0.1433,0.1433,1.92,6,high,house,gable,False,24,20,0,5
6921,24.25,20.9167,0.616,0.1433,0.1433,1.6,5,high,house,gable,False,24,20,1,5
6922,24.4167,20.9167,0.609,0.1433,0.1433,1.6,5,high,house,gable,False,24,20,2,5
6923,24.75,20.9167,0.595,0.1433,0.1433,1.6,5,high,house,gable,False,24,20,4,5
6924,24.9167,20.9167,0.589,0.1433,0.1433,0.96,3,high,house,gable,False,24,20,5,5
6925,25.25,20.0833,0.588,0.1433,0.1433,0.64,2,medium,house,gable,False,25,20,1,0
6926,25.4167,20.0833,0.581,0.1433,0.1433,0.96,3,medium,house,gable,False,25,20,2,0
6927,25.5833,20.0833,0.574,0.1433,0.1433,0.96,3,medium,house,hip,False,25,20,3,0
6928,25.4167,20.25,0.579,0.1433,0.1433,1.28,4,medium,house,hip,False,25,20,2,1
6929,25.75,20.25,0.565,0.1433,0.1433,0.64,2,medium,house,gable,False,25,20,4,1
6930,25.9167,20.25,0.559,0.1433,0.1433,0.96,3,medium,house,gable,False,25,20,5,1
6931,25.0833,20.4167,0.591,0.1433,0.1433,1.28,4,medium,house,gable,False,25,20,0,2
6932,25.25,20.4167,0.584,0.1433,0.1433,0.96,3,medium,house,gable,False,25,20,1,2
6933,25.4167,20.4167,0.577,0.1433,0.1433,0.64,2,medium,house,gable,False,25,20,2,2
6934,25.75,20.4167,0.564,0.1433,0.1433,0.64,2,medium,house,hip,False,25,20,4,2
6935,25.9167,20.4167,0.558,0.1433,0.1433,1.28,4,medium,house,gable,False,25,20,5,2
6936,25.25,20.5833,0.581,0.1433,0.1433,1.28,4,medium,house,gable,False,25,20,1,3
6937,25.4167,20.5833,0.575,0.1433,0.1433,0.64,2,medium,house,gable,False,25,20,2,3
6938,25.75,20.5833,0.562,0.1433,0.1433,0.96,3,medium,house,gable,False,25,20,4,3
6939,25.9167,20.5833,0.556,0.1433,0.1433,1.28,4,medium,house,gable,False,25,20,5,3
6940,25.4167,20.75,0.573,0.1433,0.1433,0.64,2,medium,house,gable,False,25,20,2,4
6941,26.0833,20.0833,0.554,0.1433,0.1433,0.64,2,medium,house,gable,False,26,20,0,0
6942,26.25,20.0833,0.547,0.1433,0.1433,0.64,2,medium,house,hip,False,26,20,1,0
6943,26.5833,20.0833,0.535,0.1433,0.1433,1.28,4,medium,house,gable,False,26,20,3,0
6944,26.75,20.0833,0.529,0.1433,0.1433,1.28,4,medium,house,gable,False,26,20,4,0
6945,26.9167,20.0833,0.523,0.1433,0.1433,1.28,4,medium,house,hip,False,26,20,5,0
6946,26.0833,20.25,0.553,0.1433,0.1433,1.28,4,medium,house,gable,False,26,20,0,1
6947,26.25,20.25,0.546,0.1433,0.1433,0.64,2,medium,house,gable,False,26,20,1,1
6948,26.5833,20.25,0.535,0.1433,0.1433,0.64,2,medium,house,hip,False,26,20,3,1
6949,26.9167,20.25,0.523,0.1433,0.1433,1.28,4,medium,house,gable,False,26,20,5,1
6950,26.0833,20.4167,0.552,0.1433,0.1433,0.64,2,medium,house,gable,False,26,20,0,2
6951,26.25,20.75,0.544,0.1433,0.1433,0.64,2,medium,house,gable,False,26,20,1,4
6952,26.9167,20.75,0.523,0.1433,0.1433,1.28,4,medium,house,gable,False,26,20,5,4
6953,26.25,20.9167,0.543,0.1433,0.1433,1.28,4,medium,house,gable,False,26,20,1,5
6954,26.4167,20.9167,0.538,0.1433,0.1433,1.28,4,medium,house,gable,False,26,20,2,5
6955,26.75,20.9167,0.528,0.1433,0.1433,1.28,4,medium,house,hip,False,26,20,4,5
6956,26.9167,20.9167,0.523,0.1433,0.1433,1.28,4,medium,house,gable,False,26,20,5,5
6957,27.0833,20.0833,0.517,0.1433,0.1433,1.28,4,medium,house,gable,False,27,20,0,0
6958,27.4167,20.0833,0.506,0.1433,0.1433,0.96,3,medium,house,hip,False,27,20,2,0
6959,27.5833,20.0833,0.5,0.1433,0.1433,1.28,4,medium,house,hip,False,27,20,3,0
6960,27.75,20.0833,0.495,0.1433,0.1433,0.96,3,medium,house,gable,False,27,20,4,0
6961,27.9167,20.0833,0.489,0.1433,0.1433,1.28,4,medium,house,gable,False,27,20,5,0
6962,27.0833,20.25,0.518,0.1433,0.1433,0.96,3,medium,house,hip,False,27,20,0,1
6963,27.25,20.25,0.512,0.1433,0.1433,0.64,2,medium,house,gable,False,27,20,1,1
6964,27.5833,20.25,0.501,0.1433,0.1433,0.96,3,medium,house,gable,False,27,20,3,1
6965,27.9167,20.25,0.491,0.1433,0.1433,0.96,3,medium,house,gable,False,27,20,5,1
6966,27.0833,20.4167,0.518,0.1433,0.1433,0.96,3,medium,house,gable,False,27,20,0,2
6967,27.4167,20.4167,0.507,0.1433,0.1433,0.96,3,medium,house,gable,False,27,20,2,2
6968,27.75,20.4167,0.497,0.1433,0.1433,0.64,2,medium,house,gable,False,27,20,4,2
6969,27.9167,20.4167,0.492,0.1433,0.1433,0.96,3,medium,house,hip,False,27,20,5,2
6970,27.0833,20.5833,0.518,0.1433,0.1433,0.96,3,medium,house,hip,False,27,20,0,3
6971,27.25,20.5833,0.513,0.1433,0.1433,0.64,2,medium,house,gable,False,27,20,1,3
6972,27.9167,20.5833,0.494,0.1433,0.1433,1.28,4,medium,house,hip,False,27,20,5,3
6973,27.0833,20.75,0.519,0.1433,0.1433,1.28,4,medium,house,hip,False,27,20,0,4
6974,27.25,20.75,0.514,0.1433,0.1433,0.96,3,medium,house,gable,False,27,20,1,4
6975,27.0833,20.9167,0.519,0.1433,0.1433,0.96,3,medium,house,hip,False,27,20,0,5
6976,27.25,20.9167,0.514,0.1433,0.1433,0.64,2,medium,house,gable,False,27,20,1,5
6977,27.4167,20.9167,0.51,0.1433,0.1433,1.28,4,medium,house,gable,False,27,20,2,5
6978,28.0833,20.0833,0.484,0.1433,0.1433,0.32,1,low,house,gable,False,28,20,0,0
6979,28.0833,20.25,0.485,0.1433,0.1433,0.64,2,low,house,gable,False,28,20,0,1
6980,28.25,20.25,0.48,0.1433,0.1433,0.32,1,low,house,gable,False,28,20,1,1
6981,28.0833,20.4167,0.487,0.1433,0.1433,0.64,2,low,house,gable,False,28,20,0,2
6982,28.25,20.4167,0.482,0.1433,0.1433,0.96,3,low,house,gable,False,28,20,1,2
6983,0.4167,21.0833,0.316,0.1433,0.1433,0.96,3,low,house,gable,False,0,21,2,0
6984,0.5833,21.0833,0.338,0.1433,0.1433,0.96,3,low,house,hip,False,0,21,3,0
6985,0.5833,21.25,0.34,0.1433,0.1433,0.64,2,low,house,gable,False,0,21,3,1
6986,0.75,21.5833,0.365,0.1433,0.1433,0.64,2,low,house,gable,False,0,21,4,3
6987,0.4167,21.75,0.325,0.1433,0.1433,0.32,1,low,house,hip,False,0,21,2,4
6988,0.5833,21.75,0.345,0.1433,0.1433,0.64,2,low,house,hip,False,0,21,3,4
6989,0.75,21.75,0.367,0.1433,0.1433,0.64,2,low,house,gable,False,0,21,4,4
6990,0.9167,21.75,0.388,0.1433,0.1433,0.96,3,low,house,gable,False,0,21,5,4
6991,0.4167,21.9167,0.327,0.1433,0.1433,0.32,1,low,house,hip,False,0,21,2,5
6992,0.75,21.9167,0.368,0.1433,0.1433,0.64,2,low,house,gable,False,0,21,4,5
6993,1.25,21.0833,0.426,0.1433,0.1433,0.32,1,low,house,gable,False,1,21,1,0
6994,1.25,21.25,0.428,0.1433,0.1433,0.96,3,low,house,gable,False,1,21,1,1
6995,1.4167,21.25,0.45,0.1433,0.1433,0.64,2,low,house,gable,False,1,21,2,1
6996,1.0833,21.4167,0.407,0.1433,0.1433,0.96,3,low,house,hip,False,1,21,0,2
6997,1.25,21.4167,0.429,0.1433,0.1433,0.32,1,low,house,gable,False,1,21,1,2
6998,1.0833,21.5833,0.408,0.1433,0.1433,0.32,1,low,house,gable,False,1,21,0,3
6999,2.9167,21.25,0.653,0.1433,0.1433,0.96,3,low,house,hip,False,2,21,5,1
7000,2.75,21.4167,0.63,0.1433,0.1433,0.32,1,low,house,gable,False,2,21,4,2
7001,2.9167,21.4167,0.652,0.1433,0.1433,0.96,3,low,house,gable,False,2,21,5,2
7002,2.75,21.5833,0.628,0.1433,0.1433,0.96,3,low,house,hip,False,2,21,4,3
7003,3.25,21.4167,0.696,0.1433,0.1433,0.32,1,low,house,gable,False,3,21,1,2
7004,3.4167,21.4167,0.719,0.1433,0.1433,0.32,1,low,house,gable,False,3,21,2,2
7005,3.25,21.5833,0.695,0.1433,0.1433,0.32,1,low,house,gable,False,3,21,1,3
7006,3.5833,21.5833,0.738,0.1433,0.1433,0.32,1,low,house,gable,False,3,21,3,3
7007,3.4167,21.75,0.714,0.1433,0.1433,0.64,2,low,house,gable,False,3,21,2,4
7008,3.5833,21.75,0.736,0.1433,0.1433,0.32,1,low,house,gable,False,3,21,3,4
7009,3.4167,21.9167,0.712,0.1433,0.1433,0.32,1,low,house,gable,False,3,21,2,5
7010,3.5833,21.9167,0.733,0.1433,0.1433,0.64,2,low,house,hip,False,3,21,3,5
7011,6.4167,21.25,1.087,0.1433,0.1433,0.32,1,low,house,hip,False,6,21,2,1
7012,6.25,21.4167,1.062,0.1433,0.1433,0.96,3,low,house,gable,False,6,21,1,2
7013,6.4167,21.4167,1.079,0.1433,0.1433,0.32,1,low,house,hip,False,6,21,2,2
7014,6.5833,21.4167,1.096,0.1433,0.1433,0.96,3,low,house,gable,False,6,21,3,2
7015,6.4167,21.5833,1.071,0.1433,0.1433,0.32,1,low,house,gable,False,6,21,2,3
7016,7.5833,21.4167,1.187,0.1433,0.1433,0.32,1,low,house,gable,False,7,21,3,2
7017,7.4167,21.5833,1.164,0.1433,0.1433,0.64,2,low,house,hip,False,7,21,2,3
7018,7.5833,21.5833,1.177,0.1433,0.1433,0.96,3,low,house,hip,False,7,21,3,3
7019,7.4167,21.75,1.154,0.1433,0.1433,0.96,3,low,house,gable,False,7,21,2,4
7020,7.5833,21.75,1.167,0.1433,0.1433,0.96,3,low,house,gable,False,7,21,3,4
7021,7.75,21.75,1.18,0.1433,0.1433,0.32,1,low,house,gable,False,7,21,4,4
7022,7.4167,21.9167,1.144,0.1433,0.1433,0.96,3,low,house,gable,False,7,21,2,5
7023,9.5833,21.0833,1.338,0.1433,0.1433,0.32,1,low,house,gable,False,9,21,3,0
7024,9.75,21.0833,1.345,0.1433,0.1433,0.96,3,low,house,gable,False,9,21,4,0
7025,9.9167,21.0833,1.351,0.1433,0.1433,0.64,2,low,house,gable,False,9,21,5,0
7026,9.75,21.25,1.332,0.1433,0.1433,0.64,2,low,house,gable,False,9,21,4,1
7027,9.9167,21.25,1.338,0.1433,0.1433,0.64,2,low,house,gable,False,9,21,5,1
7028,9.9167,21.4167,1.324,0.1433,0.1433,0.64,2,low,house,gable,False,9,21,5,2
7029,9.5833,21.75,1.285,0.1433,0.1433,0.96,3,low,house,gable,False,9,21,3,4
7030,9.75,21.75,1.291,0.1433,0.1433,0.64,2,low,house,gable,False,9,21,4,4
7031,9.5833,21.9167,1.272,0.1433,0.1433,0.96,3,low,house,hip,False,9,21,3,5
7032,9.75,21.9167,1.278,0.1433,0.1433,0.96,3,low,house,hip,False,9,21,4,5
7033,10.0833,21.0833,1.357,0.1433,0.1433,0.96,3,high,house,gable,False,10,21,0,0
7034,10.25,21.0833,1.363,0.1433,0.1433,0.96,3,high,house,gable,False,10,21,1,0
7035,10.4167,21.0833,1.367,0.1433,0.1433,1.92,6,high,house,gable,False,10,21,2,0
7036,10.5833,21.0833,1.371,0.1433,0.1433,1.6,5,high,house,gable,False,10,21,3,0
7037,10.9167,21.0833,1.377,0.1433,0.1433,1.6,5,high,house,gable,False,10,21,5,0
7038,10.0833,21.25,1.344,0.1433,0.1433,0.96,3,high,house,gable,False,10,21,0,1
7039,10.5833,21.25,1.357,0.1433,0.1433,0.96,3,high,house,gable,False,10,21,3,1
7040,10.9167,21.25,1.363,0.1433,0.1433,1.92,6,high,house,hip,False,10,21,5,1
7041,10.0833,21.4167,1.33,0.1433,0.1433,1.6,5,high,house,gable,False,10,21,0,2
7042,10.25,21.4167,1.335,0.1433,0.1433,1.6,5,high,house,hip,False,10,21,1,2
7043,10.4167,21.4167,1.339,0.1433,0.1433,1.92,6,high,house,gable,False,10,21,2,2
7044,10.5833,21.4167,1.342,0.1433,0.1433,1.6,5,high,house,hip,False,10,21,3,2
7045,10.9167,21.4167,1.348,0.1433,0.1433,1.92,6,high,house,gable,False,10,21,5,2
7046,10.0833,21.5833,1.316,0.1433,0.1433,1.6,5,high,house,gable,False,10,21,0,3
7047,10.4167,21.5833,1.324,0.1433,0.1433,2.24,7,high,house,hip,False,10,21,2,3
7048,10.75,21.5833,1.33,0.1433,0.1433,0.96,3,high,house,gable,False,10,21,4,3
7049,10.9167,21.5833,1.333,0.1433,0.1433,1.6,5,high,house,gable,False,10,21,5,3
7050,10.0833,21.75,1.302,0.1433,0.1433,1.28,4,high,house,gable,False,10,21,0,4
7051,10.4167,21.75,1.31,0.1433,0.1433,1.28,4,high,house,hip,False,10,21,2,4
7052,10.5833,21.75,1.313,0.1433,0.1433,0.96,3,high,house,gable,False,10,21,3,4
7053,10.0833,21.9167,1.288,0.1433,0.1433,0.96,3,high,house,gable,False,10,21,0,5
7054,10.25,21.9167,1.292,0.1433,0.1433,0.96,3,high,house,hip,False,10,21,1,5
7055,10.4167,21.9167,1.295,0.1433,0.1433,1.92,6,high,house,hip,False,10,21,2,5
7056,10.5833,21.9167,1.298,0.1433,0.1433,1.6,5,high,house,gable,False,10,21,3,5
7057,11.0833,21.0833,1.38,0.1433,0.1433,1.6,5,high,house,gable,False,11,21,0,0
7058,11.25,21.0833,1.381,0.1433,0.1433,1.28,4,high,house,gable,False,11,21,1,0
7059,11.4167,21.0833,1.382,0.1433,0.1433,1.6,5,high,house,gable,False,11,21,2,0
7060,11.75,21.0833,1.382,0.1433,0.1433,1.28,4,high,house,gable,False,11,21,4,0
7061,11.9167,21.0833,1.381,0.1433,0.1433,1.28,4,high,house,gable,False,11,21,5,0
7062,11.0833,21.25,1.365,0.1433,0.1433,1.6,5,high,house,gable,False,11,21,0,1
7063,11.4167,21.25,1.367,0.1433,0.1433,0.96,3,high,house,gable,False,11,21,2,1
7064,11.5833,21.25,1.367,0.1433,0.1433,0.96,3,high,house,hip,False,11,21,3,1
7065,11.75,21.25,1.366,0.1433,0.1433,1.92,6,high,house,gable,False,11,21,4,1
7066,11.9167,21.25,1.365,0.1433,0.1433,1.92,6,high,house,gable,False,11,21,5,1
7067,11.0833,21.4167,1.349,0.1433,0.1433,1.28,4,high,house,hip,False,11,21,0,2
7068,11.25,21.4167,1.351,0.1433,0.1433,1.28,4,high,house,gable,False,11,21,1,2
7069,11.75,21.4167,1.35,0.1433,0.1433,1.92,6,high,house,hip,False,11,21,4,2
7070,11.9167,21.4167,1.349,0.1433,0.1433,1.6,5,high,house,gable,False,11,21,5,2
7071,11.25,21.75,1.319,0.1433,0.1433,1.92,6,high,house,hip,False,11,21,1,4
7072,11.4167,21.75,1.32,0.1433,0.1433,1.92,6,high,house,gable,False,11,21,2,4
7073,11.75,21.75,1.318,0.1433,0.1433,1.6,5,high,house,gable,False,11,21,4,4
7074,11.9167,21.75,1.317,0.1433,0.1433,1.28,4,high,house,gable,False,11,21,5,4
7075,11.0833,21.9167,1.303,0.1433,0.1433,1.92,6,high,house,gable,False,11,21,0,5
7076,11.25,21.9167,1.304,0.1433,0.1433,0.96,3,high,house,gable,False,11,21,1,5
7077,11.4167,21.9167,1.304,0.1433,0.1433,0.96,3,high,house,gable,False,11,21,2,5
7078,11.5833,21.9167,1.303,0.1433,0.1433,0.96,3,high,house,gable,False,11,21,3,5
7079,11.75,21.9167,1.302,0.1433,0.1433,0.96,3,high,house,gable,False,11,21,4,5
7080,11.9167,21.9167,1.3,0.1433,0.1433,1.28,4,high,house,gable,False,11,21,5,5
7081,12.0833,21.0833,1.38,0.1433,0.1433,1.6,5,high,house,gable,False,12,21,0,0
7082,12.25,21.0833,1.378,0.1433,0.1433,1.28,4,high,house,hip,False,12,21,1,0
7083,12.4167,21.0833,1.375,0.1433,0.1433,1.28,4,high,house,gable,False,12,21,2,0
7084,12.5833,21.0833,1.372,0.1433,0.1433,0.96,3,high,house,gable,False,12,21,3,0
7085,12.0833,21.25,1.364,0.1433,0.1433,1.92,6,high,house,gable,False,12,21,0,1
7086,12.4167,21.25,1.359,0.1433,0.1433,1.28,4,high,house,gable,False,12,21,2,1
7087,12.75,21.25,1.351,0.1433,0.1433,0.96,3,high,house,hip,False,12,21,4,1
7088,12.9167,21.25,1.347,0.1433,0.1433,0.96,3,high,house,gable,False,12,21,5,1
7089,12.0833,21.4167,1.347,0.1433,0.1433,0.96,3,high,house,gable,False,12,21,0,2
7090,12.4167,21.4167,1.342,0.1433,0.1433,1.6,5,high,house,hip,False,12,21,2,2
7091,12.5833,21.4167,1.339,0.1433,0.1433,1.28,4,high,house,gable,False,12,21,3,2
7092,12.75,21.4167,1.335,0.1433,0.1433,1.92,6,high,house,gable,False,12,21,4,2
7093,12.9167,21.4167,1.33,0.1433,0.1433,1.28,4,high,house,gable,False,12,21,5,2
7094,12.4167,21.5833,1.325,0.1433,0.1433,1.28,4,high,house,hip,False,12,21,2,3
7095,12.9167,21.5833,1.313,0.1433,0.1433,1.92,6,high,house,hip,False,12,21,5,3
7096,12.0833,21.75,1.314,0.1433,0.1433,0.96,3,high,house,gable,False,12,21,0,4
7097,12.25,21.75,1.312,0.1433,0.1433,1.6,5,high,house,gable,False,12,21,1,4
7098,12.5833,21.75,1.305,0.1433,0.1433,1.6,5,high,house,gable,False,12,21,3,4
7099,12.75,21.75,1.301,0.1433,0.1433,1.6,5,high,house,gable,False,12,21,4,4
7100,12.0833,21.9167,1.298,0.1433,0.1433,1.28,4,high,house,gable,False,12,21,0,5
7101,12.25,21.9167,1.295,0.1433,0.1433,0.96,3,high,house,gable,False,12,21,1,5
7102,12.4167,21.9167,1.292,0.1433,0.1433,1.6,5,high,house,gable,False,12,21,2,5
7103,12.5833,21.9167,1.288,0.1433,0.1433,1.6,5,high,house,gable,False,12,21,3,5
7104,13.0833,21.0833,1.359,0.1433,0.1433,0.96,3,medium,house,gable,False,13,21,0,0
7105,13.25,21.0833,1.353,0.1433,0.1433,0.96,3,medium,house,gable,False,13,21,1,0
7106,13.4167,21.0833,1.347,0.1433,0.1433,0.64,2,medium,house,hip,False,13,21,2,0
7107,13.5833,21.0833,1.341,0.1433,0.1433,0.64,2,medium,house,gable,False,13,21,3,0
7108,13.75,21.0833,1.334,0.1433,0.1433,0.96,3,medium,house,gable,False,13,21,4,0
7109,13.0833,21.25,1.342,0.1433,0.1433,1.28,4,medium,house,gable,False,13,21,0,1
7110,13.25,21.25,1.336,0.1433,0.1433,1.28,4,medium,house,gable,False,13,21,1,1
7111,13.5833,21.25,1.324,0.1433,0.1433,0.64,2,medium,house,gable,False,13,21,3,1
7112,13.0833,21.4167,1.325,0.1433,0.1433,0.96,3,medium,house,gable,False,13,21,0,2
7113,13.4167,21.4167,1.313,0.1433,0.1433,1.28,4,medium,house,gable,False,13,21,2,2
7114,13.5833,21.4167,1.307,0.1433,0.1433,1.28,4,medium,house,gable,False,13,21,3,2
7115,13.25,21.5833,1.302,0.1433,0.1433,1.28,4,medium,house,hip,False,13,21,1,3
7116,13.4167,21.5833,1.296,0.1433,0.1433,1.28,4,medium,house,gable,False,13,21,2,3
7117,13.5833,21.75,1.272,0.1433,0.1433,0.96,3,medium,house,gable,False,13,21,3,4
7118,13.75,21.75,1.265,0.1433,0.1433,0.64,2,medium,house,gable,False,13,21,4,4
7119,13.4167,21.9167,1.261,0.1433,0.1433,0.64,2,medium,house,gable,False,13,21,2,5
7120,13.5833,21.9167,1.254,0.1433,0.1433,1.28,4,medium,house,hip,False,13,21,3,5
7121,13.75,21.9167,1.247,0.1433,0.1433,1.28,4,medium,house,gable,False,13,21,4,5
7122,13.9167,21.9167,1.239,0.1433,0.1433,0.64,2,medium,house,gable,False,13,21,5,5
7123,14.0833,21.0833,1.318,0.1433,0.1433,0.96,3,medium,house,gable,False,14,21,0,0
7124,14.25,21.0833,1.31,0.1433,0.1433,1.28,4,medium,house,gable,False,14,21,1,0
7125,14.4167,21.0833,1.301,0.1433,0.1433,0.96,3,medium,house,gable,False,14,21,2,0
7126,14.5833,21.0833,1.292,0.1433,0.1433,0.96,3,medium,house,hip,False,14,21,3,0
7127,14.75,21.0833,1.282,0.1433,0.1433,0.64,2,medium,house,gable,False,14,21,4,0
7128,14.9167,21.0833,1.272,0.1433,0.1433,0.96,3,medium,house,gable,False,14,21,5,0
7129,14.0833,21.25,1.301,0.1433,0.1433,1.28,4,medium,house,gable,False,14,21,0,1
7130,14.5833,21.25,1.275,0.1433,0.1433,1.28,4,medium,house,hip,False,14,21,3,1
7131,14.75,21.25,1.265,0.1433,0.1433,0.64,2,medium,house,gable,False,14,21,4,1
7132,14.9167,21.25,1.255,0.1433,0.1433,0.96,3,medium,house,gable,False,14,21,5,1
7133,14.0833,21.4167,1.284,0.1433,0.1433,0.96,3,medium,house,gable,False,14,21,0,2
7134,14.25,21.4167,1.276,0.1433,0.1433,0.96,3,medium,house,gable,False,14,21,1,2
7135,14.5833,21.4167,1.258,0.1433,0.1433,1.28,4,medium,house,gable,False,14,21,3,2
7136,14.75,21.4167,1.248,0.1433,0.1433,0.64,2,medium,house,gable,False,14,21,4,2
7137,14.0833,21.5833,1.267,0.1433,0.1433,0.96,3,medium,house,hip,False,14,21,0,3
7138,14.4167,21.75,1.232,0.1433,0.1433,0.64,2,medium,house,gable,False,14,21,2,4
7139,14.5833,21.75,1.223,0.1433,0.1433,1.28,4,medium,house,hip,False,14,21,3,4
7140,14.25,21.9167,1.223,0.1433,0.1433,0.64,2,medium,house,gable,False,14,21,1,5
7141,14.4167,21.9167,1.214,0.1433,0.1433,1.28,4,medium,house,gable,False,14,21,2,5
7142,14.5833,21.9167,1.205,0.1433,0.1433,1.28,4,medium,house,hip,False,14,21,3,5
7143,15.0833,21.0833,1.262,0.1433,0.1433,0.96,3,high,house,gable,False,15,21,0,0
7144,15.25,21.0833,1.251,0.1433,0.1433,0.96,3,high,house,gable,False,15,21,1,0
7145,15.4167,21.0833,1.24,0.1433,0.1433,1.6,5,high,house,gable,False,15,21,2,0
7146,15.5833,21.0833,1.229,0.1433,0.1433,1.92,6,high,house,gable,False,15,21,3,0
7147,15.75,21.0833,1.217,0.1433,0.1433,1.92,6,high,house,gable,False,15,21,4,0
7148,15.9167,21.0833,1.205,0.1433,0.1433,0.96,3,high,house,gable,False,15,21,5,0
7149,15.25,21.25,1.234,0.1433,0.1433,0.96,3,high,house,gable,False,15,21,1,1
7150,15.5833,21.25,1.212,0.1433,0.1433,1.6,5,high,house,gable,False,15,21,3,1
7151,15.9167,21.25,1.188,0.1433,0.1433,0.96,3,high,house,gable,False,15,21,5,1
7152,15.0833,21.4167,1.228,0.1433,0.1433,1.28,4,high,house,hip,False,15,21,0,2
7153,15.25,21.4167,1.217,0.1433,0.1433,1.92,6,high,house,gable,False,15,21,1,2
7154,15.4167,21.4167,1.206,0.1433,0.1433,1.92,6,high,house,gable,False,15,21,2,2
7155,15.5833,21.4167,1.195,0.1433,0.1433,2.24,7,high,house,gable,False,15,21,3,2
7156,15.75,21.4167,1.183,0.1433,0.1433,1.92,6,high,house,hip,False,15,21,4,2
7157,15.9167,21.4167,1.171,0.1433,0.1433,1.6,5,high,house,hip,False,15,21,5,2
7158,15.0833,21.5833,1.21,0.1433,0.1433,1.28,4,high,house,gable,False,15,21,0,3
7159,15.25,21.5833,1.2,0.1433,0.1433,1.6,5,high,house,gable,False,15,21,1,3
7160,15.75,21.5833,1.166,0.1433,0.1433,1.28,4,high,house,hip,False,15,21,4,3
7161,15.25,21.75,1.182,0.1433,0.1433,1.6,5,high,house,gable,False,15,21,1,4
7162,15.4167,21.75,1.171,0.1433,0.1433,0.96,3,high,house,hip,False,15,21,2,4
7163,15.9167,21.75,1.137,0.1433,0.1433,1.92,6,high,house,gable,False,15,21,5,4
7164,15.0833,21.9167,1.175,0.1433,0.1433,1.6,5,high,house,gable,False,15,21,0,5
7165,15.25,21.9167,1.165,0.1433,0.1433,1.6,5,high,house,hip,False,15,21,1,5
7166,15.4167,21.9167,1.154,0.1433,0.1433,1.28,4,high,house,gable,False,15,21,2,5
7167,15.5833,21.9167,1.143,0.1433,0.1433,1.28,4,high,house,gable,False,15,21,3,5
7168,15.75,21.9167,1.131,0.1433,0.1433,1.6,5,high,house,hip,False,15,21,4,5
7169,16.0833,21.0833,1.193,0.1433,0.1433,1.28,4,high,house,gable,False,16,21,0,0
7170,16.25,21.0833,1.18,0.1433,0.1433,1.6,5,high,house,gable,False,16,21,1,0
7171,16.4167,21.0833,1.168,0.1433,0.1433,1.6,5,high,house,gable,False,16,21,2,0
7172,16.5833,21.0833,1.155,0.1433,0.1433,1.6,5,high,house,gable,False,16,21,3,0
7173,16.0833,21.25,1.176,0.1433,0.1433,1.6,5,high,house,gable,False,16,21,0,1
7174,16.5833,21.25,1.138,0.1433,0.1433,1.28,4,high,house,gable,False,16,21,3,1
7175,16.0833,21.4167,1.159,0.1433,0.1433,1.92,6,high,house,hip,False,16,21,0,2
7176,16.25,21.4167,1.147,0.1433,0.1433,1.92,6,high,house,hip,False,16,21,1,2
7177,16.4167,21.4167,1.134,0.1433,0.1433,1.6,5,high,house,gable,False,16,21,2,2
7178,16.75,21.4167,1.109,0.1433,0.1433,0.96,3,high,house,gable,False,16,21,4,2
7179,16.9167,21.4167,1.096,0.1433,0.1433,1.28,4,high,house,gable,False,16,21,5,2
7180,16.0833,21.5833,1.142,0.1433,0.1433,1.6,5,high,house,hip,False,16,21,0,3
7181,16.4167,21.5833,1.118,0.1433,0.1433,1.92,6,high,house,gable,False,16,21,2,3
7182,16.75,21.5833,1.092,0.1433,0.1433,1.92,6,high,house,gable,False,16,21,4,3
7183,16.9167,21.5833,1.079,0.1433,0.1433,1.28,4,high,house,gable,False,16,21,5,3
7184,16.0833,21.75,1.125,0.1433,0.1433,0.96,3,high,house,gable,False,16,21,0,4
7185,16.4167,21.75,1.101,0.1433,0.1433,1.28,4,high,house,hip,False,16,21,2,4
7186,16.9167,21.75,1.063,0.1433,0.1433,0.96,3,high,house,gable,False,16,21,5,4
7187,16.0833,21.9167,1.108,0.1433,0.1433,0.96,3,high,house,gable,False,16,21,0,5
7188,16.25,21.9167,1.096,0.1433,0.1433,1.28,4,high,house,hip,False,16,21,1,5
7189,16.4167,21.9167,1.084,0.1433,0.1433,1.92,6,high,house,gable,False,16,21,2,5
7190,16.5833,21.9167,1.071,0.1433,0.1433,1.28,4,high,house,gable,False,16,21,3,5
7191,17.0833,21.0833,1.115,0.1433,0.1433,1.6,5,high,house,gable,False,17,21,0,0
7192,17.25,21.0833,1.101,0.1433,0.1433,1.28,4,high,house,gable,False,17,21,1,0
7193,17.4167,21.0833,1.087,0.1433,0.1433,1.28,4,high,house,gable,False,17,21,2,0
7194,17.5833,21.0833,1.074,0.1433,0.1433,0.96,3,high,house,gable,False,17,21,3,0
7195,17.0833,21.25,1.099,0.1433,0.1433,1.92,6,high,house,hip,False,17,21,0,1
7196,17.5833,21.25,1.058,0.1433,0.1433,1.28,4,high,house,hip,False,17,21,3,1
7197,17.0833,21.4167,1.083,0.1433,0.1433,1.92,6,high,house,hip,False,17,21,0,2
7198,17.25,21.4167,1.069,0.1433,0.1433,0.96,3,high,house,hip,False,17,21,1,2
7199,17.5833,21.4167,1.043,0.1433,0.1433,1.6,5,high,house,gable,False,17,21,3,2
7200,17.75,21.4167,1.029,0.1433,0.1433,1.28,4,high,house,gable,False,17,21,4,2
7201,17.9167,21.4167,1.016,0.1433,0.1433,1.92,6,high,house,gable,False,17,21,5,2
7202,17.0833,21.5833,1.066,0.1433,0.1433,0.96,3,high,house,gable,False,17,21,0,3
7203,17.4167,21.5833,1.04,0.1433,0.1433,1.6,5,high,house,hip,False,17,21,2,3
7204,17.5833,21.5833,1.027,0.1433,0.1433,2.24,7,high,house,gable,False,17,21,3,3
7205,17.75,21.5833,1.014,0.1433,0.1433,1.6,5,high,house,gable,False,17,21,4,3
7206,17.9167,21.5833,1.0,0.1433,0.1433,1.6,5,high,house,gable,False,17,21,5,3
7207,17.25,21.75,1.037,0.1433,0.1433,1.92,6,high,house,gable,False,17,21,1,4
7208,17.4167,21.9167,1.008,0.1433,0.1433,1.92,6,high,house,gable,False,17,21,2,5
7209,18.25,21.0833,1.018,0.1433,0.1433,0.64,2,medium,house,gable,False,18,21,1,0
7210,18.4167,21.0833,1.004,0.1433,0.1433,0.96,3,medium,house,gable,False,18,21,2,0
7211,18.5833,21.0833,0.99,0.1433,0.1433,1.28,4,medium,house,gable,False,18,21,3,0
7212,18.75,21.0833,0.976,0.1433,0.1433,0.96,3,medium,house,hip,False,18,21,4,0
7213,18.9167,21.0833,0.962,0.1433,0.1433,0.96,3,medium,house,gable,False,18,21,5,0
7214,18.0833,21.25,1.017,0.1433,0.1433,0.96,3,medium,house,gable,False,18,21,0,1
7215,18.25,21.25,1.003,0.1433,0.1433,0.96,3,medium,house,hip,False,18,21,1,1
7216,18.4167,21.25,0.989,0.1433,0.1433,0.96,3,medium,house,gable,False,18,21,2,1
7217,18.75,21.25,0.962,0.1433,0.1433,1.28,4,medium,house,gable,False,18,21,4,1
7218,18.25,21.4167,0.988,0.1433,0.1433,0.64,2,medium,house,gable,False,18,21,1,2
7219,18.4167,21.4167,0.975,0.1433,0.1433,0.96,3,medium,house,gable,False,18,21,2,2
7220,18.75,21.4167,0.948,0.1433,0.1433,0.64,2,medium,house,gable,False,18,21,4,2
7221,18.9167,21.4167,0.934,0.1433,0.1433,0.64,2,medium,house,gable,False,18,21,5,2
7222,18.4167,21.5833,0.96,0.1433,0.1433,0.96,3,medium,house,hip,False,18,21,2,3
7223,18.5833,21.5833,0.947,0.1433,0.1433,1.28,4,medium,house,gable,False,18,21,3,3
7224,18.75,21.5833,0.934,0.1433,0.1433,0.96,3,medium,house,hip,False,18,21,4,3
7225,18.0833,21.75,0.972,0.1433,0.1433,0.96,3,medium,house,gable,False,18,21,0,4
7226,18.0833,21.9167,0.956,0.1433,0.1433,0.96,3,medium,house,gable,False,18,21,0,5
7227,18.25,21.9167,0.943,0.1433,0.1433,1.28,4,medium,house,hip,False,18,21,1,5
7228,19.0833,21.0833,0.948,0.1433,0.1433,0.96,3,medium,house,gable,False,19,21,0,0
7229,19.0833,21.4167,0.921,0.1433,0.1433,1.28,4,medium,house,gable,False,19,21,0,2
7230,19.4167,21.4167,0.895,0.1433,0.1433,0.96,3,medium,house,gable,False,19,21,2,2
7231,19.5833,21.4167,0.882,0.1433,0.1433,0.64,2,medium,house,gable,False,19,21,3,2
7232,19.75,21.4167,0.869,0.1433,0.1433,0.96,3,medium,house,hip,False,19,21,4,2
7233,19.9167,21.4167,0.856,0.1433,0.1433,1.28,4,medium,house,gable,False,19,21,5,2
7234,19.0833,21.5833,0.907,0.1433,0.1433,0.96,3,medium,house,hip,False,19,21,0,3
7235,19.25,21.5833,0.894,0.1433,0.1433,1.28,4,medium,house,hip,False,19,21,1,3
7236,19.4167,21.5833,0.881,0.1433,0.1433,0.96,3,medium,house,gable,False,19,21,2,3
7237,19.5833,21.5833,0.869,0.1433,0.1433,0.96,3,medium,house,gable,False,19,21,3,3
7238,19.75,21.5833,0.856,0.1433,0.1433,0.96,3,medium,house,hip,False,19,21,4,3
7239,19.0833,21.75,0.893,0.1433,0.1433,0.64,2,medium,house,gable,False,19,21,0,4
7240,19.9167,21.75,0.831,0.1433,0.1433,0.64,2,medium,house,gable,False,19,21,5,4
7241,19.25,21.9167,0.867,0.1433,0.1433,1.28,4,medium,house,gable,False,19,21,1,5
7242,19.4167,21.9167,0.855,0.1433,0.1433,0.64,2,medium,house,gable,False,19,21,2,5
7243,19.5833,21.9167,0.842,0.1433,0.1433,1.28,4,medium,house,gable,False,19,21,3,5
7244,19.75,21.9167,0.83,0.1433,0.1433,0.64,2,medium,house,gable,False,19,21,4,5
7245,19.9167,21.9167,0.818,0.1433,0.1433,1.28,4,medium,house,hip,False,19,21,5,5
7246,20.0833,21.0833,0.867,0.1433,0.1433,0.96,3,medium,house,gable,False,20,21,0,0
7247,20.25,21.0833,0.854,0.1433,0.1433,0.64,2,medium,house,gable,False,20,21,1,0
7248,20.4167,21.0833,0.842,0.1433,0.1433,1.28,4,medium,house,hip,False,20,21,2,0
7249,20.5833,21.0833,0.829,0.1433,0.1433,0.96,3,medium,house,gable,False,20,21,3,0
7250,20.0833,21.25,0.855,0.1433,0.1433,0.96,3,medium,house,gable,False,20,21,0,1
7251,20.4167,21.25,0.83,0.1433,0.1433,0.96,3,medium,house,gable,False,20,21,2,1
7252,20.5833,21.4167,0.807,0.1433,0.1433,0.96,3,medium,house,gable,False,20,21,3,2
7253,20.0833,21.5833,0.831,0.1433,0.1433,0.64,2,medium,house,gable,False,20,21,0,3
7254,20.25,21.5833,0.819,0.1433,0.1433,1.28,4,medium,house,gable,False,20,21,1,3
7255,20.4167,21.5833,0.807,0.1433,0.1433,1.28,4,medium,house,hip,False,20,21,2,3
7256,20.5833,21.5833,0.795,0.1433,0.1433,0.96,3,medium,house,gable,False,20,21,3,3
7257,20.75,21.5833,0.784,0.1433,0.1433,1.28,4,medium,house,gable,False,20,21,4,3
7258,20.0833,21.75,0.819,0.1433,0.1433,0.64,2,medium,house,gable,False,20,21,0,4
7259,20.4167,21.75,0.796,0.1433,0.1433,1.28,4,medium,house,gable,False,20,21,2,4
7260,20.75,21.75,0.773,0.1433,0.1433,0.64,2,medium,house,gable,False,20,21,4,4
7261,20.9167,21.75,0.762,0.1433,0.1433,0.64,2,medium,house,gable,False,20,21,5,4
7262,20.0833,21.9167,0.807,0.1433,0.1433,0.96,3,medium,house,gable,False,20,21,0,5
7263,20.25,21.9167,0.795,0.1433,0.1433,1.28,4,medium,house,gable,False,20,21,1,5
7264,20.4167,21.9167,0.784,0.1433,0.1433,1.28,4,medium,house,gable,False,20,21,2,5
7265,20.5833,21.9167,0.773,0.1433,0.1433,1.28,4,medium,house,gable,False,20,21,3,5
7266,21.0833,21.0833,0.792,0.1433,0.1433,0.96,3,high,house,gable,False,21,21,0,0
7267,21.5833,21.0833,0.758,0.1433,0.1433,1.92,6,high,house,hip,False,21,21,3,0
7268,21.0833,21.25,0.782,0.1433,0.1433,1.6,5,high,house,gable,False,21,21,0,1
7269,21.25,21.25,0.771,0.1433,0.1433,1.92,6,high,house,gable,False,21,21,1,1
7270,21.4167,21.25,0.759,0.1433,0.1433,1.92,6,high,house,hip,False,21,21,2,1
7271,21.5833,21.25,0.749,0.1433,0.1433,0.96,3,high,house,gable,False,21,21,3,1
7272,21.75,21.25,0.738,0.1433,0.1433,1.92,6,high,house,gable,False,21,21,4,1
7273,21.0833,21.4167,0.772,0.1433,0.1433,1.6,5,high,house,gable,False,21,21,0,2
7274,21.5833,21.4167,0.739,0.1433,0.1433,1.28,4,high,house,hip,False,21,21,3,2
7275,21.75,21.4167,0.729,0.1433,0.1433,1.28,4,high,house,gable,False,21,21,4,2
7276,21.9167,21.4167,0.719,0.1433,0.1433,1.6,5,high,house,hip,False,21,21,5,2
7277,21.0833,21.5833,0.762,0.1433,0.1433,1.6,5,high,house,gable,False,21,21,0,3
7278,21.25,21.5833,0.751,0.1433,0.1433,1.28,4,high,house,hip,False,21,21,1,3
7279,21.4167,21.5833,0.74,0.1433,0.1433,1.6,5,high,house,gable,False,21,21,2,3
7280,21.5833,21.5833,0.73,0.1433,0.1433,2.24,7,high,house,hip,False,21,21,3,3
7281,21.9167,21.5833,0.71,0.1433,0.1433,1.6,5,high,house,gable,False,21,21,5,3
7282,21.75,21.75,0.71,0.1433,0.1433,1.92,6,high,house,gable,False,21,21,4,4
7283,21.5833,21.9167,0.711,0.1433,0.1433,0.96,3,high,house,hip,False,21,21,3,5
7284,21.75,21.9167,0.701,0.1433,0.1433,1.6,5,high,house,gable,False,21,21,4,5
7285,21.9167,21.9167,0.692,0.1433,0.1433,1.6,5,high,house,gable,False,21,21,5,5
7286,23.25,21.0833,0.659,0.1433,0.1433,1.28,4,high,house,gable,False,23,21,1,0
7287,23.4167,21.0833,0.65,0.1433,0.1433,1.92,6,high,house,hip,False,23,21,2,0
7288,23.5833,21.0833,0.642,0.1433,0.1433,0.96,3,high,house,gable,False,23,21,3,0
7289,23.75,21.0833,0.634,0.1433,0.1433,1.6,5,high,house,gable,False,23,21,4,0
7290,23.9167,21.0833,0.627,0.1433,0.1433,0.96,3,high,house,hip,False,23,21,5,0
7291,23.0833,21.25,0.661,0.1433,0.1433,1.92,6,high,house,gable,False,23,21,0,1
7292,23.4167,21.25,0.645,0.1433,0.1433,1.28,4,high,house,gable,False,23,21,2,1
7293,23.75,21.25,0.629,0.1433,0.1433,1.92,6,high,house,hip,False,23,21,4,1
7294,23.9167,21.25,0.622,0.1433,0.1433,1.28,4,high,house,gable,False,23,21,5,1
7295,23.0833,21.4167,0.655,0.1433,0.1433,1.92,6,high,house,gable,False,23,21,0,2
7296,23.25,21.4167,0.646,0.1433,0.1433,1.28,4,high,house,hip,False,23,21,1,2
7297,23.4167,21.4167,0.639,0.1433,0.1433,2.24,7,high,house,hip,False,23,21,2,2
7298,23.75,21.4167,0.624,0.1433,0.1433,0.96,3,high,house,hip,False,23,21,4,2
7299,23.0833,21.5833,0.648,0.1433,0.1433,1.6,5,high,house,gable,False,23,21,0,3
7300,23.4167,21.5833,0.633,0.1433,0.1433,2.24,7,high,house,gable,False,23,21,2,3
7301,23.5833,21.5833,0.625,0.1433,0.1433,1.28,4,high,house,gable,False,23,21,3,3
7302,23.75,21.5833,0.618,0.1433,0.1433,1.92,6,high,house,gable,False,23,21,4,3
7303,24.25,21.0833,0.612,0.1433,0.1433,0.96,3,medium,house,gable,False,24,21,1,0
7304,24.25,21.4167,0.603,0.1433,0.1433,1.28,4,medium,house,gable,False,24,21,1,2
7305,24.4167,21.4167,0.597,0.1433,0.1433,1.28,4,medium,house,hip,False,24,21,2,2
7306,24.25,21.5833,0.599,0.1433,0.1433,1.28,4,medium,house,gable,False,24,21,1,3
7307,24.4167,21.5833,0.593,0.1433,0.1433,1.28,4,medium,house,gable,False,24,21,2,3
7308,24.0833,21.75,0.6,0.1433,0.1433,0.96,3,medium,house,gable,False,24,21,0,4
7309,24.25,21.75,0.594,0.1433,0.1433,1.28,4,medium,house,gable,False,24,21,1,4
7310,24.4167,21.75,0.588,0.1433,0.1433,1.28,4,medium,house,hip,False,24,21,2,4
7311,24.0833,21.9167,0.595,0.1433,0.1433,0.96,3,medium,house,gable,False,24,21,0,5
7312,24.4167,21.9167,0.584,0.1433,0.1433,1.28,4,medium,house,gable,False,24,21,2,5
7313,24.5833,21.9167,0.579,0.1433,0.1433,1.28,4,medium,house,gable,False,24,21,3,5
7314,25.25,21.0833,0.574,0.1433,0.1433,0.96,3,medium,house,hip,False,25,21,1,0
7315,25.4167,21.0833,0.568,0.1433,0.1433,1.28,4,medium,house,gable,False,25,21,2,0
7316,25.5833,21.0833,0.562,0.1433,0.1433,0.64,2,medium,house,gable,False,25,21,3,0
7317,25.75,21.0833,0.557,0.1433,0.1433,0.64,2,medium,house,hip,False,25,21,4,0
7318,25.9167,21.0833,0.552,0.1433,0.1433,0.64,2,medium,house,gable,False,25,21,5,0
7319,25.25,21.25,0.571,0.1433,0.1433,0.64,2,medium,house,hip,False,25,21,1,1
7320,25.4167,21.25,0.566,0.1433,0.1433,0.64,2,medium,house,gable,False,25,21,2,1
7321,25.75,21.25,0.555,0.1433,0.1433,0.64,2,medium,house,gable,False,25,21,4,1
7322,25.0833,21.4167,0.574,0.1433,0.1433,0.64,2,medium,house,gable,False,25,21,0,2
7323,25.4167,21.4167,0.563,0.1433,0.1433,1.28,4,medium,house,hip,False,25,21,2,2
7324,25.0833,21.5833,0.571,0.1433,0.1433,0.64,2,medium,house,hip,False,25,21,0,3
7325,25.25,21.5833,0.566,0.1433,0.1433,0.64,2,medium,house,gable,False,25,21,1,3
7326,25.0833,21.75,0.568,0.1433,0.1433,0.64,2,medium,house,gable,False,25,21,0,4
7327,25.4167,21.75,0.558,0.1433,0.1433,0.96,3,medium,house,gable,False,25,21,2,4
7328,25.0833,21.9167,0.564,0.1433,0.1433,1.28,4,medium,house,gable,False,25,21,0,5
7329,25.25,21.9167,0.56,0.1433,0.1433,0.64,2,medium,house,hip,False,25,21,1,5
7330,25.4167,21.9167,0.556,0.1433,0.1433,0.96,3,medium,house,hip,False,25,21,2,5
7331,25.5833,21.9167,0.551,0.1433,0.1433,1.28,4,medium,house,gable,False,25,21,3,5
7332,26.25,21.0833,0.542,0.1433,0.1433,0.64,2,medium,house,gable,False,26,21,1,0
7333,26.4167,21.0833,0.537,0.1433,0.1433,0.96,3,medium,house,gable,False,26,21,2,0
7334,26.5833,21.0833,0.533,0.1433,0.1433,0.96,3,medium,house,hip,False,26,21,3,0
7335,26.75,21.0833,0.528,0.1433,0.1433,0.96,3,medium,house,gable,False,26,21,4,0
7336,26.0833,21.25,0.546,0.1433,0.1433,0.64,2,medium,house,gable,False,26,21,0,1
7337,26.25,21.25,0.541,0.1433,0.1433,1.28,4,medium,house,gable,False,26,21,1,1
7338,26.0833,21.4167,0.544,0.1433,0.1433,0.96,3,medium,house,hip,False,26,21,0,2
7339,26.4167,21.4167,0.536,0.1433,0.1433,0.64,2,medium,house,gable,False,26,21,2,2
7340,26.25,21.5833,0.539,0.1433,0.1433,1.28,4,medium,house,gable,False,26,21,1,3
7341,26.4167,21.5833,0.535,0.1433,0.1433,0.64,2,medium,house,gable,False,26,21,2,3
7342,26.5833,21.5833,0.531,0.1433,0.1433,0.96,3,medium,house,gable,False,26,21,3,3
7343,26.0833,21.75,0.541,0.1433,0.1433,0.96,3,medium,house,gable,False,26,21,0,4
7344,26.4167,21.75,0.534,0.1433,0.1433,0.96,3,medium,house,gable,False,26,21,2,4
7345,26.9167,21.75,0.523,0.1433,0.1433,0.96,3,medium,house,hip,False,26,21,5,4
7346,26.0833,21.9167,0.54,0.1433,0.1433,0.96,3,medium,house,gable,False,26,21,0,5
7347,26.25,21.9167,0.536,0.1433,0.1433,0.64,2,medium,house,gable,False,26,21,1,5
7348,26.4167,21.9167,0.533,0.1433,0.1433,0.96,3,medium,house,gable,False,26,21,2,5
7349,26.75,21.9167,0.526,0.1433,0.1433,0.64,2,medium,house,hip,False,26,21,4,5
7350,26.9167,21.9167,0.523,0.1433,0.1433,1.28,4,medium,house,gable,False,26,21,5,5
7351,28.0833,21.25,0.495,0.1433,0.1433,0.32,1,low,house,gable,False,28,21,0,1
7352,28.25,21.25,0.491,0.1433,0.1433,0.96,3,low,house,gable,False,28,21,1,1
7353,28.0833,21.4167,0.496,0.1433,0.1433,0.96,3,low,house,gable,False,28,21,0,2
7354,28.25,21.4167,0.492,0.1433,0.1433,0.32,1,low,house,gable,False,28,21,1,2
7355,28.25,21.5833,0.494,0.1433,0.1433,0.64,2,low,house,gable,False,28,21,1,3
7356,1.25,22.4167,0.434,0.1433,0.1433,0.64,2,low,house,gable,False,1,22,1,2
7357,1.0833,22.5833,0.414,0.1433,0.1433,0.32,1,low,house,hip,False,1,22,0,3
7358,1.25,22.5833,0.435,0.1433,0.1433,0.64,2,low,house,gable,False,1,22,1,3
7359,1.25,22.75,0.435,0.1433,0.1433,0.64,2,low,house,gable,False,1,22,1,4
7360,2.25,22.0833,0.56,0.1433,0.1433,0.32,1,low,house,hip,False,2,22,1,0
7361,2.5833,22.0833,0.603,0.1433,0.1433,0.32,1,low,house,gable,False,2,22,3,0
7362,2.4167,22.25,0.581,0.1433,0.1433,0.32,1,low,house,gable,False,2,22,2,1
7363,2.5833,22.25,0.602,0.1433,0.1433,0.96,3,low,house,gable,False,2,22,3,1
7364,2.75,22.25,0.623,0.1433,0.1433,0.64,2,low,house,gable,False,2,22,4,1
7365,2.25,22.4167,0.559,0.1433,0.1433,0.96,3,low,house,gable,False,2,22,1,2
7366,2.5833,22.4167,0.601,0.1433,0.1433,0.32,1,low,house,gable,False,2,22,3,2
7367,3.4167,22.9167,0.697,0.1433,0.1433,0.32,1,low,house,gable,False,3,22,2,5
7368,7.0833,22.0833,1.108,0.1433,0.1433,0.64,2,low,house,gable,False,7,22,0,0
7369,7.25,22.0833,1.121,0.1433,0.1433,0.32,1,low,house,hip,False,7,22,1,0
7370,7.25,22.25,1.112,0.1433,0.1433,0.96,3,low,house,hip,False,7,22,1,1
7371,8.25,22.25,1.182,0.1433,0.1433,0.64,2,low,house,gable,False,8,22,1,1
7372,8.0833,22.4167,1.16,0.1433,0.1433,0.96,3,low,house,gable,False,8,22,0,2
7373,8.25,22.4167,1.17,0.1433,0.1433,0.32,1,low,house,hip,False,8,22,1,2
7374,8.0833,22.5833,1.149,0.1433,0.1433,0.64,2,low,house,gable,False,8,22,0,3
7375,9.4167,22.4167,1.225,0.1433,0.1433,0.96,3,low,house,gable,False,9,22,2,2
7376,9.5833,22.4167,1.231,0.1433,0.1433,0.96,3,low,house,gable,False,9,22,3,2
7377,9.75,22.4167,1.236,0.1433,0.1433,0.96,3,low,house,gable,False,9,22,4,2
7378,9.5833,22.5833,1.217,0.1433,0.1433,0.32,1,low,house,gable,False,9,22,3,3
7379,9.75,22.5833,1.222,0.1433,0.1433,0.96,3,low,house,gable,False,9,22,4,3
7380,9.75,22.75,1.208,0.1433,0.1433,0.64,2,low,house,hip,False,9,22,4,4
7381,11.0833,22.0833,1.287,0.1433,0.1433,0.96,3,medium,house,gable,False,11,22,0,0
7382,11.25,22.0833,1.288,0.1433,0.1433,0.64,2,medium,house,hip,False,11,22,1,0
7383,11.5833,22.0833,1.287,0.1433,0.1433,0.64,2,medium,house,gable,False,11,22,3,0
7384,11.75,22.0833,1.285,0.1433,0.1433,1.28,4,medium,house,gable,False,11,22,4,0
7385,11.9167,22.0833,1.284,0.1433,0.1433,0.64,2,medium,house,gable,False,11,22,5,0
7386,11.25,22.25,1.272,0.1433,0.1433,1.28,4,medium,house,hip,False,11,22,1,1
7387,11.4167,22.25,1.271,0.1433,0.1433,1.28,4,medium,house,gable,False,11,22,2,1
7388,11.5833,22.25,1.27,0.1433,0.1433,0.64,2,medium,house,gable,False,11,22,3,1
7389,11.9167,22.25,1.267,0.1433,0.1433,0.96,3,medium,house,gable,False,11,22,5,1
7390,11.25,22.4167,1.256,0.1433,0.1433,1.28,4,medium,house,gable,False,11,22,1,2
7391,11.5833,22.4167,1.254,0.1433,0.1433,1.28,4,medium,house,hip,False,11,22,3,2
7392,11.75,22.4167,1.252,0.1433,0.1433,1.28,4,medium,house,gable,False,11,22,4,2
7393,11.0833,22.5833,1.24,0.1433,0.1433,0.96,3,medium,house,gable,False,11,22,0,3
7394,11.0833,22.75,1.224,0.1433,0.1433,1.28,4,medium,house,gable,False,11,22,0,4
7395,11.4167,22.75,1.223,0.1433,0.1433,0.96,3,medium,house,gable,False,11,22,2,4
7396,11.25,22.9167,1.207,0.1433,0.1433,0.96,3,medium,house,gable,False,11,22,1,5
7397,11.4167,22.9167,1.206,0.1433,0.1433,0.96,3,medium,house,hip,False,11,22,2,5
7398,11.5833,22.9167,1.204,0.1433,0.1433,0.64,2,medium,house,gable,False,11,22,3,5
7399,13.25,22.0833,1.25,0.1433,0.1433,1.28,4,medium,house,hip,False,13,22,1,0
7400,13.4167,22.0833,1.243,0.1433,0.1433,0.64,2,medium,house,gable,False,13,22,2,0
7401,13.5833,22.0833,1.237,0.1433,0.1433,1.28,4,medium,house,gable,False,13,22,3,0
7402,13.4167,22.25,1.226,0.1433,0.1433,0.64,2,medium,house,gable,False,13,22,2,1
7403,13.5833,22.4167,1.201,0.1433,0.1433,0.64,2,medium,house,gable,False,13,22,3,2
7404,13.75,22.4167,1.194,0.1433,0.1433,1.28,4,medium,house,hip,False,13,22,4,2
7405,13.9167,22.4167,1.186,0.1433,0.1433,0.96,3,medium,house,hip,False,13,22,5,2
7406,13.0833,22.5833,1.203,0.1433,0.1433,0.64,2,medium,house,gable,False,13,22,0,3
7407,13.25,22.5833,1.197,0.1433,0.1433,1.28,4,medium,house,gable,False,13,22,1,3
7408,13.5833,22.5833,1.183,0.1433,0.1433,1.28,4,medium,house,gable,False,13,22,3,3
7409,13.75,22.5833,1.176,0.1433,0.1433,0.96,3,medium,house,hip,False,13,22,4,3
7410,13.0833,22.75,1.185,0.1433,0.1433,0.64,2,medium,house,gable,False,13,22,0,4
7411,13.25,22.75,1.179,0.1433,0.1433,0.96,3,medium,house,gable,False,13,22,1,4
7412,13.4167,22.75,1.172,0.1433,0.1433,1.28,4,medium,house,gable,False,13,22,2,4
7413,13.75,22.75,1.158,0.1433,0.1433,1.28,4,medium,house,gable,False,13,22,4,4
7414,13.9167,22.75,1.15,0.1433,0.1433,0.64,2,medium,house,hip,False,13,22,5,4
7415,13.25,22.9167,1.161,0.1433,0.1433,1.28,4,medium,house,gable,False,13,22,1,5
7416,13.4167,22.9167,1.154,0.1433,0.1433,0.96,3,medium,house,hip,False,13,22,2,5
7417,13.75,22.9167,1.14,0.1433,0.1433,0.64,2,medium,house,gable,False,13,22,4,5
7418,13.9167,22.9167,1.132,0.1433,0.1433,0.64,2,medium,house,gable,False,13,22,5,5
7419,15.0833,22.0833,1.157,0.1433,0.1433,1.6,5,high,house,gable,False,15,22,0,0
7420,15.4167,22.0833,1.136,0.1433,0.1433,1.28,4,high,house,gable,False,15,22,2,0
7421,15.5833,22.0833,1.125,0.1433,0.1433,1.6,5,high,house,gable,False,15,22,3,0
7422,15.75,22.0833,1.114,0.1433,0.1433,0.96,3,high,house,gable,False,15,22,4,0
7423,15.4167,22.25,1.118,0.1433,0.1433,1.6,5,high,house,gable,False,15,22,2,1
7424,15.9167,22.25,1.085,0.1433,0.1433,1.92,6,high,house,gable,False,15,22,5,1
7425,15.25,22.4167,1.111,0.1433,0.1433,1.92,6,high,house,gable,False,15,22,1,2
7426,15.5833,22.4167,1.09,0.1433,0.1433,1.92,6,high,house,gable,False,15,22,3,2
7427,15.75,22.4167,1.078,0.1433,0.1433,1.6,5,high,house,gable,False,15,22,4,2
7428,15.9167,22.4167,1.067,0.1433,0.1433,1.6,5,high,house,gable,False,15,22,5,2
7429,15.0833,22.5833,1.103,0.1433,0.1433,1.92,6,high,house,hip,False,15,22,0,3
7430,15.5833,22.5833,1.072,0.1433,0.1433,1.92,6,high,house,hip,False,15,22,3,3
7431,15.9167,22.5833,1.049,0.1433,0.1433,1.92,6,high,house,hip,False,15,22,5,3
7432,15.0833,22.75,1.085,0.1433,0.1433,1.6,5,high,house,hip,False,15,22,0,4
7433,15.5833,22.75,1.054,0.1433,0.1433,0.96,3,high,house,gable,False,15,22,3,4
7434,15.9167,22.75,1.032,0.1433,0.1433,1.92,6,high,house,gable,False,15,22,5,4
7435,15.0833,22.9167,1.067,0.1433,0.1433,1.92,6,high,house,hip,False,15,22,0,5
7436,15.4167,22.9167,1.046,0.1433,0.1433,0.96,3,high,house,hip,False,15,22,2,5
7437,15.5833,22.9167,1.036,0.1433,0.1433,1.28,4,high,house,gable,False,15,22,3,5
7438,15.75,22.9167,1.025,0.1433,0.1433,1.6,5,high,house,gable,False,15,22,4,5
7439,15.9167,22.9167,1.014,0.1433,0.1433,1.92,6,high,house,gable,False,15,22,5,5
7440,16.0833,22.0833,1.091,0.1433,0.1433,1.6,5,high,house,gable,False,16,22,0,0
7441,16.25,22.0833,1.079,0.1433,0.1433,1.92,6,high,house,gable,False,16,22,1,0
7442,16.4167,22.0833,1.067,0.1433,0.1433,1.92,6,high,house,gable,False,16,22,2,0
7443,16.5833,22.0833,1.054,0.1433,0.1433,1.92,6,high,house,hip,False,16,22,3,0
7444,16.75,22.0833,1.042,0.1433,0.1433,0.96,3,high,house,gable,False,16,22,4,0
7445,16.9167,22.0833,1.03,0.1433,0.1433,0.96,3,high,house,gable,False,16,22,5,0
7446,16.0833,22.25,1.073,0.1433,0.1433,1.28,4,high,house,hip,False,16,22,0,1
7447,16.4167,22.25,1.049,0.1433,0.1433,1.6,5,high,house,gable,False,16,22,2,1
7448,16.75,22.25,1.025,0.1433,0.1433,1.6,5,high,house,hip,False,16,22,4,1
7449,16.0833,22.4167,1.056,0.1433,0.1433,1.6,5,high,house,gable,False,16,22,0,2
7450,16.25,22.4167,1.044,0.1433,0.1433,1.28,4,high,house,hip,False,16,22,1,2
7451,16.5833,22.4167,1.02,0.1433,0.1433,2.24,7,high,house,gable,False,16,22,3,2
7452,16.75,22.4167,1.008,0.1433,0.1433,1.6,5,high,house,gable,False,16,22,4,2
7453,16.9167,22.4167,0.996,0.1433,0.1433,0.96,3,high,house,gable,False,16,22,5,2
7454,16.0833,22.5833,1.038,0.1433,0.1433,0.96,3,high,house,hip,False,16,22,0,3
7455,16.25,22.75,1.009,0.1433,0.1433,1.92,6,high,house,hip,False,16,22,1,4
7456,16.4167,22.75,0.997,0.1433,0.1433,0.96,3,high,house,hip,False,16,22,2,4
7457,16.5833,22.75,0.986,0.1433,0.1433,1.6,5,high,house,gable,False,16,22,3,4
7458,16.75,22.75,0.974,0.1433,0.1433,1.92,6,high,house,gable,False,16,22,4,4
7459,16.9167,22.75,0.962,0.1433,0.1433,0.96,3,high,house,gable,False,16,22,5,4
7460,16.0833,22.9167,1.003,0.1433,0.1433,1.28,4,high,house,gable,False,16,22,0,5
7461,16.25,22.9167,0.991,0.1433,0.1433,1.92,6,high,house,gable,False,16,22,1,5
7462,16.4167,22.9167,0.98,0.1433,0.1433,0.96,3,high,house,gable,False,16,22,2,5
7463,16.75,22.9167,0.957,0.1433,0.1433,1.6,5,high,house,hip,False,16,22,4,5
7464,16.9167,22.9167,0.945,0.1433,0.1433,1.6,5,high,house,gable,False,16,22,5,5
7465,18.4167,22.4167,0.885,0.1433,0.1433,0.64,2,low,house,gable,False,18,22,2,2
7466,18.5833,22.4167,0.873,0.1433,0.1433,0.32,1,low,house,hip,False,18,22,3,2
7467,18.25,22.5833,0.882,0.1433,0.1433,0.64,2,low,house,gable,False,18,22,1,3
7468,18.5833,22.5833,0.858,0.1433,0.1433,0.32,1,low,house,hip,False,18,22,3,3
7469,18.0833,22.75,0.878,0.1433,0.1433,0.32,1,low,house,gable,False,18,22,0,4
7470,18.25,22.75,0.866,0.1433,0.1433,0.32,1,low,house,hip,False,18,22,1,4
7471,18.4167,22.75,0.855,0.1433,0.1433,0.96,3,low,house,hip,False,18,22,2,4
7472,18.0833,22.9167,0.862,0.1433,0.1433,0.32,1,low,house,gable,False,18,22,0,5
7473,18.25,22.9167,0.851,0.1433,0.1433,0.32,1,low,house,gable,False,18,22,1,5
7474,19.0833,22.0833,0.865,0.1433,0.1433,0.96,3,medium,house,hip,False,19,22,0,0
7475,19.75,22.0833,0.817,0.1433,0.1433,0.64,2,medium,house,gable,False,19,22,4,0
7476,19.9167,22.0833,0.806,0.1433,0.1433,0.96,3,medium,house,gable,False,19,22,5,0
7477,19.0833,22.25,0.851,0.1433,0.1433,0.96,3,medium,house,gable,False,19,22,0,1
7478,19.25,22.25,0.839,0.1433,0.1433,1.28,4,medium,house,gable,False,19,22,1,1
7479,19.9167,22.25,0.793,0.1433,0.1433,0.64,2,medium,house,gable,False,19,22,5,1
7480,19.0833,22.4167,0.837,0.1433,0.1433,1.28,4,medium,house,hip,False,19,22,0,2
7481,19.25,22.4167,0.825,0.1433,0.1433,1.28,4,medium,house,gable,False,19,22,1,2
7482,19.75,22.4167,0.791,0.1433,0.1433,0.64,2,medium,house,gable,False,19,22,4,2
7483,19.0833,22.5833,0.823,0.1433,0.1433,1.28,4,medium,house,gable,False,19,22,0,3
7484,19.5833,22.5833,0.789,0.1433,0.1433,0.96,3,medium,house,hip,False,19,22,3,3
7485,19.75,22.5833,0.778,0.1433,0.1433,0.64,2,medium,house,gable,False,19,22,4,3
7486,19.9167,22.5833,0.767,0.1433,0.1433,1.28,4,medium,house,gable,False,19,22,5,3
7487,19.0833,22.75,0.809,0.1433,0.1433,0.64,2,medium,house,gable,False,19,22,0,4
7488,19.25,22.75,0.797,0.1433,0.1433,0.96,3,medium,house,gable,False,19,22,1,4
7489,19.75,22.75,0.765,0.1433,0.1433,1.28,4,medium,house,gable,False,19,22,4,4
7490,19.9167,22.75,0.754,0.1433,0.1433,0.64,2,medium,house,hip,False,19,22,5,4
7491,19.0833,22.9167,0.794,0.1433,0.1433,0.96,3,medium,house,gable,False,19,22,0,5
7492,19.25,22.9167,0.783,0.1433,0.1433,0.64,2,medium,house,hip,False,19,22,1,5
7493,19.75,22.9167,0.751,0.1433,0.1433,0.96,3,medium,house,gable,False,19,22,4,5
7494,19.9167,22.9167,0.741,0.1433,0.1433,1.28,4,medium,house,gable,False,19,22,5,5
7495,20.4167,22.25,0.76,0.1433,0.1433,0.32,1,low,house,gable,False,20,22,2,1
7496,20.5833,22.25,0.749,0.1433,0.1433,0.32,1,low,house,gable,False,20,22,3,1
7497,20.5833,22.4167,0.738,0.1433,0.1433,0.64,2,low,house,gable,False,20,22,3,2
7498,20.75,22.4167,0.728,0.1433,0.1433,0.64,2,low,house,gable,False,20,22,4,2
7499,21.4167,22.0833,0.71,0.1433,0.1433,1.6,5,high,house,hip,False,21,22,2,0
7500,21.75,22.0833,0.692,0.1433,0.1433,1.6,5,high,house,hip,False,21,22,4,0
7501,21.9167,22.0833,0.683,0.1433,0.1433,1.92,6,high,house,hip,False,21,22,5,0
7502,21.25,22.25,0.71,0.1433,0.1433,1.28,4,high,house,hip,False,21,22,1,1
7503,21.5833,22.25,0.691,0.1433,0.1433,1.92,6,high,house,gable,False,21,22,3,1
7504,21.75,22.25,0.682,0.1433,0.1433,0.96,3,high,house,hip,False,21,22,4,1
7505,21.0833,22.4167,0.708,0.1433,0.1433,1.92,6,high,house,gable,False,21,22,0,2
7506,21.5833,22.4167,0.681,0.1433,0.1433,1.6,5,high,house,gable,False,21,22,3,2
7507,21.75,22.4167,0.673,0.1433,0.1433,1.92,6,high,house,gable,False,21,22,4,2
7508,21.9167,22.4167,0.664,0.1433,0.1433,0.96,3,high,house,gable,False,21,22,5,2
7509,21.0833,22.5833,0.697,0.1433,0.1433,0.96,3,high,house,gable,False,21,22,0,3
7510,21.25,22.5833,0.688,0.1433,0.1433,1.28,4,high,house,gable,False,21,22,1,3
7511,21.5833,22.5833,0.671,0.1433,0.1433,1.92,6,high,house,gable,False,21,22,3,3
7512,21.9167,22.5833,0.655,0.1433,0.1433,0.96,3,high,house,gable,False,21,22,5,3
7513,21.0833,22.75,0.687,0.1433,0.1433,1.6,5,high,house,gable,False,21,22,0,4
7514,21.25,22.75,0.678,0.1433,0.1433,0.96,3,high,house,hip,False,21,22,1,4
7515,21.5833,22.75,0.661,0.1433,0.1433,1.92,6,high,house,hip,False,21,22,3,4
7516,21.75,22.75,0.653,0.1433,0.1433,1.6,5,high,house,gable,False,21,22,4,4
7517,21.9167,22.75,0.646,0.1433,0.1433,1.6,5,high,house,gable,False,21,22,5,4
7518,21.0833,22.9167,0.676,0.1433,0.1433,1.92,6,high,house,gable,False,21,22,0,5
7519,21.25,22.9167,0.667,0.1433,0.1433,1.6,5,high,house,gable,False,21,22,1,5
7520,21.9167,22.9167,0.636,0.1433,0.1433,1.28,4,high,house,gable,False,21,22,5,5
7521,22.4167,22.0833,0.657,0.1433,0.1433,0.96,3,high,house,gable,False,22,22,2,0
7522,22.75,22.0833,0.642,0.1433,0.1433,1.28,4,high,house,gable,False,22,22,4,0
7523,22.9167,22.0833,0.635,0.1433,0.1433,1.92,6,high,house,hip,False,22,22,5,0
7524,22.4167,22.25,0.649,0.1433,0.1433,1.6,5,high,house,hip,False,22,22,2,1
7525,22.5833,22.25,0.642,0.1433,0.1433,1.92,6,high,house,gable,False,22,22,3,1
7526,22.75,22.25,0.634,0.1433,0.1433,0.96,3,high,house,hip,False,22,22,4,1
7527,22.9167,22.25,0.627,0.1433,0.1433,0.96,3,high,house,gable,False,22,22,5,1
7528,22.4167,22.4167,0.641,0.1433,0.1433,1.92,6,high,house,gable,False,22,22,2,2
7529,22.5833,22.4167,0.634,0.1433,0.1433,2.24,7,high,house,hip,False,22,22,3,2
7530,22.9167,22.4167,0.62,0.1433,0.1433,1.92,6,high,house,gable,False,22,22,5,2
7531,22.5833,22.5833,0.626,0.1433,0.1433,1.92,6,high,house,gable,False,22,22,3,3
7532,22.75,22.5833,0.619,0.1433,0.1433,1.92,6,high,house,gable,False,22,22,4,3
7533,22.9167,22.5833,0.613,0.1433,0.1433,0.96,3,high,house,gable,False,22,22,5,3
7534,22.4167,22.75,0.624,0.1433,0.1433,0.96,3,high,house,gable,False,22,22,2,4
7535,22.5833,22.75,0.618,0.1433,0.1433,0.96,3,high,house,gable,False,22,22,3,4
7536,22.9167,22.75,0.605,0.1433,0.1433,1.6,5,high,house,gable,False,22,22,5,4
7537,22.4167,22.9167,0.616,0.1433,0.1433,1.6,5,high,house,gable,False,22,22,2,5
7538,22.5833,22.9167,0.609,0.1433,0.1433,1.6,5,high,house,gable,False,22,22,3,5
7539,22.75,22.9167,0.603,0.1433,0.1433,1.92,6,high,house,gable,False,22,22,4,5
7540,22.9167,22.9167,0.598,0.1433,0.1433,1.6,5,high,house,gable,False,22,22,5,5
7541,23.5833,22.25,0.602,0.1433,0.1433,1.6,5,high,house,gable,False,23,22,3,1
7542,23.0833,22.4167,0.614,0.1433,0.1433,1.92,6,high,house,gable,False,23,22,0,2
7543,23.25,22.4167,0.607,0.1433,0.1433,1.28,4,high,house,hip,False,23,22,1,2
7544,23.4167,22.4167,0.601,0.1433,0.1433,1.92,6,high,house,gable,False,23,22,2,2
7545,23.75,22.4167,0.59,0.1433,0.1433,1.92,6,high,house,hip,False,23,22,4,2
7546,23.9167,22.4167,0.585,0.1433,0.1433,1.28,4,high,house,hip,False,23,22,5,2
7547,23.0833,22.5833,0.606,0.1433,0.1433,1.28,4,high,house,gable,False,23,22,0,3
7548,23.4167,22.5833,0.595,0.1433,0.1433,1.92,6,high,house,gable,False,23,22,2,3
7549,23.5833,22.5833,0.59,0.1433,0.1433,1.28,4,high,house,gable,False,23,22,3,3
7550,23.75,22.5833,0.584,0.1433,0.1433,1.28,4,high,house,gable,False,23,22,4,3
7551,23.0833,22.75,0.599,0.1433,0.1433,0.96,3,high,house,gable,False,23,22,0,4
7552,23.75,22.75,0.578,0.1433,0.1433,1.92,6,high,house,gable,False,23,22,4,4
7553,23.9167,22.75,0.574,0.1433,0.1433,1.92,6,high,house,gable,False,23,22,5,4
7554,23.0833,22.9167,0.592,0.1433,0.1433,1.6,5,high,house,gable,False,23,22,0,5
7555,23.25,22.9167,0.587,0.1433,0.1433,0.96,3,high,house,gable,False,23,22,1,5
7556,23.4167,22.9167,0.582,0.1433,0.1433,1.6,5,high,house,gable,False,23,22,2,5
7557,23.5833,22.9167,0.577,0.1433,0.1433,1.28,4,high,house,gable,False,23,22,3,5
7558,23.75,22.9167,0.573,0.1433,0.1433,0.96,3,high,house,gable,False,23,22,4,5
7559,23.9167,22.9167,0.568,0.1433,0.1433,1.92,6,high,house,gable,False,23,22,5,5
7560,24.75,22.0833,0.57,0.1433,0.1433,1.28,4,medium,house,hip,False,24,22,4,0
7561,24.5833,22.25,0.571,0.1433,0.1433,0.96,3,medium,house,gable,False,24,22,3,1
7562,24.75,22.25,0.566,0.1433,0.1433,0.96,3,medium,house,hip,False,24,22,4,1
7563,24.9167,22.25,0.562,0.1433,0.1433,0.64,2,medium,house,gable,False,24,22,5,1
7564,24.75,22.4167,0.562,0.1433,0.1433,0.64,2,medium,house,gable,False,24,22,4,2
7565,24.9167,22.4167,0.558,0.1433,0.1433,1.28,4,medium,house,hip,False,24,22,5,2
7566,24.25,22.5833,0.57,0.1433,0.1433,0.64,2,medium,house,gable,False,24,22,1,3
7567,24.9167,22.5833,0.555,0.1433,0.1433,1.28,4,medium,house,gable,False,24,22,5,3
7568,24.0833,22.75,0.569,0.1433,0.1433,0.96,3,medium,house,gable,False,24,22,0,4
7569,24.25,22.75,0.565,0.1433,0.1433,0.96,3,medium,house,hip,False,24,22,1,4
7570,24.75,22.75,0.554,0.1433,0.1433,1.28,4,medium,house,gable,False,24,22,4,4
7571,24.9167,22.75,0.551,0.1433,0.1433,1.28,4,medium,house,gable,False,24,22,5,4
7572,24.25,22.9167,0.56,0.1433,0.1433,1.28,4,medium,house,gable,False,24,22,1,5
7573,24.4167,22.9167,0.557,0.1433,0.1433,0.64,2,medium,house,gable,False,24,22,2,5
7574,24.75,22.9167,0.55,0.1433,0.1433,1.28,4,medium,house,gable,False,24,22,4,5
7575,25.25,22.0833,0.557,0.1433,0.1433,0.96,3,medium,house,gable,False,25,22,1,0
7576,25.4167,22.0833,0.553,0.1433,0.1433,0.64,2,medium,house,gable,False,25,22,2,0
7577,25.5833,22.0833,0.549,0.1433,0.1433,0.96,3,medium,house,hip,False,25,22,3,0
7578,25.75,22.0833,0.545,0.1433,0.1433,0.96,3,medium,house,gable,False,25,22,4,0
7579,25.4167,22.25,0.55,0.1433,0.1433,1.28,4,medium,house,gable,False,25,22,2,1
7580,25.5833,22.25,0.547,0.1433,0.1433,1.28,4,medium,house,gable,False,25,22,3,1
7581,25.0833,22.75,0.548,0.1433,0.1433,0.64,2,medium,house,gable,False,25,22,0,4
7582,25.25,22.75,0.545,0.1433,0.1433,0.96,3,medium,house,hip,False,25,22,1,4
7583,25.4167,22.75,0.542,0.1433,0.1433,0.64,2,medium,house,hip,False,25,22,2,4
7584,25.75,22.75,0.536,0.1433,0.1433,0.64,2,medium,house,hip,False,25,22,4,4
7585,25.9167,22.75,0.534,0.1433,0.1433,0.64,2,medium,house,hip,False,25,22,5,4
7586,25.25,22.9167,0.541,0.1433,0.1433,0.64,2,medium,house,gable,False,25,22,1,5
7587,25.4167,22.9167,0.539,0.1433,0.1433,1.28,4,medium,house,gable,False,25,22,2,5
7588,25.5833,22.9167,0.536,0.1433,0.1433,0.64,2,medium,house,gable,False,25,22,3,5
7589,25.75,22.9167,0.534,0.1433,0.1433,0.64,2,medium,house,hip,False,25,22,4,5
7590,25.9167,22.9167,0.532,0.1433,0.1433,1.28,4,medium,house,hip,False,25,22,5,5
7591,27.4167,22.4167,0.514,0.1433,0.1433,0.32,1,low,house,hip,False,27,22,2,2
7592,27.5833,22.4167,0.512,0.1433,0.1433,0.96,3,low,house,gable,False,27,22,3,2
7593,27.25,22.5833,0.517,0.1433,0.1433,0.96,3,low,house,hip,False,27,22,1,3
7594,27.4167,22.5833,0.514,0.1433,0.1433,0.32,1,low,house,gable,False,27,22,2,3
7595,27.5833,22.5833,0.512,0.1433,0.1433,0.64,2,low,house,hip,False,27,22,3,3
7596,27.75,22.5833,0.51,0.1433,0.1433,0.32,1,low,house,gable,False,27,22,4,3
7597,27.0833,22.75,0.519,0.1433,0.1433,0.96,3,low,house,gable,False,27,22,0,4
7598,27.25,22.75,0.517,0.1433,0.1433,0.96,3,low,house,gable,False,27,22,1,4
7599,27.75,22.75,0.511,0.1433,0.1433,0.32,1,low,house,hip,False,27,22,4,4
7600,27.25,22.9167,0.516,0.1433,0.1433,0.96,3,low,house,gable,False,27,22,1,5
7601,28.5833,22.0833,0.492,0.1433,0.1433,0.32,1,low,house,gable,False,28,22,3,0
7602,28.75,22.0833,0.489,0.1433,0.1433,0.64,2,low,house,gable,False,28,22,4,0
7603,28.5833,22.25,0.494,0.1433,0.1433,0.96,3,low,house,gable,False,28,22,3,1
7604,28.75,22.25,0.491,0.1433,0.1433,0.64,2,low,house,hip,False,28,22,4,1
7605,28.5833,22.4167,0.496,0.1433,0.1433,0.64,2,low,house,gable,False,28,22,3,2
7606,28.75,22.4167,0.493,0.1433,0.1433,0.96,3,low,house,gable,False,28,22,4,2
7607,28.5833,22.5833,0.498,0.1433,0.1433,0.96,3,low,house,gable,False,28,22,3,3
7608,28.5833,22.75,0.499,0.1433,0.1433,0.32,1,low,house,gable,False,28,22,3,4
7609,28.75,22.75,0.497,0.1433,0.1433,0.32,1,low,house,hip,False,28,22,4,4
7610,0.0833,23.0833,0.301,0.1433,0.1433,0.32,1,low,house,gable,False,0,23,0,0
7611,0.25,23.0833,0.32,0.1433,0.1433,0.64,2,low,house,gable,False,0,23,1,0
7612,0.4167,23.0833,0.339,0.1433,0.1433,0.64,2,low,house,gable,False,0,23,2,0
7613,0.5833,23.0833,0.358,0.1433,0.1433,0.32,1,low,house,gable,False,0,23,3,0
7614,0.75,23.0833,0.377,0.1433,0.1433,0.64,2,low,house,hip,False,0,23,4,0
7615,0.0833,23.25,0.303,0.1433,0.1433,0.32,1,low,house,gable,False,0,23,0,1
7616,0.5833,23.25,0.359,0.1433,0.1433,0.64,2,low,house,hip,False,0,23,3,1
7617,0.75,23.25,0.378,0.1433,0.1433,0.32,1,low,house,gable,False,0,23,4,1
7618,0.0833,23.4167,0.304,0.1433,0.1433,0.96,3,low,house,hip,False,0,23,0,2
7619,0.25,23.4167,0.323,0.1433,0.1433,0.64,2,low,house,hip,False,0,23,1,2
7620,0.4167,23.4167,0.341,0.1433,0.1433,0.64,2,low,house,gable,False,0,23,2,2
7621,0.75,23.4167,0.379,0.1433,0.1433,0.96,3,low,house,gable,False,0,23,4,2
7622,0.5833,23.5833,0.361,0.1433,0.1433,0.96,3,low,house,gable,False,0,23,3,3
7623,1.4167,23.25,0.456,0.1433,0.1433,0.96,3,low,house,gable,False,1,23,2,1
7624,1.5833,23.25,0.476,0.1433,0.1433,0.64,2,low,house,gable,False,1,23,3,1
7625,1.75,23.25,0.496,0.1433,0.1433,0.96,3,low,house,gable,False,1,23,4,1
7626,1.4167,23.4167,0.456,0.1433,0.1433,0.96,3,low,house,gable,False,1,23,2,2
7627,1.5833,23.4167,0.476,0.1433,0.1433,0.64,2,low,house,gable,False,1,23,3,2
7628,1.75,23.4167,0.495,0.1433,0.1433,0.64,2,low,house,gable,False,1,23,4,2
7629,1.5833,23.5833,0.476,0.1433,0.1433,0.96,3,low,house,gable,False,1,23,3,3
7630,2.75,23.5833,0.61,0.1433,0.1433,0.32,1,low,house,gable,False,2,23,4,3
7631,2.9167,23.5833,0.629,0.1433,0.1433,0.32,1,low,house,gable,False,2,23,5,3
7632,2.9167,23.75,0.627,0.1433,0.1433,0.32,1,low,house,gable,False,2,23,5,4
7633,5.4167,23.75,0.883,0.1433,0.1433,0.32,1,low,house,hip,False,5,23,2,4
7634,5.25,23.9167,0.862,0.1433,0.1433,0.32,1,low,house,gable,False,5,23,1,5
7635,5.4167,23.9167,0.877,0.1433,0.1433,0.64,2,low,house,hip,False,5,23,2,5
7636,6.0833,23.4167,0.956,0.1433,0.1433,0.64,2,low,house,gable,False,6,23,0,2
7637,6.25,23.4167,0.97,0.1433,0.1433,0.32,1,low,house,gable,False,6,23,1,2
7638,6.4167,23.4167,0.983,0.1433,0.1433,0.64,2,low,house,hip,False,6,23,2,2
7639,6.0833,23.5833,0.948,0.1433,0.1433,0.96,3,low,house,gable,False,6,23,0,3
7640,6.25,23.5833,0.962,0.1433,0.1433,0.96,3,low,house,hip,False,6,23,1,3
7641,6.4167,23.5833,0.975,0.1433,0.1433,0.96,3,low,house,gable,False,6,23,2,3
7642,7.0833,23.0833,1.052,0.1433,0.1433,0.96,3,low,house,gable,False,7,23,0,0
7643,7.25,23.0833,1.064,0.1433,0.1433,0.64,2,low,house,hip,False,7,23,1,0
7644,7.4167,23.0833,1.075,0.1433,0.1433,0.32,1,low,house,gable,False,7,23,2,0
7645,7.25,23.25,1.054,0.1433,0.1433,0.96,3,low,house,gable,False,7,23,1,1
7646,7.4167,23.25,1.065,0.1433,0.1433,0.32,1,low,house,gable,False,7,23,2,1
7647,8.0833,23.25,1.104,0.1433,0.1433,0.64,2,low,house,hip,False,8,23,0,1
7648,8.25,23.25,1.112,0.1433,0.1433,0.64,2,low,house,gable,False,8,23,1,1
7649,8.0833,23.4167,1.092,0.1433,0.1433,0.64,2,low,house,gable,False,8,23,0,2
7650,8.25,23.4167,1.101,0.1433,0.1433,0.64,2,low,house,gable,False,8,23,1,2
7651,8.0833,23.5833,1.081,0.1433,0.1433,0.96,3,low,house,hip,False,8,23,0,3
7652,9.4167,23.5833,1.13,0.1433,0.1433,0.96,3,low,house,gable,False,9,23,2,3
7653,9.25,23.75,1.112,0.1433,0.1433,0.64,2,low,house,hip,False,9,23,1,4
7654,9.4167,23.75,1.116,0.1433,0.1433,0.96,3,low,house,gable,False,9,23,2,4
7655,9.5833,23.75,1.12,0.1433,0.1433,0.96,3,low,house,gable,False,9,23,3,4
7656,9.4167,23.9167,1.102,0.1433,0.1433,0.64,2,low,house,gable,False,9,23,2,5
7657,9.5833,23.9167,1.106,0.1433,0.1433,0.64,2,low,house,gable,False,9,23,3,5
7658,10.4167,23.4167,1.16,0.1433,0.1433,0.64,2,low,house,gable,False,10,23,2,2
7659,10.5833,23.4167,1.16,0.1433,0.1433,0.64,2,low,house,gable,False,10,23,3,2
7660,10.25,23.5833,1.143,0.1433,0.1433,0.64,2,low,house,gable,False,10,23,1,3
7661,10.4167,23.5833,1.144,0.1433,0.1433,0.32,1,low,house,gable,False,10,23,2,3
7662,10.4167,23.75,1.129,0.1433,0.1433,0.64,2,low,house,gable,False,10,23,2,4
7663,10.5833,23.75,1.129,0.1433,0.1433,0.64,2,low,house,gable,False,10,23,3,4
7664,10.25,23.9167,1.113,0.1433,0.1433,0.32,1,low,house,gable,False,10,23,1,5
7665,10.4167,23.9167,1.114,0.1433,0.1433,0.96,3,low,house,hip,False,10,23,2,5
7666,10.5833,23.9167,1.114,0.1433,0.1433,0.96,3,low,house,hip,False,10,23,3,5
7667,12.4167,23.0833,1.171,0.1433,0.1433,0.32,1,low,house,hip,False,12,23,2,0
7668,14.0833,23.4167,1.069,0.1433,0.1433,0.96,3,low,house,gable,False,14,23,0,2
7669,14.4167,23.4167,1.051,0.1433,0.1433,0.96,3,low,house,hip,False,14,23,2,2
7670,14.5833,23.4167,1.042,0.1433,0.1433,0.32,1,low,house,gable,False,14,23,3,2
7671,14.0833,23.5833,1.05,0.1433,0.1433,0.64,2,low,house,gable,False,14,23,0,3
7672,14.25,23.5833,1.042,0.1433,0.1433,0.32,1,low,house,hip,False,14,23,1,3
7673,14.4167,23.5833,1.033,0.1433,0.1433,0.64,2,low,house,gable,False,14,23,2,3
7674,14.75,23.5833,1.014,0.1433,0.1433,0.64,2,low,house,gable,False,14,23,4,3
7675,14.9167,23.5833,1.004,0.1433,0.1433,0.96,3,low,house,hip,False,14,23,5,3
7676,14.25,23.75,1.023,0.1433,0.1433,0.32,1,low,house,gable,False,14,23,1,4
7677,14.4167,23.75,1.015,0.1433,0.1433,0.96,3,low,house,gable,False,14,23,2,4
7678,14.5833,23.75,1.005,0.1433,0.1433,0.96,3,low,house,gable,False,14,23,3,4
7679,14.75,23.75,0.996,0.1433,0.1433,0.96,3,low,house,gable,False,14,23,4,4
7680,14.4167,23.9167,0.996,0.1433,0.1433,0.96,3,low,house,hip,False,14,23,2,5
7681,14.5833,23.9167,0.987,0.1433,0.1433,0.96,3,low,house,gable,False,14,23,3,5
7682,14.75,23.9167,0.978,0.1433,0.1433,0.96,3,low,house,gable,False,14,23,4,5
7683,15.0833,23.0833,1.049,0.1433,0.1433,0.64,2,medium,house,gable,False,15,23,0,0
7684,15.4167,23.0833,1.028,0.1433,0.1433,0.96,3,medium,house,hip,False,15,23,2,0
7685,15.0833,23.25,1.031,0.1433,0.1433,0.96,3,medium,house,gable,False,15,23,0,1
7686,15.25,23.25,1.021,0.1433,0.1433,0.64,2,medium,house,gable,False,15,23,1,1
7687,15.4167,23.25,1.01,0.1433,0.1433,0.64,2,medium,house,gable,False,15,23,2,1
7688,15.75,23.25,0.989,0.1433,0.1433,1.28,4,medium,house,gable,False,15,23,4,1
7689,15.25,23.4167,1.003,0.1433,0.1433,1.28,4,medium,house,gable,False,15,23,1,2
7690,15.4167,23.4167,0.992,0.1433,0.1433,0.96,3,medium,house,hip,False,15,23,2,2
7691,15.5833,23.4167,0.982,0.1433,0.1433,0.96,3,medium,house,gable,False,15,23,3,2
7692,15.75,23.4167,0.971,0.1433,0.1433,0.64,2,medium,house,gable,False,15,23,4,2
7693,15.9167,23.4167,0.96,0.1433,0.1433,1.28,4,medium,house,gable,False,15,23,5,2
7694,15.75,23.9167,0.917,0.1433,0.1433,0.96,3,medium,house,gable,False,15,23,4,5
7695,15.9167,23.9167,0.907,0.1433,0.1433,0.96,3,medium,house,gable,False,15,23,5,5
7696,16.5833,23.0833,0.951,0.1433,0.1433,0.64,2,medium,house,gable,False,16,23,3,0
7697,16.0833,23.4167,0.949,0.1433,0.1433,1.28,4,medium,house,gable,False,16,23,0,2
7698,16.5833,23.4167,0.916,0.1433,0.1433,1.28,4,medium,house,gable,False,16,23,3,2
7699,16.75,23.4167,0.905,0.1433,0.1433,0.64,2,medium,house,hip,False,16,23,4,2
7700,16.9167,23.4167,0.893,0.1433,0.1433,0.64,2,medium,house,gable,False,16,23,5,2
7701,16.0833,23.5833,0.932,0.1433,0.1433,0.64,2,medium,house,hip,False,16,23,0,3
7702,16.25,23.5833,0.921,0.1433,0.1433,0.96,3,medium,house,hip,False,16,23,1,3
7703,16.4167,23.5833,0.91,0.1433,0.1433,0.64,2,medium,house,gable,False,16,23,2,3
7704,16.5833,23.5833,0.899,0.1433,0.1433,0.96,3,medium,house,gable,False,16,23,3,3
7705,16.9167,23.5833,0.876,0.1433,0.1433,0.96,3,medium,house,gable,False,16,23,5,3
7706,16.4167,23.75,0.892,0.1433,0.1433,1.28,4,medium,house,gable,False,16,23,2,4
7707,16.5833,23.75,0.881,0.1433,0.1433,0.64,2,medium,house,hip,False,16,23,3,4
7708,16.75,23.75,0.87,0.1433,0.1433,0.96,3,medium,house,hip,False,16,23,4,4
7709,16.9167,23.75,0.859,0.1433,0.1433,1.28,4,medium,house,hip,False,16,23,5,4
7710,16.25,23.9167,0.885,0.1433,0.1433,1.28,4,medium,house,gable,False,16,23,1,5
7711,16.4167,23.9167,0.874,0.1433,0.1433,0.64,2,medium,house,gable,False,16,23,2,5
7712,16.75,23.9167,0.853,0.1433,0.1433,0.96,3,medium,house,gable,False,16,23,4,5
7713,16.9167,23.9167,0.842,0.1433,0.1433,0.64,2,medium,house,hip,False,16,23,5,5
7714,19.4167,23.4167,0.73,0.1433,0.1433,0.96,3,low,house,gable,False,19,23,2,2
7715,19.5833,23.4167,0.721,0.1433,0.1433,0.64,2,low,house,hip,False,19,23,3,2
7716,19.4167,23.5833,0.716,0.1433,0.1433,0.32,1,low,house,gable,False,19,23,2,3
7717,19.25,23.75,0.712,0.1433,0.1433,0.32,1,low,house,gable,False,19,23,1,4
7718,20.0833,23.0833,0.718,0.1433,0.1433,0.96,3,medium,house,gable,False,20,23,0,0
7719,20.4167,23.0833,0.699,0.1433,0.1433,0.64,2,medium,house,gable,False,20,23,2,0
7720,20.5833,23.0833,0.69,0.1433,0.1433,1.28,4,medium,house,gable,False,20,23,3,0
7721,20.75,23.0833,0.681,0.1433,0.1433,0.96,3,medium,house,gable,False,20,23,4,0
7722,20.9167,23.0833,0.673,0.1433,0.1433,0.64,2,medium,house,gable,False,20,23,5,0
7723,20.0833,23.25,0.705,0.1433,0.1433,1.28,4,medium,house,gable,False,20,23,0,1
7724,20.4167,23.25,0.687,0.1433,0.1433,0.96,3,medium,house,gable,False,20,23,2,1
7725,20.9167,23.25,0.661,0.1433,0.1433,0.96,3,medium,house,gable,False,20,23,5,1
7726,20.0833,23.4167,0.692,0.1433,0.1433,0.96,3,medium,house,gable,False,20,23,0,2
7727,20.4167,23.4167,0.675,0.1433,0.1433,1.28,4,medium,house,gable,False,20,23,2,2
7728,20.5833,23.4167,0.666,0.1433,0.1433,0.64,2,medium,house,gable,False,20,23,3,2
7729,20.75,23.4167,0.658,0.1433,0.1433,0.96,3,medium,house,gable,False,20,23,4,2
7730,20.4167,23.5833,0.662,0.1433,0.1433,1.28,4,medium,house,gable,False,20,23,2,3
7731,20.75,23.5833,0.646,0.1433,0.1433,0.96,3,medium,house,hip,False,20,23,4,3
7732,20.9167,23.5833,0.639,0.1433,0.1433,1.28,4,medium,house,hip,False,20,23,5,3
7733,20.5833,23.75,0.642,0.1433,0.1433,0.64,2,medium,house,gable,False,20,23,3,4
7734,20.75,23.75,0.634,0.1433,0.1433,0.64,2,medium,house,gable,False,20,23,4,4
7735,20.75,23.9167,0.623,0.1433,0.1433,0.96,3,medium,house,gable,False,20,23,4,5
7736,20.9167,23.9167,0.616,0.1433,0.1433,0.96,3,medium,house,gable,False,20,23,5,5
7737,22.4167,23.4167,0.59,0.1433,0.1433,0.96,3,medium,house,gable,False,22,23,2,2
7738,22.5833,23.4167,0.585,0.1433,0.1433,0.96,3,medium,house,gable,False,22,23,3,2
7739,22.0833,23.5833,0.592,0.1433,0.1433,0.64,2,medium,house,gable,False,22,23,0,3
7740,22.25,23.5833,0.587,0.1433,0.1433,1.28,4,medium,house,gable,False,22,23,1,3
7741,22.4167,23.5833,0.581,0.1433,0.1433,1.28,4,medium,house,gable,False,22,23,2,3
7742,22.75,23.5833,0.571,0.1433,0.1433,1.28,4,medium,house,gable,False,22,23,4,3
7743,22.9167,23.5833,0.567,0.1433,0.1433,1.28,4,medium,house,gable,False,22,23,5,3
7744,22.0833,23.75,0.583,0.1433,0.1433,1.28,4,medium,house,gable,False,22,23,0,4
7745,22.4167,23.75,0.572,0.1433,0.1433,1.28,4,medium,house,gable,False,22,23,2,4
7746,22.75,23.75,0.563,0.1433,0.1433,0.64,2,medium,house,hip,False,22,23,4,4
7747,22.9167,23.75,0.559,0.1433,0.1433,0.64,2,medium,house,hip,False,22,23,5,4
7748,22.0833,23.9167,0.573,0.1433,0.1433,1.28,4,medium,house,gable,False,22,23,0,5
7749,22.25,23.9167,0.568,0.1433,0.1433,1.28,4,medium,house,gable,False,22,23,1,5
7750,22.4167,23.9167,0.564,0.1433,0.1433,0.96,3,medium,house,hip,False,22,23,2,5
7751,22.75,23.9167,0.555,0.1433,0.1433,0.96,3,medium,house,gable,False,22,23,4,5
7752,22.9167,23.9167,0.551,0.1433,0.1433,0.64,2,medium,house,gable,False,22,23,5,5
7753,23.25,23.0833,0.58,0.1433,0.1433,0.64,2,medium,house,gable,False,23,23,1,0
7754,23.4167,23.0833,0.575,0.1433,0.1433,0.64,2,medium,house,gable,False,23,23,2,0
7755,23.5833,23.0833,0.571,0.1433,0.1433,0.64,2,medium,house,gable,False,23,23,3,0
7756,23.75,23.0833,0.566,0.1433,0.1433,0.64,2,medium,house,hip,False,23,23,4,0
7757,23.0833,23.25,0.577,0.1433,0.1433,0.96,3,medium,house,gable,False,23,23,0,1
7758,23.25,23.25,0.573,0.1433,0.1433,0.96,3,medium,house,gable,False,23,23,1,1
7759,23.5833,23.25,0.564,0.1433,0.1433,1.28,4,medium,house,hip,False,23,23,3,1
7760,23.0833,23.4167,0.57,0.1433,0.1433,1.28,4,medium,house,hip,False,23,23,0,2
7761,23.25,23.4167,0.566,0.1433,0.1433,1.28,4,medium,house,gable,False,23,23,1,2
7762,23.4167,23.4167,0.562,0.1433,0.1433,0.64,2,medium,house,gable,False,23,23,2,2
7763,23.5833,23.4167,0.558,0.1433,0.1433,0.96,3,medium,house,hip,False,23,23,3,2
7764,23.0833,23.75,0.555,0.1433,0.1433,1.28,4,medium,house,gable,False,23,23,0,4
7765,23.25,23.75,0.551,0.1433,0.1433,0.96,3,medium,house,gable,False,23,23,1,4
7766,23.25,23.9167,0.544,0.1433,0.1433,0.96,3,medium,house,hip,False,23,23,1,5
7767,24.4167,23.25,0.547,0.1433,0.1433,0.96,3,low,house,hip,False,24,23,2,1
7768,24.5833,23.25,0.544,0.1433,0.1433,0.32,1,low,house,gable,False,24,23,3,1
7769,24.75,23.25,0.541,0.1433,0.1433,0.32,1,low,house,gable,False,24,23,4,1
7770,24.4167,23.4167,0.542,0.1433,0.1433,0.96,3,low,house,gable,False,24,23,2,2
7771,24.75,23.4167,0.537,0.1433,0.1433,0.64,2,low,house,hip,False,24,23,4,2
7772,24.5833,23.5833,0.535,0.1433,0.1433,0.64,2,low,house,gable,False,24,23,3,3
7773,24.5833,23.75,0.53,0.1433,0.1433,0.64,2,low,house,gable,False,24,23,3,4
7774,24.75,23.75,0.528,0.1433,0.1433,0.32,1,low,house,gable,False,24,23,4,4
7775,24.9167,23.75,0.527,0.1433,0.1433,0.96,3,low,house,gable,False,24,23,5,4
7776,24.5833,23.9167,0.525,0.1433,0.1433,0.64,2,low,house,gable,False,24,23,3,5
7777,24.75,23.9167,0.524,0.1433,0.1433,0.32,1,low,house,gable,False,24,23,4,5
7778,24.9167,23.9167,0.522,0.1433,0.1433,0.64,2,low,house,gable,False,24,23,5,5
7779,25.0833,23.4167,0.533,0.1433,0.1433,0.96,3,low,house,hip,False,25,23,0,2
7780,25.25,23.4167,0.531,0.1433,0.1433,0.96,3,low,house,gable,False,25,23,1,2
7781,25.4167,23.4167,0.529,0.1433,0.1433,0.64,2,low,house,gable,False,25,23,2,2
7782,25.0833,23.5833,0.529,0.1433,0.1433,0.64,2,low,house,gable,False,25,23,0,3
7783,25.25,23.5833,0.527,0.1433,0.1433,0.64,2,low,house,gable,False,25,23,1,3
7784,25.0833,23.75,0.525,0.1433,0.1433,0.96,3,low,house,gable,False,25,23,0,4
7785,27.5833,23.0833,0.513,0.1433,0.1433,0.32,1,low,house,hip,False,27,23,3,0
7786,27.75,23.0833,0.512,0.1433,0.1433,0.96,3,low,house,gable,False,27,23,4,0
7787,27.5833,23.25,0.513,0.1433,0.1433,0.32,1,low,house,gable,False,27,23,3,1
7788,27.75,23.25,0.512,0.1433,0.1433,0.32,1,low,house,gable,False,27,23,4,1
7789,27.5833,23.4167,0.513,0.1433,0.1433,0.96,3,low,house,gable,False,27,23,3,2
7790,27.5833,23.5833,0.513,0.1433,0.1433,0.32,1,low,house,gable,False,27,23,3,3
7791,27.75,23.5833,0.513,0.1433,0.1433,0.96,3,low,house,hip,False,27,23,4,3
7792,27.5833,23.75,0.513,0.1433,0.1433,0.32,1,low,house,hip,False,27,23,3,4
7793,27.75,23.75,0.513,0.1433,0.1433,0.64,2,low,house,gable,False,27,23,4,4
7794,27.9167,23.75,0.512,0.1433,0.1433,0.96,3,low,house,hip,False,27,23,5,4
7795,27.9167,23.9167,0.512,0.1433,0.1433,0.64,2,low,house,gable,False,27,23,5,5
7796,28.0833,23.0833,0.508,0.1433,0.1433,0.64,2,low,house,hip,False,28,23,0,0
7797,28.25,23.0833,0.506,0.1433,0.1433,0.32,1,low,house,gable,False,28,23,1,0
7798,28.0833,23.25,0.509,0.1433,0.1433,0.64,2,low,house,hip,False,28,23,0,1
7799,28.4167,23.4167,0.507,0.1433,0.1433,0.32,1,low,house,gable,False,28,23,2,2
7800,28.25,23.5833,0.509,0.1433,0.1433,0.96,3,low,house,hip,False,28,23,1,3
7801,28.0833,23.75,0.511,0.1433,0.1433,0.32,1,low,house,gable,False,28,23,0,4
7802,28.25,23.75,0.51,0.1433,0.1433,0.64,2,low,house,gable,False,28,23,1,4
7803,28.25,23.9167,0.511,0.1433,0.1433,0.32,1,low,house,hip,False,28,23,1,5
7804,0.75,24.75,0.383,0.1433,0.1433,0.64,2,low,house,gable,False,0,24,4,4
7805,0.9167,24.75,0.401,0.1433,0.1433,0.32,1,low,house,hip,False,0,24,5,4
7806,0.75,24.9167,0.383,0.1433,0.1433,0.32,1,low,house,gable,False,0,24,4,5
7807,0.9167,24.9167,0.401,0.1433,0.1433,0.64,2,low,house,gable,False,0,24,5,5
7808,1.5833,24.5833,0.472,0.1433,0.1433,0.64,2,low,house,gable,False,1,24,3,3
7809,1.4167,24.75,0.454,0.1433,0.1433,0.96,3,low,house,gable,False,1,24,2,4
7810,1.5833,24.75,0.471,0.1433,0.1433,0.64,2,low,house,hip,False,1,24,3,4
7811,1.5833,24.9167,0.47,0.1433,0.1433,0.32,1,low,house,gable,False,1,24,3,5
7812,3.5833,24.4167,0.686,0.1433,0.1433,0.64,2,low,house,gable,False,3,24,3,2
7813,3.75,24.4167,0.703,0.1433,0.1433,0.64,2,low,house,gable,False,3,24,4,2
7814,3.25,24.5833,0.649,0.1433,0.1433,0.32,1,low,house,gable,False,3,24,1,3
7815,3.4167,24.5833,0.666,0.1433,0.1433,0.64,2,low,house,hip,False,3,24,2,3
7816,3.5833,24.5833,0.682,0.1433,0.1433,0.64,2,low,house,gable,False,3,24,3,3
7817,3.0833,24.75,0.628,0.1433,0.1433,0.96,3,low,house,gable,False,3,24,0,4
7818,3.25,24.75,0.645,0.1433,0.1433,0.32,1,low,house,gable,False,3,24,1,4
7819,4.25,24.4167,0.752,0.1433,0.1433,0.32,1,low,house,hip,False,4,24,1,2
7820,4.75,24.5833,0.793,0.1433,0.1433,0.64,2,low,house,gable,False,4,24,4,3
7821,4.5833,24.75,0.773,0.1433,0.1433,0.64,2,low,house,gable,False,4,24,3,4
7822,4.75,24.75,0.787,0.1433,0.1433,0.64,2,low,house,gable,False,4,24,4,4
7823,4.5833,24.9167,0.767,0.1433,0.1433,0.32,1,low,house,hip,False,4,24,3,5
7824,4.75,24.9167,0.782,0.1433,0.1433,0.64,2,low,house,gable,False,4,24,4,5
7825,4.9167,24.9167,0.796,0.1433,0.1433,0.64,2,low,house,hip,False,4,24,5,5
7826,5.5833,24.75,0.856,0.1433,0.1433,0.64,2,low,house,gable,False,5,24,3,4
7827,5.9167,24.75,0.881,0.1433,0.1433,0.64,2,low,house,gable,False,5,24,5,4
7828,5.5833,24.9167,0.849,0.1433,0.1433,0.64,2,low,house,gable,False,5,24,3,5
7829,5.75,24.9167,0.861,0.1433,0.1433,0.64,2,low,house,gable,False,5,24,4,5
7830,5.9167,24.9167,0.873,0.1433,0.1433,0.64,2,low,house,gable,False,5,24,5,5
7831,7.4167,24.25,1.003,0.1433,0.1433,0.64,2,low,house,gable,False,7,24,2,1
7832,7.25,24.75,0.963,0.1433,0.1433,0.64,2,low,house,gable,False,7,24,1,4
7833,7.4167,24.75,0.972,0.1433,0.1433,0.64,2,low,house,gable,False,7,24,2,4
7834,7.25,24.9167,0.953,0.1433,0.1433,0.96,3,low,house,gable,False,7,24,1,5
7835,9.0833,24.4167,1.055,0.1433,0.1433,0.96,3,low,house,gable,False,9,24,0,2
7836,9.0833,24.5833,1.041,0.1433,0.1433,0.32,1,low,house,gable,False,9,24,0,3
7837,9.25,24.5833,1.045,0.1433,0.1433,0.96,3,low,house,gable,False,9,24,1,3
7838,9.0833,24.75,1.028,0.1433,0.1433,0.96,3,low,house,gable,False,9,24,0,4
7839,9.25,24.75,1.031,0.1433,0.1433,0.96,3,low,house,gable,False,9,24,1,4
7840,9.5833,24.75,1.035,0.1433,0.1433,0.64,2,low,house,gable,False,9,24,3,4
7841,9.25,24.9167,1.018,0.1433,0.1433,0.32,1,low,house,gable,False,9,24,1,5
7842,9.4167,24.9167,1.02,0.1433,0.1433,0.96,3,low,house,gable,False,9,24,2,5
7843,9.5833,24.9167,1.021,0.1433,0.1433,0.64,2,low,house,gable,False,9,24,3,5
7844,11.5833,24.0833,1.088,0.1433,0.1433,0.96,3,low,house,gable,False,11,24,3,0
7845,11.75,24.0833,1.084,0.1433,0.1433,0.32,1,low,house,hip,False,11,24,4,0
7846,11.4167,24.25,1.074,0.1433,0.1433,0.32,1,low,house,gable,False,11,24,2,1
7847,11.5833,24.25,1.071,0.1433,0.1433,0.64,2,low,house,gable,False,11,24,3,1
7848,11.75,24.25,1.068,0.1433,0.1433,0.96,3,low,house,gable,False,11,24,4,1
7849,11.0833,24.4167,1.063,0.1433,0.1433,0.64,2,low,house,hip,False,11,24,0,2
7850,11.25,24.4167,1.061,0.1433,0.1433,0.32,1,low,house,hip,False,11,24,1,2
7851,11.4167,24.4167,1.058,0.1433,0.1433,0.64,2,low,house,gable,False,11,24,2,2
7852,11.75,24.4167,1.051,0.1433,0.1433,0.64,2,low,house,gable,False,11,24,4,2
7853,11.9167,24.4167,1.047,0.1433,0.1433,0.96,3,low,house,gable,False,11,24,5,2
7854,11.25,24.5833,1.044,0.1433,0.1433,0.32,1,low,house,hip,False,11,24,1,3
7855,12.25,24.4167,1.037,0.1433,0.1433,0.32,1,low,house,gable,False,12,24,1,2
7856,12.4167,24.4167,1.032,0.1433,0.1433,0.32,1,low,house,gable,False,12,24,2,2
7857,12.4167,24.5833,1.014,0.1433,0.1433,0.96,3,low,house,hip,False,12,24,2,3
7858,13.75,24.5833,0.958,0.1433,0.1433,0.64,2,low,house,hip,False,13,24,4,3
7859,13.25,24.75,0.964,0.1433,0.1433,0.96,3,low,house,hip,False,13,24,1,4
7860,13.4167,24.75,0.956,0.1433,0.1433,0.96,3,low,house,gable,False,13,24,2,4
7861,13.5833,24.75,0.949,0.1433,0.1433,0.32,1,low,house,hip,False,13,24,3,4
7862,13.25,24.9167,0.946,0.1433,0.1433,0.96,3,low,house,hip,False,13,24,1,5
7863,13.4167,24.9167,0.939,0.1433,0.1433,0.96,3,low,house,gable,False,13,24,2,5
7864,13.5833,24.9167,0.931,0.1433,0.1433,0.64,2,low,house,hip,False,13,24,3,5
7865,14.25,24.5833,0.933,0.1433,0.1433,0.96,3,low,house,gable,False,14,24,1,3
7866,14.0833,24.75,0.923,0.1433,0.1433,0.64,2,low,house,gable,False,14,24,0,4
7867,14.25,24.75,0.915,0.1433,0.1433,0.96,3,low,house,gable,False,14,24,1,4
7868,14.0833,24.9167,0.905,0.1433,0.1433,0.64,2,low,house,gable,False,14,24,0,5
7869,14.25,24.9167,0.897,0.1433,0.1433,0.64,2,low,house,gable,False,14,24,1,5
7870,15.0833,24.0833,0.94,0.1433,0.1433,0.32,1,low,house,gable,False,15,24,0,0
7871,15.25,24.0833,0.93,0.1433,0.1433,0.96,3,low,house,gable,False,15,24,1,0
7872,15.4167,24.0833,0.92,0.1433,0.1433,0.64,2,low,house,gable,False,15,24,2,0
7873,15.0833,24.25,0.922,0.1433,0.1433,0.32,1,low,house,gable,False,15,24,0,1
7874,15.25,24.25,0.912,0.1433,0.1433,0.64,2,low,house,hip,False,15,24,1,1
7875,17.4167,24.25,0.776,0.1433,0.1433,0.64,2,low,house,gable,False,17,24,2,1
7876,17.5833,24.25,0.766,0.1433,0.1433,0.96,3,low,house,gable,False,17,24,3,1
7877,17.75,24.25,0.756,0.1433,0.1433,0.96,3,low,house,hip,False,17,24,4,1
7878,17.5833,24.4167,0.749,0.1433,0.1433,0.32,1,low,house,hip,False,17,24,3,2
7879,17.75,24.4167,0.739,0.1433,0.1433,0.64,2,low,house,gable,False,17,24,4,2
7880,17.0833,24.75,0.746,0.1433,0.1433,0.96,3,low,house,gable,False,17,24,0,4
7881,17.25,24.75,0.736,0.1433,0.1433,0.64,2,low,house,hip,False,17,24,1,4
7882,17.0833,24.9167,0.73,0.1433,0.1433,0.64,2,low,house,gable,False,17,24,0,5
7883,17.25,24.9167,0.72,0.1433,0.1433,0.64,2,low,house,hip,False,17,24,1,5
7884,18.25,24.0833,0.741,0.1433,0.1433,0.64,2,low,house,gable,False,18,24,1,0
7885,18.5833,24.0833,0.721,0.1433,0.1433,0.64,2,low,house,gable,False,18,24,3,0
7886,18.75,24.0833,0.711,0.1433,0.1433,0.64,2,low,house,gable,False,18,24,4,0
7887,18.9167,24.0833,0.702,0.1433,0.1433,0.96,3,low,house,hip,False,18,24,5,0
7888,18.25,24.25,0.725,0.1433,0.1433,0.64,2,low,house,gable,False,18,24,1,1
7889,18.4167,24.25,0.716,0.1433,0.1433,0.32,1,low,house,gable,False,18,24,2,1
7890,18.75,24.25,0.696,0.1433,0.1433,0.32,1,low,house,hip,False,18,24,4,1
7891,18.9167,24.25,0.687,0.1433,0.1433,0.96,3,low,house,gable,False,18,24,5,1
7892,18.4167,24.4167,0.7,0.1433,0.1433,0.32,1,low,house,gable,False,18,24,2,2
7893,18.9167,24.4167,0.672,0.1433,0.1433,0.32,1,low,house,gable,False,18,24,5,2
7894,22.4167,24.75,0.519,0.1433,0.1433,0.64,2,low,house,gable,False,22,24,2,4
7895,22.5833,24.75,0.516,0.1433,0.1433,0.64,2,low,house,gable,False,22,24,3,4
7896,22.75,24.75,0.514,0.1433,0.1433,0.96,3,low,house,hip,False,22,24,4,4
7897,22.5833,24.9167,0.508,0.1433,0.1433,0.32,1,low,house,gable,False,22,24,3,5
7898,23.4167,24.25,0.527,0.1433,0.1433,0.32,1,low,house,gable,False,23,24,2,1
7899,23.5833,24.25,0.525,0.1433,0.1433,0.32,1,low,house,hip,False,23,24,3,1
7900,23.0833,24.4167,0.525,0.1433,0.1433,0.96,3,low,house,gable,False,23,24,0,2
7901,23.25,24.4167,0.522,0.1433,0.1433,0.32,1,low,house,gable,False,23,24,1,2
7902,23.4167,24.4167,0.52,0.1433,0.1433,0.96,3,low,house,hip,False,23,24,2,2
7903,23.5833,24.4167,0.518,0.1433,0.1433,0.32,1,low,house,hip,False,23,24,3,2
7904,23.0833,24.5833,0.517,0.1433,0.1433,0.64,2,low,house,gable,False,23,24,0,3
7905,23.25,24.75,0.507,0.1433,0.1433,0.96,3,low,house,hip,False,23,24,1,4
7906,23.4167,24.75,0.506,0.1433,0.1433,0.96,3,low,house,hip,False,23,24,2,4
7907,23.5833,24.75,0.504,0.1433,0.1433,0.32,1,low,house,gable,False,23,24,3,4
7908,23.0833,24.9167,0.501,0.1433,0.1433,0.32,1,low,house,hip,False,23,24,0,5
7909,23.25,24.9167,0.5,0.1433,0.1433,0.32,1,low,house,gable,False,23,24,1,5
7910,23.4167,24.9167,0.499,0.1433,0.1433,0.32,1,low,house,gable,False,23,24,2,5
7911,24.25,24.0833,0.523,0.1433,0.1433,0.96,3,low,house,gable,False,24,24,1,0
7912,24.4167,24.0833,0.522,0.1433,0.1433,0.64,2,low,house,gable,False,24,24,2,0
7913,24.25,24.25,0.518,0.1433,0.1433,0.96,3,low,house,gable,False,24,24,1,1
7914,24.4167,24.25,0.516,0.1433,0.1433,0.64,2,low,house,gable,False,24,24,2,1
7915,24.5833,24.25,0.515,0.1433,0.1433,0.32,1,low,house,gable,False,24,24,3,1
7916,24.75,24.25,0.514,0.1433,0.1433,0.32,1,low,house,gable,False,24,24,4,1
7917,24.9167,24.25,0.514,0.1433,0.1433,0.32,1,low,house,gable,False,24,24,5,1
7918,24.75,24.4167,0.51,0.1433,0.1433,0.64,2,low,house,gable,False,24,24,4,2
7919,24.9167,24.4167,0.509,0.1433,0.1433,0.96,3,low,house,gable,False,24,24,5,2
7920,25.25,24.0833,0.516,0.1433,0.1433,0.32,1,low,house,gable,False,25,24,1,0
7921,25.4167,24.0833,0.516,0.1433,0.1433,0.96,3,low,house,hip,False,25,24,2,0
7922,25.4167,24.25,0.512,0.1433,0.1433,0.96,3,low,house,hip,False,25,24,2,1
7923,25.5833,24.25,0.512,0.1433,0.1433,0.96,3,low,house,gable,False,25,24,3,1
7924,26.75,24.25,0.512,0.1433,0.1433,0.32,1,low,house,hip,False,26,24,4,1
7925,27.5833,24.75,0.511,0.1433,0.1433,0.96,3,low,house,gable,False,27,24,3,4
7926,27.5833,24.9167,0.51,0.1433,0.1433,0.64,2,low,house,gable,False,27,24,3,5
7927,27.75,24.9167,0.511,0.1433,0.1433,0.32,1,low,house,hip,False,27,24,4,5
7928,28.75,24.0833,0.509,0.1433,0.1433,0.64,2,low,house,hip,False,28,24,4,0
7929,28.4167,24.25,0.511,0.1433,0.1433,0.32,1,low,house,hip,False,28,24,2,1
7930,28.5833,24.25,0.511,0.1433,0.1433,0.64,2,low,house,hip,False,28,24,3,1
7931,28.9167,24.25,0.509,0.1433,0.1433,0.32,1,low,house,gable,False,28,24,5,1
7932,28.4167,24.4167,0.512,0.1433,0.1433,0.96,3,low,house,gable,False,28,24,2,2
7933,28.75,24.4167,0.511,0.1433,0.1433,0.32,1,low,house,hip,False,28,24,4,2
7934,28.25,24.5833,0.512,0.1433,0.1433,0.96,3,low,house,gable,False,28,24,1,3
7935,28.4167,24.75,0.513,0.1433,0.1433,0.96,3,low,house,gable,False,28,24,2,4
7936,28.4167,24.9167,0.513,0.1433,0.1433,0.32,1,low,house,gable,False,28,24,2,5
7937,28.5833,24.9167,0.513,0.1433,0.1433,0.64,2,low,house,hip,False,28,24,3,5
7938,1.4167,25.0833,0.452,0.1433,0.1433,0.32,1,low,house,gable,False,1,25,2,0
7939,1.5833,25.0833,0.469,0.1433,0.1433,0.96,3,low,house,gable,False,1,25,3,0
7940,1.25,25.25,0.434,0.1433,0.1433,0.96,3,low,house,gable,False,1,25,1,1
7941,1.4167,25.25,0.451,0.1433,0.1433,0.32,1,low,house,gable,False,1,25,2,1
7942,1.5833,25.25,0.468,0.1433,0.1433,0.32,1,low,house,hip,False,1,25,3,1
7943,1.5833,25.4167,0.467,0.1433,0.1433,0.32,1,low,house,gable,False,1,25,3,2
7944,1.25,25.5833,0.432,0.1433,0.1433,0.96,3,low,house,gable,False,1,25,1,3
7945,1.0833,25.75,0.414,0.1433,0.1433,0.32,1,low,house,gable,False,1,25,0,4
7946,1.25,25.75,0.431,0.1433,0.1433,0.32,1,low,house,hip,False,1,25,1,4
7947,1.4167,25.75,0.447,0.1433,0.1433,0.32,1,low,house,gable,False,1,25,2,4
7948,1.0833,25.9167,0.413,0.1433,0.1433,0.64,2,low,house,gable,False,1,25,0,5
7949,2.25,25.75,0.529,0.1433,0.1433,0.64,2,low,house,hip,False,2,25,1,4
7950,2.4167,25.75,0.545,0.1433,0.1433,0.96,3,low,house,gable,False,2,25,2,4
7951,2.5833,25.75,0.561,0.1433,0.1433,0.32,1,low,house,gable,False,2,25,3,4
7952,2.4167,25.9167,0.542,0.1433,0.1433,0.64,2,low,house,gable,False,2,25,2,5
7953,2.5833,25.9167,0.558,0.1433,0.1433,0.96,3,low,house,gable,False,2,25,3,5
7954,4.25,25.0833,0.732,0.1433,0.1433,0.96,3,low,house,hip,False,4,25,1,0
7955,4.0833,25.25,0.712,0.1433,0.1433,0.64,2,low,house,gable,False,4,25,0,1
7956,4.25,25.25,0.727,0.1433,0.1433,0.64,2,low,house,gable,False,4,25,1,1
7957,4.25,25.4167,0.722,0.1433,0.1433,0.64,2,low,house,gable,False,4,25,1,2
7958,4.4167,25.4167,0.736,0.1433,0.1433,0.32,1,low,house,gable,False,4,25,2,2
7959,4.4167,25.75,0.725,0.1433,0.1433,0.32,1,low,house,gable,False,4,25,2,4
7960,4.25,25.9167,0.706,0.1433,0.1433,0.96,3,low,house,hip,False,4,25,1,5
7961,4.4167,25.9167,0.719,0.1433,0.1433,0.64,2,low,house,gable,False,4,25,2,5
7962,5.25,25.25,0.809,0.1433,0.1433,0.96,3,low,house,gable,False,5,25,1,1
7963,5.0833,25.4167,0.79,0.1433,0.1433,0.96,3,low,house,gable,False,5,25,0,2
7964,5.25,25.4167,0.803,0.1433,0.1433,0.96,3,low,house,gable,False,5,25,1,2
7965,5.25,25.5833,0.796,0.1433,0.1433,0.96,3,low,house,gable,False,5,25,1,3
7966,5.4167,25.5833,0.808,0.1433,0.1433,0.96,3,low,house,gable,False,5,25,2,3
7967,6.75,25.0833,0.917,0.1433,0.1433,0.32,1,low,house,gable,False,6,25,4,0
7968,6.9167,25.0833,0.926,0.1433,0.1433,0.96,3,low,house,hip,False,6,25,5,0
7969,6.75,25.25,0.908,0.1433,0.1433,0.64,2,low,house,gable,False,6,25,4,1
7970,6.9167,25.25,0.917,0.1433,0.1433,0.96,3,low,house,gable,False,6,25,5,1
7971,6.5833,25.5833,0.88,0.1433,0.1433,0.96,3,low,house,gable,False,6,25,3,3
7972,6.75,25.75,0.88,0.1433,0.1433,0.32,1,low,house,gable,False,6,25,4,4
7973,6.5833,25.9167,0.862,0.1433,0.1433,0.64,2,low,house,gable,False,6,25,3,5
7974,6.75,25.9167,0.87,0.1433,0.1433,0.64,2,low,house,gable,False,6,25,4,5
7975,7.0833,25.0833,0.935,0.1433,0.1433,0.32,1,low,house,hip,False,7,25,0,0
7976,7.25,25.0833,0.943,0.1433,0.1433,0.32,1,low,house,gable,False,7,25,1,0
7977,7.4167,25.0833,0.951,0.1433,0.1433,0.32,1,low,house,gable,False,7,25,2,0
7978,7.0833,25.25,0.925,0.1433,0.1433,0.64,2,low,house,hip,False,7,25,0,1
7979,7.25,25.25,0.933,0.1433,0.1433,0.96,3,low,house,gable,False,7,25,1,1
7980,9.4167,25.25,0.992,0.1433,0.1433,0.96,3,low,house,gable,False,9,25,2,1
7981,10.5833,25.4167,0.976,0.1433,0.1433,0.32,1,low,house,gable,False,10,25,3,2
7982,11.25,25.0833,0.996,0.1433,0.1433,0.64,2,low,house,gable,False,11,25,1,0
7983,11.4167,25.0833,0.992,0.1433,0.1433,0.64,2,low,house,hip,False,11,25,2,0
7984,11.5833,25.0833,0.988,0.1433,0.1433,0.64,2,low,house,gable,False,11,25,3,0
7985,11.0833,25.25,0.983,0.1433,0.1433,0.32,1,low,house,gable,False,11,25,0,1
7986,11.25,25.25,0.98,0.1433,0.1433,0.32,1,low,house,gable,False,11,25,1,1
7987,11.4167,25.25,0.976,0.1433,0.1433,0.64,2,low,house,gable,False,11,25,2,1
7988,11.25,25.75,0.932,0.1433,0.1433,0.32,1,low,house,gable,False,11,25,1,4
7989,11.4167,25.75,0.928,0.1433,0.1433,0.64,2,low,house,gable,False,11,25,2,4
7990,11.0833,25.9167,0.92,0.1433,0.1433,0.64,2,low,house,gable,False,11,25,0,5
7991,11.25,25.9167,0.916,0.1433,0.1433,0.96,3,low,house,gable,False,11,25,1,5
7992,14.9167,25.25,0.824,0.1433,0.1433,0.96,3,low,house,gable,False,14,25,5,1
7993,14.75,25.4167,0.815,0.1433,0.1433,0.64,2,low,house,hip,False,14,25,4,2
7994,14.9167,25.4167,0.806,0.1433,0.1433,0.96,3,low,house,hip,False,14,25,5,2
7995,14.75,25.5833,0.798,0.1433,0.1433,0.64,2,low,house,hip,False,14,25,4,3
7996,15.5833,25.0833,0.802,0.1433,0.1433,0.32,1,low,house,gable,False,15,25,3,0
7997,15.75,25.0833,0.792,0.1433,0.1433,0.96,3,low,house,hip,False,15,25,4,0
7998,15.9167,25.0833,0.783,0.1433,0.1433,0.64,2,low,house,gable,False,15,25,5,0
7999,15.9167,25.25,0.765,0.1433,0.1433,0.64,2,low,house,gable,False,15,25,5,1
8000,15.25,25.75,0.752,0.1433,0.1433,0.32,1,low,house,gable,False,15,25,1,4
8001,15.0833,25.9167,0.744,0.1433,0.1433,0.96,3,low,house,gable,False,15,25,0,5
8002,15.25,25.9167,0.734,0.1433,0.1433,0.64,2,low,house,gable,False,15,25,1,5
8003,17.5833,25.25,0.668,0.1433,0.1433,0.96,3,low,house,gable,False,17,25,3,1
8004,17.75,25.25,0.659,0.1433,0.1433,0.64,2,low,house,hip,False,17,25,4,1
8005,17.9167,25.25,0.649,0.1433,0.1433,0.32,1,low,house,gable,False,17,25,5,1
8006,17.5833,25.4167,0.652,0.1433,0.1433,0.32,1,low,house,hip,False,17,25,3,2
8007,17.75,25.4167,0.643,0.1433,0.1433,0.96,3,low,house,hip,False,17,25,4,2
8008,17.4167,25.5833,0.645,0.1433,0.1433,0.96,3,low,house,hip,False,17,25,2,3
8009,18.75,25.4167,0.592,0.1433,0.1433,0.32,1,low,house,gable,False,18,25,4,2
8010,18.9167,25.4167,0.584,0.1433,0.1433,0.64,2,low,house,gable,False,18,25,5,2
8011,18.5833,25.5833,0.585,0.1433,0.1433,0.32,1,low,house,hip,False,18,25,3,3
8012,18.75,25.5833,0.577,0.1433,0.1433,0.96,3,low,house,gable,False,18,25,4,3
8013,18.5833,25.75,0.57,0.1433,0.1433,0.96,3,low,house,hip,False,18,25,3,4
8014,18.75,25.75,0.562,0.1433,0.1433,0.32,1,low,house,gable,False,18,25,4,4
8015,18.9167,25.75,0.555,0.1433,0.1433,0.64,2,low,house,gable,False,18,25,5,4
8016,18.75,25.9167,0.548,0.1433,0.1433,0.64,2,low,house,hip,False,18,25,4,5
8017,18.9167,25.9167,0.541,0.1433,0.1433,0.64,2,low,house,hip,False,18,25,5,5
8018,19.5833,25.5833,0.542,0.1433,0.1433,0.96,3,low,house,hip,False,19,25,3,3
8019,19.4167,25.75,0.535,0.1433,0.1433,0.96,3,low,house,hip,False,19,25,2,4
8020,19.5833,25.75,0.528,0.1433,0.1433,0.96,3,low,house,gable,False,19,25,3,4
8021,19.75,25.75,0.522,0.1433,0.1433,0.32,1,low,house,gable,False,19,25,4,4
8022,19.5833,25.9167,0.515,0.1433,0.1433,0.32,1,low,house,gable,False,19,25,3,5
8023,19.75,25.9167,0.509,0.1433,0.1433,0.64,2,low,house,gable,False,19,25,4,5
8024,20.4167,25.75,0.501,0.1433,0.1433,0.64,2,low,house,hip,False,20,25,2,4
8025,20.5833,25.75,0.497,0.1433,0.1433,0.64,2,low,house,gable,False,20,25,3,4
8026,20.4167,25.9167,0.489,0.1433,0.1433,0.96,3,low,house,gable,False,20,25,2,5
8027,22.25,25.25,0.495,0.1433,0.1433,0.32,1,low,house,hip,False,22,25,1,1
8028,22.0833,25.4167,0.487,0.1433,0.1433,0.96,3,low,house,hip,False,22,25,0,2
8029,22.25,25.4167,0.485,0.1433,0.1433,0.96,3,low,house,gable,False,22,25,1,2
8030,22.4167,25.4167,0.483,0.1433,0.1433,0.96,3,low,house,gable,False,22,25,2,2
8031,22.25,25.5833,0.476,0.1433,0.1433,0.64,2,low,house,gable,False,22,25,1,3
8032,22.4167,25.5833,0.474,0.1433,0.1433,0.32,1,low,house,hip,False,22,25,2,3
8033,22.5833,25.5833,0.473,0.1433,0.1433,0.96,3,low,house,gable,False,22,25,3,3
8034,23.25,25.5833,0.469,0.1433,0.1433,0.64,2,low,house,gable,False,23,25,1,3
8035,23.4167,25.5833,0.469,0.1433,0.1433,0.96,3,low,house,hip,False,23,25,2,3
8036,23.5833,25.5833,0.469,0.1433,0.1433,0.96,3,low,house,gable,False,23,25,3,3
8037,23.75,25.5833,0.469,0.1433,0.1433,0.96,3,low,house,hip,False,23,25,4,3
8038,23.4167,25.75,0.462,0.1433,0.1433,0.64,2,low,house,gable,False,23,25,2,4
8039,23.75,25.75,0.462,0.1433,0.1433,0.32,1,low,house,gable,False,23,25,4,4
8040,23.9167,25.75,0.463,0.1433,0.1433,0.96,3,low,house,gable,False,23,25,5,4
8041,23.25,25.9167,0.454,0.1433,0.1433,0.32,1,low,house,gable,False,23,25,1,5
8042,23.4167,25.9167,0.454,0.1433,0.1433,0.32,1,low,house,hip,False,23,25,2,5
8043,23.5833,25.9167,0.455,0.1433,0.1433,0.64,2,low,house,hip,False,23,25,3,5
8044,23.75,25.9167,0.455,0.1433,0.1433,0.64,2,low,house,gable,False,23,25,4,5
8045,24.25,25.5833,0.471,0.1433,0.1433,0.96,3,low,house,hip,False,24,25,1,3
8046,24.4167,25.5833,0.472,0.1433,0.1433,0.32,1,low,house,gable,False,24,25,2,3
8047,24.5833,25.5833,0.473,0.1433,0.1433,0.64,2,low,house,gable,False,24,25,3,3
8048,24.25,25.75,0.465,0.1433,0.1433,0.64,2,low,house,hip,False,24,25,1,4
8049,24.4167,25.75,0.466,0.1433,0.1433,0.32,1,low,house,hip,False,24,25,2,4
8050,24.4167,25.9167,0.46,0.1433,0.1433,0.64,2,low,house,gable,False,24,25,2,5
8051,24.5833,25.9167,0.462,0.1433,0.1433,0.64,2,low,house,gable,False,24,25,3,5
8052,25.75,25.5833,0.485,0.1433,0.1433,0.64,2,low,house,gable,False,25,25,4,3
8053,25.9167,25.5833,0.486,0.1433,0.1433,0.96,3,low,house,gable,False,25,25,5,3
8054,25.5833,25.75,0.479,0.1433,0.1433,0.32,1,low,house,gable,False,25,25,3,4
8055,25.75,25.75,0.481,0.1433,0.1433,0.96,3,low,house,gable,False,25,25,4,4
8056,25.9167,25.75,0.483,0.1433,0.1433,0.32,1,low,house,gable,False,25,25,5,4
8057,26.0833,25.0833,0.498,0.1433,0.1433,0.64,2,low,house,gable,False,26,25,0,0
8058,26.0833,25.25,0.495,0.1433,0.1433,0.64,2,low,house,gable,False,26,25,0,1
8059,26.25,25.25,0.496,0.1433,0.1433,0.64,2,low,house,gable,False,26,25,1,1
8060,26.0833,25.4167,0.492,0.1433,0.1433,0.96,3,low,house,hip,False,26,25,0,2
8061,27.5833,25.0833,0.509,0.1433,0.1433,0.64,2,low,house,hip,False,27,25,3,0
8062,27.75,25.0833,0.51,0.1433,0.1433,0.32,1,low,house,gable,False,27,25,4,0
8063,27.5833,25.25,0.508,0.1433,0.1433,0.32,1,low,house,gable,False,27,25,3,1
8064,0.25,26.0833,0.332,0.1433,0.1433,0.96,3,low,house,hip,False,0,26,1,0
8065,0.4167,26.0833,0.348,0.1433,0.1433,0.32,1,low,house,hip,False,0,26,2,0
8066,0.25,26.25,0.331,0.1433,0.1433,0.96,3,low,house,gable,False,0,26,1,1
8067,0.0833,26.4167,0.315,0.1433,0.1433,0.32,1,low,house,gable,False,0,26,0,2
8068,0.25,26.4167,0.33,0.1433,0.1433,0.96,3,low,house,gable,False,0,26,1,2
8069,0.4167,26.5833,0.345,0.1433,0.1433,0.32,1,low,house,hip,False,0,26,2,3
8070,0.25,26.75,0.328,0.1433,0.1433,0.64,2,low,house,gable,False,0,26,1,4
8071,0.4167,26.75,0.343,0.1433,0.1433,0.96,3,low,house,gable,False,0,26,2,4
8072,0.5833,26.75,0.359,0.1433,0.1433,0.32,1,low,house,gable,False,0,26,3,4
8073,0.4167,26.9167,0.342,0.1433,0.1433,0.96,3,low,house,gable,False,0,26,2,5
8074,1.25,26.5833,0.422,0.1433,0.1433,0.96,3,low,house,hip,False,1,26,1,3
8075,1.4167,26.5833,0.438,0.1433,0.1433,0.32,1,low,house,gable,False,1,26,2,3
8076,1.5833,26.5833,0.453,0.1433,0.1433,0.32,1,low,house,hip,False,1,26,3,3
8077,1.4167,26.75,0.435,0.1433,0.1433,0.96,3,low,house,gable,False,1,26,2,4
8078,2.0833,26.0833,0.508,0.1433,0.1433,0.64,2,low,house,gable,False,2,26,0,0
8079,2.25,26.0833,0.524,0.1433,0.1433,0.64,2,low,house,gable,False,2,26,1,0
8080,2.0833,26.25,0.505,0.1433,0.1433,0.32,1,low,house,gable,False,2,26,0,1
8081,2.25,26.25,0.521,0.1433,0.1433,0.32,1,low,house,gable,False,2,26,1,1
8082,2.25,26.4167,0.518,0.1433,0.1433,0.32,1,low,house,gable,False,2,26,1,2
8083,2.25,26.5833,0.515,0.1433,0.1433,0.32,1,low,house,gable,False,2,26,1,3
8084,2.4167,26.5833,0.53,0.1433,0.1433,0.64,2,low,house,hip,False,2,26,2,3
8085,2.25,26.75,0.511,0.1433,0.1433,0.96,3,low,house,gable,False,2,26,1,4
8086,3.75,26.25,0.654,0.1433,0.1433,0.96,3,low,house,gable,False,3,26,4,1
8087,3.9167,26.25,0.668,0.1433,0.1433,0.96,3,low,house,gable,False,3,26,5,1
8088,3.5833,26.4167,0.636,0.1433,0.1433,0.64,2,low,house,hip,False,3,26,3,2
8089,3.75,26.4167,0.649,0.1433,0.1433,0.32,1,low,house,gable,False,3,26,4,2
8090,3.9167,26.4167,0.663,0.1433,0.1433,0.64,2,low,house,gable,False,3,26,5,2
8091,3.4167,26.5833,0.617,0.1433,0.1433,0.96,3,low,house,gable,False,3,26,2,3
8092,3.5833,26.5833,0.631,0.1433,0.1433,0.96,3,low,house,gable,False,3,26,3,3
8093,5.4167,26.4167,0.771,0.1433,0.1433,0.64,2,low,house,hip,False,5,26,2,2
8094,5.25,26.5833,0.753,0.1433,0.1433,0.96,3,low,house,gable,False,5,26,1,3
8095,5.4167,26.5833,0.764,0.1433,0.1433,0.96,3,low,house,gable,False,5,26,2,3
8096,5.5833,26.5833,0.774,0.1433,0.1433,0.32,1,low,house,gable,False,5,26,3,3
8097,7.0833,26.4167,0.855,0.1433,0.1433,0.64,2,low,house,gable,False,7,26,0,2
8098,7.25,26.4167,0.861,0.1433,0.1433,0.96,3,low,house,gable,False,7,26,1,2
8099,7.4167,26.4167,0.867,0.1433,0.1433,0.64,2,low,house,gable,False,7,26,2,2
8100,7.0833,26.5833,0.845,0.1433,0.1433,0.32,1,low,house,gable,False,7,26,0,3
8101,7.25,26.5833,0.851,0.1433,0.1433,0.32,1,low,house,gable,False,7,26,1,3
8102,7.0833,26.75,0.835,0.1433,0.1433,0.96,3,low,house,gable,False,7,26,0,4
8103,7.4167,26.75,0.846,0.1433,0.1433,0.32,1,low,house,gable,False,7,26,2,4
8104,7.5833,26.75,0.85,0.1433,0.1433,0.64,2,low,house,hip,False,7,26,3,4
8105,7.5833,26.9167,0.84,0.1433,0.1433,0.64,2,low,house,hip,False,7,26,3,5
8106,8.9167,26.25,0.909,0.1433,0.1433,0.64,2,low,house,gable,False,8,26,5,1
8107,8.0833,26.5833,0.873,0.1433,0.1433,0.96,3,low,house,hip,False,8,26,0,3
8108,8.25,26.5833,0.876,0.1433,0.1433,0.64,2,low,house,gable,False,8,26,1,3
8109,8.0833,26.75,0.861,0.1433,0.1433,0.64,2,low,house,gable,False,8,26,0,4
8110,8.25,26.75,0.864,0.1433,0.1433,0.64,2,low,house,gable,False,8,26,1,4
8111,10.0833,26.5833,0.879,0.1433,0.1433,0.64,2,low,house,gable,False,10,26,0,3
8112,10.9167,26.5833,0.863,0.1433,0.1433,0.96,3,low,house,hip,False,10,26,5,3
8113,10.75,26.75,0.852,0.1433,0.1433,0.96,3,low,house,hip,False,10,26,4,4
8114,10.9167,26.75,0.848,0.1433,0.1433,0.32,1,low,house,gable,False,10,26,5,4
8115,10.5833,26.9167,0.841,0.1433,0.1433,0.32,1,low,house,hip,False,10,26,3,5
8116,10.75,26.9167,0.837,0.1433,0.1433,0.96,3,low,house,gable,False,10,26,4,5
8117,10.9167,26.9167,0.833,0.1433,0.1433,0.32,1,low,house,gable,False,10,26,5,5
8118,11.25,26.25,0.885,0.1433,0.1433,0.64,2,low,house,hip,False,11,26,1,1
8119,11.4167,26.25,0.88,0.1433,0.1433,0.64,2,low,house,gable,False,11,26,2,1
8120,11.5833,26.25,0.875,0.1433,0.1433,0.32,1,low,house,hip,False,11,26,3,1
8121,11.5833,26.4167,0.859,0.1433,0.1433,0.64,2,low,house,gable,False,11,26,3,2
8122,12.5833,26.75,0.788,0.1433,0.1433,0.96,3,low,house,gable,False,12,26,3,4
8123,12.75,26.75,0.781,0.1433,0.1433,0.64,2,low,house,gable,False,12,26,4,4
8124,12.75,26.9167,0.764,0.1433,0.1433,0.32,1,low,house,hip,False,12,26,4,5
8125,12.9167,26.9167,0.756,0.1433,0.1433,0.32,1,low,house,gable,False,12,26,5,5
8126,15.25,26.75,0.649,0.1433,0.1433,0.96,3,low,house,gable,False,15,26,1,4
8127,16.5833,26.75,0.575,0.1433,0.1433,0.64,2,low,house,hip,False,16,26,3,4
8128,18.4167,26.0833,0.548,0.1433,0.1433,0.64,2,low,house,gable,False,18,26,2,0
8129,18.5833,26.0833,0.54,0.1433,0.1433,0.64,2,low,house,hip,False,18,26,3,0
8130,18.75,26.0833,0.533,0.1433,0.1433,0.64,2,low,house,gable,False,18,26,4,0
8131,18.4167,26.25,0.533,0.1433,0.1433,0.64,2,low,house,gable,False,18,26,2,1
8132,18.5833,26.25,0.526,0.1433,0.1433,0.64,2,low,house,gable,False,18,26,3,1
8133,18.5833,26.4167,0.511,0.1433,0.1433,0.64,2,low,house,gable,False,18,26,3,2
8134,19.25,26.5833,0.472,0.1433,0.1433,0.96,3,low,house,gable,False,19,26,1,3
8135,19.4167,26.5833,0.466,0.1433,0.1433,0.96,3,low,house,hip,False,19,26,2,3
8136,19.5833,26.5833,0.461,0.1433,0.1433,0.64,2,low,house,gable,False,19,26,3,3
8137,19.4167,26.75,0.453,0.1433,0.1433,0.64,2,low,house,hip,False,19,26,2,4
8138,21.25,26.25,0.448,0.1433,0.1433,0.96,3,low,house,gable,False,21,26,1,1
8139,21.5833,26.25,0.443,0.1433,0.1433,0.32,1,low,house,gable,False,21,26,3,1
8140,21.0833,26.4167,0.439,0.1433,0.1433,0.32,1,low,house,hip,False,21,26,0,2
8141,21.4167,26.4167,0.435,0.1433,0.1433,0.32,1,low,house,gable,False,21,26,2,2
8142,21.5833,26.4167,0.433,0.1433,0.1433,0.32,1,low,house,gable,False,21,26,3,2
8143,21.75,26.4167,0.431,0.1433,0.1433,0.64,2,low,house,gable,False,21,26,4,2
8144,21.25,26.5833,0.426,0.1433,0.1433,0.32,1,low,house,gable,False,21,26,1,3
8145,21.75,26.5833,0.421,0.1433,0.1433,0.96,3,low,house,gable,False,21,26,4,3
8146,21.0833,26.75,0.417,0.1433,0.1433,0.96,3,low,house,gable,False,21,26,0,4
8147,21.25,26.75,0.415,0.1433,0.1433,0.32,1,low,house,gable,False,21,26,1,4
8148,21.0833,26.9167,0.405,0.1433,0.1433,0.96,3,low,house,gable,False,21,26,0,5
8149,22.4167,26.0833,0.447,0.1433,0.1433,0.96,3,low,house,gable,False,22,26,2,0
8150,22.4167,26.25,0.437,0.1433,0.1433,0.64,2,low,house,gable,False,22,26,2,1
8151,22.5833,26.25,0.437,0.1433,0.1433,0.32,1,low,house,gable,False,22,26,3,1
8152,22.4167,26.4167,0.428,0.1433,0.1433,0.64,2,low,house,gable,False,22,26,2,2
8153,22.5833,26.4167,0.428,0.1433,0.1433,0.96,3,low,house,gable,False,22,26,3,2
8154,22.25,26.5833,0.419,0.1433,0.1433,0.64,2,low,house,gable,False,22,26,1,3
8155,22.25,26.75,0.41,0.1433,0.1433,0.96,3,low,house,gable,False,22,26,1,4
8156,22.4167,26.75,0.41,0.1433,0.1433,0.32,1,low,house,gable,False,22,26,2,4
8157,22.4167,26.9167,0.4,0.1433,0.1433,0.64,2,low,house,hip,False,22,26,2,5
8158,23.0833,26.0833,0.446,0.1433,0.1433,0.32,1,low,house,gable,False,23,26,0,0
8159,23.0833,26.25,0.437,0.1433,0.1433,0.64,2,low,house,hip,False,23,26,0,1
8160,23.25,26.25,0.438,0.1433,0.1433,0.32,1,low,house,gable,False,23,26,1,1
8161,23.25,26.4167,0.43,0.1433,0.1433,0.96,3,low,house,hip,False,23,26,1,2
8162,23.4167,26.4167,0.431,0.1433,0.1433,0.64,2,low,house,hip,False,23,26,2,2
8163,23.0833,26.5833,0.421,0.1433,0.1433,0.64,2,low,house,gable,False,23,26,0,3
8164,23.25,26.5833,0.422,0.1433,0.1433,0.64,2,low,house,gable,False,23,26,1,3
8165,23.25,26.75,0.414,0.1433,0.1433,0.64,2,low,house,gable,False,23,26,1,4
8166,24.4167,26.5833,0.436,0.1433,0.1433,0.32,1,low,house,hip,False,24,26,2,3
8167,25.5833,26.5833,0.457,0.1433,0.1433,0.96,3,low,house,gable,False,25,26,3,3
8168,25.0833,26.75,0.442,0.1433,0.1433,0.96,3,low,house,hip,False,25,26,0,4
8169,25.25,26.75,0.445,0.1433,0.1433,0.32,1,low,house,gable,False,25,26,1,4
8170,25.4167,26.75,0.448,0.1433,0.1433,0.32,1,low,house,hip,False,25,26,2,4
8171,25.5833,26.75,0.452,0.1433,0.1433,0.96,3,low,house,hip,False,25,26,3,4
8172,25.9167,26.75,0.459,0.1433,0.1433,0.96,3,low,house,gable,False,25,26,5,4
8173,25.0833,26.9167,0.436,0.1433,0.1433,0.96,3,low,house,gable,False,25,26,0,5
8174,25.25,26.9167,0.44,0.1433,0.1433,0.64,2,low,house,gable,False,25,26,1,5
8175,25.4167,26.9167,0.443,0.1433,0.1433,0.32,1,low,house,hip,False,25,26,2,5
8176,25.75,26.9167,0.451,0.1433,0.1433,0.64,2,low,house,gable,False,25,26,4,5
8177,25.9167,26.9167,0.455,0.1433,0.1433,0.96,3,low,house,gable,False,25,26,5,5
8178,26.75,26.75,0.476,0.1433,0.1433,0.96,3,low,house,gable,False,26,26,4,4
8179,27.75,26.0833,0.503,0.1433,0.1433,0.96,3,low,house,gable,False,27,26,4,0
8180,27.9167,26.0833,0.505,0.1433,0.1433,0.96,3,low,house,hip,False,27,26,5,0
8181,27.5833,26.25,0.499,0.1433,0.1433,0.64,2,low,house,hip,False,27,26,3,1
8182,27.75,26.25,0.501,0.1433,0.1433,0.96,3,low,house,hip,False,27,26,4,1
8183,27.9167,26.25,0.504,0.1433,0.1433,0.64,2,low,house,hip,False,27,26,5,1
8184,27.75,26.4167,0.5,0.1433,0.1433,0.64,2,low,house,gable,False,27,26,4,2
8185,27.9167,26.4167,0.502,0.1433,0.1433,0.32,1,low,house,gable,False,27,26,5,2
8186,27.9167,26.5833,0.5,0.1433,0.1433,0.96,3,low,house,hip,False,27,26,5,3
8187,0.0833,27.25,0.309,0.1433,0.1433,0.96,3,low,house,gable,False,0,27,0,1
8188,0.25,27.25,0.324,0.1433,0.1433,0.64,2,low,house,gable,False,0,27,1,1
8189,0.0833,27.4167,0.307,0.1433,0.1433,0.96,3,low,house,gable,False,0,27,0,2
8190,0.4167,27.4167,0.337,0.1433,0.1433,0.64,2,low,house,gable,False,0,27,2,2
8191,0.25,27.5833,0.32,0.1433,0.1433,0.32,1,low,house,gable,False,0,27,1,3
8192,0.4167,27.5833,0.334,0.1433,0.1433,0.96,3,low,house,hip,False,0,27,2,3
8193,0.25,27.75,0.318,0.1433,0.1433,0.96,3,low,house,hip,False,0,27,1,4
8194,0.75,27.75,0.361,0.1433,0.1433,0.32,1,low,house,hip,False,0,27,4,4
8195,0.9167,27.75,0.375,0.1433,0.1433,0.32,1,low,house,gable,False,0,27,5,4
8196,0.25,27.9167,0.315,0.1433,0.1433,0.96,3,low,house,hip,False,0,27,1,5
8197,0.4167,27.9167,0.329,0.1433,0.1433,0.96,3,low,house,gable,False,0,27,2,5
8198,0.5833,27.9167,0.344,0.1433,0.1433,0.64,2,low,house,gable,False,0,27,3,5
8199,0.9167,27.9167,0.372,0.1433,0.1433,0.96,3,low,house,hip,False,0,27,5,5
8200,2.25,27.0833,0.505,0.1433,0.1433,0.96,3,low,house,gable,False,2,27,1,0
8201,2.4167,27.0833,0.519,0.1433,0.1433,0.32,1,low,house,gable,False,2,27,2,0
8202,2.25,27.25,0.501,0.1433,0.1433,0.96,3,low,house,gable,False,2,27,1,1
8203,2.0833,27.4167,0.483,0.1433,0.1433,0.32,1,low,house,gable,False,2,27,0,2
8204,2.25,27.4167,0.497,0.1433,0.1433,0.96,3,low,house,gable,False,2,27,1,2
8205,2.4167,27.4167,0.511,0.1433,0.1433,0.96,3,low,house,gable,False,2,27,2,2
8206,2.0833,27.5833,0.479,0.1433,0.1433,0.64,2,low,house,hip,False,2,27,0,3
8207,2.25,27.5833,0.493,0.1433,0.1433,0.64,2,low,house,gable,False,2,27,1,3
8208,2.25,27.75,0.489,0.1433,0.1433,0.64,2,low,house,gable,False,2,27,1,4
8209,4.75,27.0833,0.7,0.1433,0.1433,0.96,3,low,house,gable,False,4,27,4,0
8210,4.5833,27.25,0.682,0.1433,0.1433,0.64,2,low,house,gable,False,4,27,3,1
8211,4.4167,27.4167,0.665,0.1433,0.1433,0.96,3,low,house,gable,False,4,27,2,2
8212,5.5833,27.0833,0.75,0.1433,0.1433,0.96,3,low,house,gable,False,5,27,3,0
8213,7.0833,27.75,0.775,0.1433,0.1433,0.64,2,low,house,hip,False,7,27,0,4
8214,7.0833,27.9167,0.765,0.1433,0.1433,0.96,3,low,house,gable,False,7,27,0,5
8215,7.25,27.9167,0.768,0.1433,0.1433,0.64,2,low,house,hip,False,7,27,1,5
8216,8.5833,27.0833,0.844,0.1433,0.1433,0.32,1,low,house,gable,False,8,27,3,0
8217,8.75,27.0833,0.845,0.1433,0.1433,0.96,3,low,house,gable,False,8,27,4,0
8218,8.75,27.25,0.832,0.1433,0.1433,0.32,1,low,house,hip,False,8,27,4,1
8219,8.9167,27.25,0.833,0.1433,0.1433,0.64,2,low,house,gable,False,8,27,5,1
8220,8.5833,27.75,0.795,0.1433,0.1433,0.96,3,low,house,gable,False,8,27,3,4
8221,8.5833,27.9167,0.783,0.1433,0.1433,0.96,3,low,house,hip,False,8,27,3,5
8222,8.75,27.9167,0.783,0.1433,0.1433,0.96,3,low,house,gable,False,8,27,4,5
8223,10.4167,27.4167,0.802,0.1433,0.1433,0.96,3,low,house,gable,False,10,27,2,2
8224,10.25,27.5833,0.791,0.1433,0.1433,0.64,2,low,house,gable,False,10,27,1,3
8225,10.4167,27.5833,0.787,0.1433,0.1433,0.64,2,low,house,gable,False,10,27,2,3
8226,10.25,27.75,0.777,0.1433,0.1433,0.96,3,low,house,hip,False,10,27,1,4
8227,10.4167,27.75,0.773,0.1433,0.1433,0.32,1,low,house,gable,False,10,27,2,4
8228,10.4167,27.9167,0.759,0.1433,0.1433,0.96,3,low,house,hip,False,10,27,2,5
8229,11.75,27.0833,0.791,0.1433,0.1433,0.32,1,low,house,hip,False,11,27,4,0
8230,11.5833,27.25,0.781,0.1433,0.1433,0.32,1,low,house,gable,False,11,27,3,1
8231,11.75,27.25,0.775,0.1433,0.1433,0.32,1,low,house,gable,False,11,27,4,1
8232,11.9167,27.25,0.768,0.1433,0.1433,0.96,3,low,house,hip,False,11,27,5,1
8233,11.5833,27.4167,0.766,0.1433,0.1433,0.64,2,low,house,gable,False,11,27,3,2
8234,11.75,27.4167,0.76,0.1433,0.1433,0.64,2,low,house,gable,False,11,27,4,2
8235,11.9167,27.4167,0.753,0.1433,0.1433,0.32,1,low,house,gable,False,11,27,5,2
8236,11.75,27.5833,0.744,0.1433,0.1433,0.96,3,low,house,gable,False,11,27,4,3
8237,11.9167,27.5833,0.737,0.1433,0.1433,0.64,2,low,house,gable,False,11,27,5,3
8238,12.4167,27.5833,0.715,0.1433,0.1433,0.32,1,low,house,hip,False,12,27,2,3
8239,12.5833,27.5833,0.708,0.1433,0.1433,0.32,1,low,house,gable,False,12,27,3,3
8240,12.25,27.75,0.707,0.1433,0.1433,0.64,2,low,house,gable,False,12,27,1,4
8241,12.4167,27.75,0.7,0.1433,0.1433,0.32,1,low,house,gable,False,12,27,2,4
8242,12.5833,27.75,0.692,0.1433,0.1433,0.96,3,low,house,hip,False,12,27,3,4
8243,12.0833,27.9167,0.699,0.1433,0.1433,0.32,1,low,house,gable,False,12,27,0,5
8244,12.25,27.9167,0.692,0.1433,0.1433,0.96,3,low,house,gable,False,12,27,1,5
8245,13.4167,27.25,0.699,0.1433,0.1433,0.64,2,low,house,hip,False,13,27,2,1
8246,13.25,27.4167,0.691,0.1433,0.1433,0.64,2,low,house,gable,False,13,27,1,2
8247,13.4167,27.4167,0.682,0.1433,0.1433,0.64,2,low,house,gable,False,13,27,2,2
8248,13.5833,27.4167,0.674,0.1433,0.1433,0.64,2,low,house,hip,False,13,27,3,2
8249,19.0833,27.75,0.381,0.1433,0.1433,0.96,3,low,house,gable,False,19,27,0,4
8250,19.25,27.75,0.376,0.1433,0.1433,0.96,3,low,house,gable,False,19,27,1,4
8251,19.0833,27.9167,0.367,0.1433,0.1433,0.32,1,low,house,hip,False,19,27,0,5
8252,19.25,27.9167,0.363,0.1433,0.1433,0.96,3,low,house,gable,False,19,27,1,5
8253,19.4167,27.9167,0.359,0.1433,0.1433,0.96,3,low,house,hip,False,19,27,2,5
8254,21.75,27.4167,0.37,0.1433,0.1433,0.96,3,low,house,gable,False,21,27,4,2
8255,21.5833,27.5833,0.359,0.1433,0.1433,0.96,3,low,house,gable,False,21,27,3,3
8256,21.75,27.5833,0.359,0.1433,0.1433,0.32,1,low,house,hip,False,21,27,4,3
8257,21.9167,27.5833,0.36,0.1433,0.1433,0.32,1,low,house,gable,False,21,27,5,3
8258,22.4167,27.4167,0.372,0.1433,0.1433,0.64,2,low,house,gable,False,22,27,2,2
8259,22.25,27.5833,0.362,0.1433,0.1433,0.64,2,low,house,gable,False,22,27,1,3
8260,22.4167,27.5833,0.363,0.1433,0.1433,0.96,3,low,house,hip,False,22,27,2,3
8261,23.25,27.75,0.365,0.1433,0.1433,0.64,2,low,house,gable,False,23,27,1,4
8262,23.4167,27.75,0.368,0.1433,0.1433,0.96,3,low,house,gable,False,23,27,2,4
8263,23.0833,27.9167,0.354,0.1433,0.1433,0.96,3,low,house,gable,False,23,27,0,5
8264,23.25,27.9167,0.357,0.1433,0.1433,0.96,3,low,house,gable,False,23,27,1,5
8265,23.4167,27.9167,0.36,0.1433,0.1433,0.64,2,low,house,hip,False,23,27,2,5
8266,23.5833,27.9167,0.363,0.1433,0.1433,0.96,3,low,house,gable,False,23,27,3,5
8267,27.5833,27.0833,0.487,0.1433,0.1433,0.64,2,low,house,gable,False,27,27,3,0
8268,27.4167,27.25,0.481,0.1433,0.1433,0.32,1,low,house,gable,False,27,27,2,1
8269,27.5833,27.25,0.485,0.1433,0.1433,0.32,1,low,house,hip,False,27,27,3,1
8270,27.5833,27.4167,0.482,0.1433,0.1433,0.32,1,low,house,hip,False,27,27,3,2
8271,27.75,27.4167,0.485,0.1433,0.1433,0.32,1,low,house,gable,False,27,27,4,2
8272,27.9167,27.4167,0.489,0.1433,0.1433,0.64,2,low,house,gable,False,27,27,5,2
8273,27.5833,27.5833,0.479,0.1433,0.1433,0.96,3,low,house,gable,False,27,27,3,3
8274,27.75,27.5833,0.482,0.1433,0.1433,0.64,2,low,house,gable,False,27,27,4,3
8275,27.4167,27.75,0.471,0.1433,0.1433,0.96,3,low,house,gable,False,27,27,2,4
8276,27.5833,27.75,0.475,0.1433,0.1433,0.32,1,low,house,gable,False,27,27,3,4
8277,27.5833,27.9167,0.472,0.1433,0.1433,0.64,2,low,house,hip,False,27,27,3,5
8278,2.9167,28.75,0.512,0.1433,0.1433,0.96,3,low,house,hip,False,2,28,5,4
8279,2.4167,28.9167,0.469,0.1433,0.1433,0.64,2,low,house,hip,False,2,28,2,5
8280,2.5833,28.9167,0.481,0.1433,0.1433,0.32,1,low,house,gable,False,2,28,3,5
8281,2.75,28.9167,0.494,0.1433,0.1433,0.64,2,low,house,gable,False,2,28,4,5
8282,2.9167,28.9167,0.506,0.1433,0.1433,0.96,3,low,house,hip,False,2,28,5,5
8283,4.25,28.0833,0.628,0.1433,0.1433,0.96,3,low,house,gable,False,4,28,1,0
8284,4.4167,28.0833,0.638,0.1433,0.1433,0.64,2,low,house,gable,False,4,28,2,0
8285,4.25,28.25,0.621,0.1433,0.1433,0.32,1,low,house,gable,False,4,28,1,1
8286,4.4167,28.4167,0.624,0.1433,0.1433,0.96,3,low,house,hip,False,4,28,2,2
8287,5.0833,28.0833,0.677,0.1433,0.1433,0.64,2,low,house,gable,False,5,28,0,0
8288,5.4167,28.0833,0.694,0.1433,0.1433,0.64,2,low,house,hip,False,5,28,2,0
8289,5.0833,28.25,0.669,0.1433,0.1433,0.32,1,low,house,gable,False,5,28,0,1
8290,5.25,28.25,0.678,0.1433,0.1433,0.32,1,low,house,gable,False,5,28,1,1
8291,5.4167,28.25,0.686,0.1433,0.1433,0.32,1,low,house,gable,False,5,28,2,1
8292,5.0833,28.4167,0.661,0.1433,0.1433,0.96,3,low,house,gable,False,5,28,0,2
8293,5.25,28.4167,0.67,0.1433,0.1433,0.32,1,low,house,hip,False,5,28,1,2
8294,5.5833,28.4167,0.685,0.1433,0.1433,0.64,2,low,house,gable,False,5,28,3,2
8295,5.0833,28.5833,0.653,0.1433,0.1433,0.64,2,low,house,gable,False,5,28,0,3
8296,5.25,28.5833,0.662,0.1433,0.1433,0.64,2,low,house,gable,False,5,28,1,3
8297,3.5833,29.0833,0.545,0.1433,0.1433,0.32,1,low,house,hip,False,3,29,3,0
8298,3.5833,29.25,0.539,0.1433,0.1433,0.64,2,low,house,gable,False,3,29,3,1
8299,3.5833,29.4167,0.532,0.1433,0.1433,0.64,2,low,house,gable,False,3,29,3,2
8300,3.75,29.4167,0.542,0.1433,0.1433,0.32,1,low,house,gable,False,3,29,4,2
8301,3.75,29.5833,0.535,0.1433,0.1433,0.32,1,low,house,hip,False,3,29,4,3
8302,3.9167,29.5833,0.545,0.1433,0.1433,0.32,1,low,house,gable,False,3,29,5,3
